new_name,class,exists,width,height,aspect_ratio,file_size_kb
00001_frog_eye_leaf_spot.jpg,frog_eye_leaf_spot,True,4000,2672,1.4970059880239521,889.8486328125
00002_frog_eye_leaf_spot.jpg,frog_eye_leaf_spot,True,4000,2672,1.4970059880239521,1024.51953125
00003_frog_eye_leaf_spot.jpg,frog_eye_leaf_spot,True,4000,2672,1.4970059880239521,894.1953125
00004_frog_eye_leaf_spot.jpg,frog_eye_leaf_spot,True,4000,2672,1.4970059880239521,892.009765625
00005_frog_eye_leaf_spot.jpg,frog_eye_leaf_spot,True,4000,2672,1.4970059880239521,762.8486328125
00006_frog_eye_leaf_spot.jpg,frog_eye_leaf_spot,True,4000,2672,1.4970059880239521,721.5166015625
00007_frog_eye_leaf_spot.jpg,frog_eye_leaf_spot,True,4000,2672,1.4970059880239521,780.7109375
00008_frog_eye_leaf_spot.jpg,frog_eye_leaf_spot,True,4000,2672,1.4970059880239521,1101.91796875
00009_frog_eye_leaf_spot.jpg,frog_eye_leaf_spot,True,4000,2672,1.4970059880239521,936.8408203125
00010_frog_eye_leaf_spot.jpg,frog_eye_leaf_spot,True,4000,2672,1.4970059880239521,1161.91015625
00011_frog_eye_leaf_spot.jpg,frog_eye_leaf_spot,True,4000,2672,1.4970059880239521,872.1953125
00012_frog_eye_leaf_spot.jpg,frog_eye_leaf_spot,True,4000,2672,1.4970059880239521,886.068359375
00013_frog_eye_leaf_spot.jpg,frog_eye_leaf_spot,True,4000,2672,1.4970059880239521,888.8935546875
00014_frog_eye_leaf_spot.jpg,frog_eye_leaf_spot,True,4000,2672,1.4970059880239521,856.8779296875
00015_frog_eye_leaf_spot.jpg,frog_eye_leaf_spot,True,4000,2672,1.4970059880239521,896.5244140625
00016_frog_eye_leaf_spot.jpg,frog_eye_leaf_spot,True,4000,2672,1.4970059880239521,895.392578125
00017_frog_eye_leaf_spot.jpg,frog_eye_leaf_spot,True,4000,2672,1.4970059880239521,548.8271484375
00018_frog_eye_leaf_spot.jpg,frog_eye_leaf_spot,True,4000,2672,1.4970059880239521,790.611328125
00019_frog_eye_leaf_spot.jpg,frog_eye_leaf_spot,True,4000,2672,1.4970059880239521,862.2080078125
00020_frog_eye_leaf_spot.jpg,frog_eye_leaf_spot,True,4000,2672,1.4970059880239521,1059.8037109375
00021_frog_eye_leaf_spot.jpg,frog_eye_leaf_spot,True,4000,2672,1.4970059880239521,954.0126953125
00022_frog_eye_leaf_spot.jpg,frog_eye_leaf_spot,True,4000,2672,1.4970059880239521,879.1298828125
00023_frog_eye_leaf_spot.jpg,frog_eye_leaf_spot,True,4000,2672,1.4970059880239521,717.185546875
00024_frog_eye_leaf_spot.jpg,frog_eye_leaf_spot,True,4000,2672,1.4970059880239521,872.3837890625
00025_frog_eye_leaf_spot.jpg,frog_eye_leaf_spot,True,4000,2672,1.4970059880239521,883.0244140625
00026_frog_eye_leaf_spot.jpg,frog_eye_leaf_spot,True,4000,2672,1.4970059880239521,970.96875
00027_frog_eye_leaf_spot.jpg,frog_eye_leaf_spot,True,4000,2672,1.4970059880239521,883.435546875
00028_frog_eye_leaf_spot.jpg,frog_eye_leaf_spot,True,4000,2672,1.4970059880239521,709.390625
00029_frog_eye_leaf_spot.jpg,frog_eye_leaf_spot,True,4000,2672,1.4970059880239521,869.251953125
00030_frog_eye_leaf_spot.jpg,frog_eye_leaf_spot,True,4000,2672,1.4970059880239521,990.28515625
00031_frog_eye_leaf_spot.jpg,frog_eye_leaf_spot,True,4000,2672,1.4970059880239521,941.7548828125
00032_frog_eye_leaf_spot.jpg,frog_eye_leaf_spot,True,4000,2672,1.4970059880239521,1062.4921875
00033_frog_eye_leaf_spot.jpg,frog_eye_leaf_spot,True,4000,2672,1.4970059880239521,767.3037109375
00034_frog_eye_leaf_spot.jpg,frog_eye_leaf_spot,True,4000,2672,1.4970059880239521,860.185546875
00035_frog_eye_leaf_spot.jpg,frog_eye_leaf_spot,True,4000,2672,1.4970059880239521,683.2880859375
00036_frog_eye_leaf_spot.jpg,frog_eye_leaf_spot,True,4000,2672,1.4970059880239521,770.8603515625
00037_frog_eye_leaf_spot.jpg,frog_eye_leaf_spot,True,4000,2672,1.4970059880239521,866.001953125
00038_frog_eye_leaf_spot.jpg,frog_eye_leaf_spot,True,4000,2672,1.4970059880239521,979.701171875
00039_frog_eye_leaf_spot.jpg,frog_eye_leaf_spot,True,4000,2672,1.4970059880239521,846.6767578125
00040_frog_eye_leaf_spot.jpg,frog_eye_leaf_spot,True,4000,2672,1.4970059880239521,645.865234375
00041_frog_eye_leaf_spot.jpg,frog_eye_leaf_spot,True,4000,2672,1.4970059880239521,760.6259765625
00042_frog_eye_leaf_spot.jpg,frog_eye_leaf_spot,True,4000,2672,1.4970059880239521,889.8544921875
00043_frog_eye_leaf_spot.jpg,frog_eye_leaf_spot,True,4000,2672,1.4970059880239521,936.091796875
00044_frog_eye_leaf_spot.jpg,frog_eye_leaf_spot,True,4000,2672,1.4970059880239521,1033.806640625
00045_frog_eye_leaf_spot.jpg,frog_eye_leaf_spot,True,4000,2672,1.4970059880239521,723.7275390625
00046_frog_eye_leaf_spot.jpg,frog_eye_leaf_spot,True,4000,2672,1.4970059880239521,789.1416015625
00047_frog_eye_leaf_spot.jpg,frog_eye_leaf_spot,True,4000,2672,1.4970059880239521,784.3056640625
00048_frog_eye_leaf_spot.jpg,frog_eye_leaf_spot,True,4000,2672,1.4970059880239521,1119.0927734375
00049_frog_eye_leaf_spot.jpg,frog_eye_leaf_spot,True,4000,2672,1.4970059880239521,923.361328125
00050_frog_eye_leaf_spot.jpg,frog_eye_leaf_spot,True,4000,2672,1.4970059880239521,773.9013671875
00051_frog_eye_leaf_spot.jpg,frog_eye_leaf_spot,True,4000,2672,1.4970059880239521,816.43359375
00052_frog_eye_leaf_spot.jpg,frog_eye_leaf_spot,True,4000,2672,1.4970059880239521,798.2900390625
00053_frog_eye_leaf_spot.jpg,frog_eye_leaf_spot,True,4000,2672,1.4970059880239521,1004.7646484375
00054_frog_eye_leaf_spot.jpg,frog_eye_leaf_spot,True,4000,2672,1.4970059880239521,874.736328125
00055_frog_eye_leaf_spot.jpg,frog_eye_leaf_spot,True,4000,2672,1.4970059880239521,940.4794921875
00056_frog_eye_leaf_spot.jpg,frog_eye_leaf_spot,True,4000,2672,1.4970059880239521,954.2470703125
00057_frog_eye_leaf_spot.jpg,frog_eye_leaf_spot,True,4000,2672,1.4970059880239521,930.4677734375
00058_frog_eye_leaf_spot.jpg,frog_eye_leaf_spot,True,4000,2672,1.4970059880239521,1037.6201171875
00059_frog_eye_leaf_spot.jpg,frog_eye_leaf_spot,True,4000,2672,1.4970059880239521,972.0302734375
00060_frog_eye_leaf_spot.jpg,frog_eye_leaf_spot,True,4000,2672,1.4970059880239521,885.966796875
00061_frog_eye_leaf_spot.jpg,frog_eye_leaf_spot,True,4000,2672,1.4970059880239521,956.27734375
00062_frog_eye_leaf_spot.jpg,frog_eye_leaf_spot,True,4000,2672,1.4970059880239521,942.4267578125
00063_frog_eye_leaf_spot.jpg,frog_eye_leaf_spot,True,4000,2672,1.4970059880239521,875.095703125
00064_frog_eye_leaf_spot.jpg,frog_eye_leaf_spot,True,4000,2672,1.4970059880239521,926.24609375
00065_frog_eye_leaf_spot.jpg,frog_eye_leaf_spot,True,4000,2672,1.4970059880239521,986.080078125
00066_frog_eye_leaf_spot.jpg,frog_eye_leaf_spot,True,4000,2672,1.4970059880239521,905.0595703125
00067_frog_eye_leaf_spot.jpg,frog_eye_leaf_spot,True,4000,2672,1.4970059880239521,1068.8779296875
00068_frog_eye_leaf_spot.jpg,frog_eye_leaf_spot,True,4000,2672,1.4970059880239521,876.9921875
00069_frog_eye_leaf_spot.jpg,frog_eye_leaf_spot,True,4000,2672,1.4970059880239521,977.2060546875
00070_frog_eye_leaf_spot.jpg,frog_eye_leaf_spot,True,4000,2672,1.4970059880239521,872.8916015625
00071_frog_eye_leaf_spot.jpg,frog_eye_leaf_spot,True,4000,2672,1.4970059880239521,989.62890625
00072_frog_eye_leaf_spot.jpg,frog_eye_leaf_spot,True,4000,2672,1.4970059880239521,786.15234375
00073_frog_eye_leaf_spot.jpg,frog_eye_leaf_spot,True,4000,2672,1.4970059880239521,932.9599609375
00074_frog_eye_leaf_spot.jpg,frog_eye_leaf_spot,True,4000,2672,1.4970059880239521,874.9697265625
00075_frog_eye_leaf_spot.jpg,frog_eye_leaf_spot,True,4000,2672,1.4970059880239521,1102.845703125
00076_frog_eye_leaf_spot.jpg,frog_eye_leaf_spot,True,4000,2672,1.4970059880239521,879.1845703125
00077_frog_eye_leaf_spot.jpg,frog_eye_leaf_spot,True,4000,2672,1.4970059880239521,899.7431640625
00078_frog_eye_leaf_spot.jpg,frog_eye_leaf_spot,True,4000,2672,1.4970059880239521,938.6083984375
00079_frog_eye_leaf_spot.jpg,frog_eye_leaf_spot,True,4000,2672,1.4970059880239521,978.6533203125
00080_frog_eye_leaf_spot.jpg,frog_eye_leaf_spot,True,4000,2672,1.4970059880239521,1129.263671875
00081_frog_eye_leaf_spot.jpg,frog_eye_leaf_spot,True,4000,2672,1.4970059880239521,777.765625
00082_frog_eye_leaf_spot.jpg,frog_eye_leaf_spot,True,4000,2672,1.4970059880239521,747.37890625
00083_frog_eye_leaf_spot.jpg,frog_eye_leaf_spot,True,4000,2672,1.4970059880239521,536.63671875
00084_frog_eye_leaf_spot.jpg,frog_eye_leaf_spot,True,4000,2672,1.4970059880239521,953.65625
00085_frog_eye_leaf_spot.jpg,frog_eye_leaf_spot,True,4000,2672,1.4970059880239521,863.0771484375
00086_frog_eye_leaf_spot.jpg,frog_eye_leaf_spot,True,4000,2672,1.4970059880239521,1028.166015625
00087_frog_eye_leaf_spot.jpg,frog_eye_leaf_spot,True,4000,2672,1.4970059880239521,1031.3720703125
00088_frog_eye_leaf_spot.jpg,frog_eye_leaf_spot,True,4000,2672,1.4970059880239521,986.2138671875
00089_frog_eye_leaf_spot.jpg,frog_eye_leaf_spot,True,4000,2672,1.4970059880239521,921.0712890625
00090_frog_eye_leaf_spot.jpg,frog_eye_leaf_spot,True,4000,2672,1.4970059880239521,940.2158203125
00091_frog_eye_leaf_spot.jpg,frog_eye_leaf_spot,True,4000,2672,1.4970059880239521,815.1533203125
00092_frog_eye_leaf_spot.jpg,frog_eye_leaf_spot,True,4000,2672,1.4970059880239521,812.7255859375
00093_frog_eye_leaf_spot.jpg,frog_eye_leaf_spot,True,4000,2672,1.4970059880239521,994.404296875
00094_frog_eye_leaf_spot.jpg,frog_eye_leaf_spot,True,4000,2672,1.4970059880239521,901.341796875
00095_frog_eye_leaf_spot.jpg,frog_eye_leaf_spot,True,4000,2672,1.4970059880239521,1029.1142578125
00096_frog_eye_leaf_spot.jpg,frog_eye_leaf_spot,True,4000,2672,1.4970059880239521,997.1416015625
00097_frog_eye_leaf_spot.jpg,frog_eye_leaf_spot,True,4000,2672,1.4970059880239521,939.54296875
00098_frog_eye_leaf_spot.jpg,frog_eye_leaf_spot,True,4000,2672,1.4970059880239521,949.8037109375
00099_frog_eye_leaf_spot.jpg,frog_eye_leaf_spot,True,4000,2672,1.4970059880239521,1007.19140625
00100_frog_eye_leaf_spot.jpg,frog_eye_leaf_spot,True,4000,2672,1.4970059880239521,980.9150390625
00101_frog_eye_leaf_spot.jpg,frog_eye_leaf_spot,True,4000,2672,1.4970059880239521,933.6982421875
00102_frog_eye_leaf_spot.jpg,frog_eye_leaf_spot,True,4000,2672,1.4970059880239521,950.6162109375
00103_frog_eye_leaf_spot.jpg,frog_eye_leaf_spot,True,4000,2672,1.4970059880239521,960.857421875
00104_frog_eye_leaf_spot.jpg,frog_eye_leaf_spot,True,4000,2672,1.4970059880239521,821.0615234375
00105_frog_eye_leaf_spot.jpg,frog_eye_leaf_spot,True,4000,2672,1.4970059880239521,884.8916015625
00106_frog_eye_leaf_spot.jpg,frog_eye_leaf_spot,True,4000,2672,1.4970059880239521,1007.8017578125
00107_frog_eye_leaf_spot.jpg,frog_eye_leaf_spot,True,4000,2672,1.4970059880239521,1065.341796875
00108_frog_eye_leaf_spot.jpg,frog_eye_leaf_spot,True,4000,2672,1.4970059880239521,631.525390625
00109_frog_eye_leaf_spot.jpg,frog_eye_leaf_spot,True,4000,2672,1.4970059880239521,921.0283203125
00110_frog_eye_leaf_spot.jpg,frog_eye_leaf_spot,True,4000,2672,1.4970059880239521,1067.66015625
00111_frog_eye_leaf_spot.jpg,frog_eye_leaf_spot,True,4000,2672,1.4970059880239521,1080.33984375
00112_frog_eye_leaf_spot.jpg,frog_eye_leaf_spot,True,4000,2672,1.4970059880239521,919.1826171875
00113_frog_eye_leaf_spot.jpg,frog_eye_leaf_spot,True,4000,2672,1.4970059880239521,1067.841796875
00114_frog_eye_leaf_spot.jpg,frog_eye_leaf_spot,True,4000,2672,1.4970059880239521,959.5712890625
00115_frog_eye_leaf_spot.jpg,frog_eye_leaf_spot,True,4000,2672,1.4970059880239521,816.5166015625
00116_frog_eye_leaf_spot.jpg,frog_eye_leaf_spot,True,4000,2672,1.4970059880239521,792.39453125
00117_frog_eye_leaf_spot.jpg,frog_eye_leaf_spot,True,4000,2672,1.4970059880239521,753.4677734375
00118_frog_eye_leaf_spot.jpg,frog_eye_leaf_spot,True,4000,2672,1.4970059880239521,935.8095703125
00119_frog_eye_leaf_spot.jpg,frog_eye_leaf_spot,True,4000,2672,1.4970059880239521,1000.126953125
00120_frog_eye_leaf_spot.jpg,frog_eye_leaf_spot,True,4000,2672,1.4970059880239521,953.6904296875
00121_frog_eye_leaf_spot.jpg,frog_eye_leaf_spot,True,4000,2672,1.4970059880239521,932.9775390625
00122_frog_eye_leaf_spot.jpg,frog_eye_leaf_spot,True,4000,2672,1.4970059880239521,691.501953125
00123_frog_eye_leaf_spot.jpg,frog_eye_leaf_spot,True,4000,2672,1.4970059880239521,638.73046875
00124_frog_eye_leaf_spot.jpg,frog_eye_leaf_spot,True,4000,2672,1.4970059880239521,949.0263671875
00125_frog_eye_leaf_spot.jpg,frog_eye_leaf_spot,True,4000,2672,1.4970059880239521,925.3544921875
00126_frog_eye_leaf_spot.jpg,frog_eye_leaf_spot,True,4000,2672,1.4970059880239521,868.6435546875
00127_frog_eye_leaf_spot.jpg,frog_eye_leaf_spot,True,4000,2672,1.4970059880239521,748.4736328125
00128_frog_eye_leaf_spot.jpg,frog_eye_leaf_spot,True,4000,2672,1.4970059880239521,1056.6357421875
00129_frog_eye_leaf_spot.jpg,frog_eye_leaf_spot,True,4000,2672,1.4970059880239521,739.568359375
00130_frog_eye_leaf_spot.jpg,frog_eye_leaf_spot,True,4000,2672,1.4970059880239521,937.2587890625
00131_frog_eye_leaf_spot.jpg,frog_eye_leaf_spot,True,4000,2672,1.4970059880239521,627.61328125
00132_frog_eye_leaf_spot.jpg,frog_eye_leaf_spot,True,4000,2672,1.4970059880239521,995.361328125
00133_frog_eye_leaf_spot.jpg,frog_eye_leaf_spot,True,4000,2672,1.4970059880239521,786.94921875
00134_frog_eye_leaf_spot.jpg,frog_eye_leaf_spot,True,4000,2672,1.4970059880239521,926.646484375
00135_frog_eye_leaf_spot.jpg,frog_eye_leaf_spot,True,4000,2672,1.4970059880239521,1040.62109375
00136_frog_eye_leaf_spot.jpg,frog_eye_leaf_spot,True,4000,2672,1.4970059880239521,995.1767578125
00137_frog_eye_leaf_spot.jpg,frog_eye_leaf_spot,True,4000,2672,1.4970059880239521,935.5078125
00138_frog_eye_leaf_spot.jpg,frog_eye_leaf_spot,True,4000,2672,1.4970059880239521,1093.802734375
00139_frog_eye_leaf_spot.jpg,frog_eye_leaf_spot,True,4000,2672,1.4970059880239521,1172.228515625
00140_frog_eye_leaf_spot.jpg,frog_eye_leaf_spot,True,4000,2672,1.4970059880239521,702.6845703125
00141_frog_eye_leaf_spot.jpg,frog_eye_leaf_spot,True,4000,2672,1.4970059880239521,707.2548828125
00142_frog_eye_leaf_spot.jpg,frog_eye_leaf_spot,True,4000,2672,1.4970059880239521,766.2802734375
00143_frog_eye_leaf_spot.jpg,frog_eye_leaf_spot,True,4000,2672,1.4970059880239521,926.3623046875
00144_frog_eye_leaf_spot.jpg,frog_eye_leaf_spot,True,4000,2672,1.4970059880239521,865.611328125
00145_frog_eye_leaf_spot.jpg,frog_eye_leaf_spot,True,4000,2672,1.4970059880239521,985.7060546875
00146_frog_eye_leaf_spot.jpg,frog_eye_leaf_spot,True,4000,2672,1.4970059880239521,943.2138671875
00147_frog_eye_leaf_spot.jpg,frog_eye_leaf_spot,True,4000,2672,1.4970059880239521,958.224609375
00148_frog_eye_leaf_spot.jpg,frog_eye_leaf_spot,True,4000,2672,1.4970059880239521,918.5146484375
00149_frog_eye_leaf_spot.jpg,frog_eye_leaf_spot,True,4000,2672,1.4970059880239521,840.279296875
00150_frog_eye_leaf_spot.jpg,frog_eye_leaf_spot,True,4000,2672,1.4970059880239521,1172.51171875
00151_frog_eye_leaf_spot.jpg,frog_eye_leaf_spot,True,4000,2672,1.4970059880239521,798.0498046875
00152_frog_eye_leaf_spot.jpg,frog_eye_leaf_spot,True,4000,2672,1.4970059880239521,971.6025390625
00153_frog_eye_leaf_spot.jpg,frog_eye_leaf_spot,True,4000,2672,1.4970059880239521,873.1416015625
00154_frog_eye_leaf_spot.jpg,frog_eye_leaf_spot,True,4000,2672,1.4970059880239521,875.658203125
00155_frog_eye_leaf_spot.jpg,frog_eye_leaf_spot,True,4000,2672,1.4970059880239521,845.8330078125
00156_frog_eye_leaf_spot.jpg,frog_eye_leaf_spot,True,4000,2672,1.4970059880239521,732.3134765625
00157_frog_eye_leaf_spot.jpg,frog_eye_leaf_spot,True,4000,2672,1.4970059880239521,737.296875
00158_frog_eye_leaf_spot.jpg,frog_eye_leaf_spot,True,4000,2672,1.4970059880239521,891.6728515625
00159_frog_eye_leaf_spot.jpg,frog_eye_leaf_spot,True,4000,2672,1.4970059880239521,1030.087890625
00160_frog_eye_leaf_spot.jpg,frog_eye_leaf_spot,True,4000,2672,1.4970059880239521,937.1552734375
00161_frog_eye_leaf_spot.jpg,frog_eye_leaf_spot,True,4000,2672,1.4970059880239521,1088.271484375
00162_frog_eye_leaf_spot.jpg,frog_eye_leaf_spot,True,4000,2672,1.4970059880239521,953.9013671875
00163_frog_eye_leaf_spot.jpg,frog_eye_leaf_spot,True,4000,2672,1.4970059880239521,967.8701171875
00164_frog_eye_leaf_spot.jpg,frog_eye_leaf_spot,True,4000,2672,1.4970059880239521,864.1513671875
00165_frog_eye_leaf_spot.jpg,frog_eye_leaf_spot,True,4000,2672,1.4970059880239521,800.236328125
00166_frog_eye_leaf_spot.jpg,frog_eye_leaf_spot,True,4000,2672,1.4970059880239521,734.712890625
00167_frog_eye_leaf_spot.jpg,frog_eye_leaf_spot,True,4000,2672,1.4970059880239521,749.984375
00168_frog_eye_leaf_spot.jpg,frog_eye_leaf_spot,True,4000,2672,1.4970059880239521,898.513671875
00169_frog_eye_leaf_spot.jpg,frog_eye_leaf_spot,True,4000,2672,1.4970059880239521,1013.205078125
00170_frog_eye_leaf_spot.jpg,frog_eye_leaf_spot,True,4000,2672,1.4970059880239521,833.2021484375
00171_frog_eye_leaf_spot.jpg,frog_eye_leaf_spot,True,4000,2672,1.4970059880239521,1122.431640625
00172_frog_eye_leaf_spot.jpg,frog_eye_leaf_spot,True,4000,2672,1.4970059880239521,907.55078125
00173_frog_eye_leaf_spot.jpg,frog_eye_leaf_spot,True,4000,2672,1.4970059880239521,571.8603515625
00174_frog_eye_leaf_spot.jpg,frog_eye_leaf_spot,True,4000,2672,1.4970059880239521,839.296875
00175_frog_eye_leaf_spot.jpg,frog_eye_leaf_spot,True,4000,2672,1.4970059880239521,862.9736328125
00176_frog_eye_leaf_spot.jpg,frog_eye_leaf_spot,True,4000,2672,1.4970059880239521,691.076171875
00177_frog_eye_leaf_spot.jpg,frog_eye_leaf_spot,True,4000,2672,1.4970059880239521,866.9169921875
00178_frog_eye_leaf_spot.jpg,frog_eye_leaf_spot,True,4000,2672,1.4970059880239521,907.6826171875
00179_frog_eye_leaf_spot.jpg,frog_eye_leaf_spot,True,4000,2672,1.4970059880239521,799.5908203125
00180_frog_eye_leaf_spot.jpg,frog_eye_leaf_spot,True,4000,2672,1.4970059880239521,813.83203125
00181_frog_eye_leaf_spot.jpg,frog_eye_leaf_spot,True,4000,2672,1.4970059880239521,784.87109375
00182_frog_eye_leaf_spot.jpg,frog_eye_leaf_spot,True,4000,2672,1.4970059880239521,818.0146484375
00183_frog_eye_leaf_spot.jpg,frog_eye_leaf_spot,True,4000,2672,1.4970059880239521,1050.474609375
00184_frog_eye_leaf_spot.jpg,frog_eye_leaf_spot,True,4000,2672,1.4970059880239521,817.4111328125
00185_frog_eye_leaf_spot.jpg,frog_eye_leaf_spot,True,4000,2672,1.4970059880239521,944.0029296875
00186_frog_eye_leaf_spot.jpg,frog_eye_leaf_spot,True,4000,2672,1.4970059880239521,754.7470703125
00187_frog_eye_leaf_spot.jpg,frog_eye_leaf_spot,True,4000,2672,1.4970059880239521,755.5166015625
00188_frog_eye_leaf_spot.jpg,frog_eye_leaf_spot,True,4000,2672,1.4970059880239521,922.8720703125
00189_frog_eye_leaf_spot.jpg,frog_eye_leaf_spot,True,4000,2672,1.4970059880239521,1040.998046875
00190_frog_eye_leaf_spot.jpg,frog_eye_leaf_spot,True,4000,2672,1.4970059880239521,968.5732421875
00191_frog_eye_leaf_spot.jpg,frog_eye_leaf_spot,True,4000,2672,1.4970059880239521,955.2919921875
00192_frog_eye_leaf_spot.jpg,frog_eye_leaf_spot,True,4000,2672,1.4970059880239521,940.5048828125
00193_frog_eye_leaf_spot.jpg,frog_eye_leaf_spot,True,4000,2672,1.4970059880239521,1001.2841796875
00194_frog_eye_leaf_spot.jpg,frog_eye_leaf_spot,True,4000,2672,1.4970059880239521,1009.095703125
00195_frog_eye_leaf_spot.jpg,frog_eye_leaf_spot,True,4000,2672,1.4970059880239521,912.330078125
00196_frog_eye_leaf_spot.jpg,frog_eye_leaf_spot,True,4000,2672,1.4970059880239521,806.302734375
00197_frog_eye_leaf_spot.jpg,frog_eye_leaf_spot,True,4000,2672,1.4970059880239521,843.8134765625
00198_frog_eye_leaf_spot.jpg,frog_eye_leaf_spot,True,4000,2672,1.4970059880239521,1001.529296875
00199_frog_eye_leaf_spot.jpg,frog_eye_leaf_spot,True,4000,2672,1.4970059880239521,1023.6669921875
00200_frog_eye_leaf_spot.jpg,frog_eye_leaf_spot,True,4000,2672,1.4970059880239521,798.8876953125
00201_frog_eye_leaf_spot.jpg,frog_eye_leaf_spot,True,4000,2672,1.4970059880239521,928.87109375
00202_frog_eye_leaf_spot.jpg,frog_eye_leaf_spot,True,4000,2672,1.4970059880239521,912.654296875
00203_frog_eye_leaf_spot.jpg,frog_eye_leaf_spot,True,4000,2672,1.4970059880239521,660.8310546875
00204_frog_eye_leaf_spot.jpg,frog_eye_leaf_spot,True,4000,2672,1.4970059880239521,692.9345703125
00205_frog_eye_leaf_spot.jpg,frog_eye_leaf_spot,True,4000,2672,1.4970059880239521,877.798828125
00206_frog_eye_leaf_spot.jpg,frog_eye_leaf_spot,True,4000,2672,1.4970059880239521,775.9208984375
00207_frog_eye_leaf_spot.jpg,frog_eye_leaf_spot,True,4000,2672,1.4970059880239521,895.7822265625
00208_frog_eye_leaf_spot.jpg,frog_eye_leaf_spot,True,4000,2672,1.4970059880239521,739.853515625
00209_frog_eye_leaf_spot.jpg,frog_eye_leaf_spot,True,4000,2672,1.4970059880239521,837.8212890625
00210_frog_eye_leaf_spot.jpg,frog_eye_leaf_spot,True,4000,2672,1.4970059880239521,962.2626953125
00211_frog_eye_leaf_spot.jpg,frog_eye_leaf_spot,True,4000,2672,1.4970059880239521,925.3056640625
00212_frog_eye_leaf_spot.jpg,frog_eye_leaf_spot,True,4000,2672,1.4970059880239521,963.9287109375
00213_frog_eye_leaf_spot.jpg,frog_eye_leaf_spot,True,4000,2672,1.4970059880239521,768.7138671875
00214_frog_eye_leaf_spot.jpg,frog_eye_leaf_spot,True,4000,2672,1.4970059880239521,796.8369140625
00215_frog_eye_leaf_spot.jpg,frog_eye_leaf_spot,True,4000,2672,1.4970059880239521,683.7919921875
00216_frog_eye_leaf_spot.jpg,frog_eye_leaf_spot,True,4000,2672,1.4970059880239521,870.078125
00217_frog_eye_leaf_spot.jpg,frog_eye_leaf_spot,True,2592,1728,1.5,257.0205078125
00218_frog_eye_leaf_spot.jpg,frog_eye_leaf_spot,True,4000,2672,1.4970059880239521,650.599609375
00219_frog_eye_leaf_spot.jpg,frog_eye_leaf_spot,True,4000,2672,1.4970059880239521,980.5908203125
00220_frog_eye_leaf_spot.jpg,frog_eye_leaf_spot,True,4000,2672,1.4970059880239521,988.728515625
00221_frog_eye_leaf_spot.jpg,frog_eye_leaf_spot,True,2592,1728,1.5,288.4658203125
00222_frog_eye_leaf_spot.jpg,frog_eye_leaf_spot,True,4000,2672,1.4970059880239521,993.2431640625
00223_frog_eye_leaf_spot.jpg,frog_eye_leaf_spot,True,4000,2672,1.4970059880239521,853.5205078125
00224_frog_eye_leaf_spot.jpg,frog_eye_leaf_spot,True,4000,2672,1.4970059880239521,781.7314453125
00225_frog_eye_leaf_spot.jpg,frog_eye_leaf_spot,True,4000,2672,1.4970059880239521,912.8974609375
00226_frog_eye_leaf_spot.jpg,frog_eye_leaf_spot,True,4000,2672,1.4970059880239521,1007.1787109375
00227_frog_eye_leaf_spot.jpg,frog_eye_leaf_spot,True,4000,2672,1.4970059880239521,774.6357421875
00228_frog_eye_leaf_spot.jpg,frog_eye_leaf_spot,True,4000,2672,1.4970059880239521,970.1552734375
00229_frog_eye_leaf_spot.jpg,frog_eye_leaf_spot,True,4000,2672,1.4970059880239521,954.37109375
00230_frog_eye_leaf_spot.jpg,frog_eye_leaf_spot,True,4000,2672,1.4970059880239521,1082.8095703125
00231_frog_eye_leaf_spot.jpg,frog_eye_leaf_spot,True,4000,2672,1.4970059880239521,900.2490234375
00232_frog_eye_leaf_spot.jpg,frog_eye_leaf_spot,True,4000,2672,1.4970059880239521,927.6279296875
00233_frog_eye_leaf_spot.jpg,frog_eye_leaf_spot,True,4000,2672,1.4970059880239521,609.61328125
00234_frog_eye_leaf_spot.jpg,frog_eye_leaf_spot,True,4000,2672,1.4970059880239521,858.1494140625
00235_frog_eye_leaf_spot.jpg,frog_eye_leaf_spot,True,4000,2672,1.4970059880239521,958.185546875
00236_frog_eye_leaf_spot.jpg,frog_eye_leaf_spot,True,4000,2672,1.4970059880239521,1043.96875
00237_frog_eye_leaf_spot.jpg,frog_eye_leaf_spot,True,4000,2672,1.4970059880239521,976.6953125
00238_frog_eye_leaf_spot.jpg,frog_eye_leaf_spot,True,4000,2672,1.4970059880239521,926.8984375
00239_frog_eye_leaf_spot.jpg,frog_eye_leaf_spot,True,4000,2672,1.4970059880239521,704.54296875
00240_frog_eye_leaf_spot.jpg,frog_eye_leaf_spot,True,4000,2672,1.4970059880239521,964.0986328125
00241_frog_eye_leaf_spot.jpg,frog_eye_leaf_spot,True,4000,2672,1.4970059880239521,922.0205078125
00242_frog_eye_leaf_spot.jpg,frog_eye_leaf_spot,True,4000,2672,1.4970059880239521,956.9052734375
00243_frog_eye_leaf_spot.jpg,frog_eye_leaf_spot,True,4000,2672,1.4970059880239521,865.6767578125
00244_frog_eye_leaf_spot.jpg,frog_eye_leaf_spot,True,4000,2672,1.4970059880239521,811.2607421875
00245_frog_eye_leaf_spot.jpg,frog_eye_leaf_spot,True,4000,2672,1.4970059880239521,897.2236328125
00246_frog_eye_leaf_spot.jpg,frog_eye_leaf_spot,True,4000,2672,1.4970059880239521,908.2197265625
00247_frog_eye_leaf_spot.jpg,frog_eye_leaf_spot,True,4000,2672,1.4970059880239521,978.10546875
00248_frog_eye_leaf_spot.jpg,frog_eye_leaf_spot,True,4000,2672,1.4970059880239521,947.115234375
00249_frog_eye_leaf_spot.jpg,frog_eye_leaf_spot,True,4000,2672,1.4970059880239521,906.03125
00250_frog_eye_leaf_spot.jpg,frog_eye_leaf_spot,True,4000,2672,1.4970059880239521,859.111328125
00251_frog_eye_leaf_spot.jpg,frog_eye_leaf_spot,True,4000,2672,1.4970059880239521,770.3818359375
00252_frog_eye_leaf_spot.jpg,frog_eye_leaf_spot,True,4000,2672,1.4970059880239521,896.8544921875
00253_frog_eye_leaf_spot.jpg,frog_eye_leaf_spot,True,4000,2672,1.4970059880239521,923.220703125
00254_frog_eye_leaf_spot.jpg,frog_eye_leaf_spot,True,2592,1728,1.5,246.6416015625
00255_frog_eye_leaf_spot.jpg,frog_eye_leaf_spot,True,4000,2672,1.4970059880239521,850.4580078125
00256_frog_eye_leaf_spot.jpg,frog_eye_leaf_spot,True,4000,2672,1.4970059880239521,875.8212890625
00257_frog_eye_leaf_spot.jpg,frog_eye_leaf_spot,True,4000,2672,1.4970059880239521,990.0712890625
00258_frog_eye_leaf_spot.jpg,frog_eye_leaf_spot,True,4000,2672,1.4970059880239521,878.8310546875
00259_frog_eye_leaf_spot.jpg,frog_eye_leaf_spot,True,4000,2672,1.4970059880239521,1207.7568359375
00260_frog_eye_leaf_spot.jpg,frog_eye_leaf_spot,True,2592,1728,1.5,325.2333984375
00261_frog_eye_leaf_spot.jpg,frog_eye_leaf_spot,True,4000,2672,1.4970059880239521,856.30859375
00262_frog_eye_leaf_spot.jpg,frog_eye_leaf_spot,True,4000,2672,1.4970059880239521,651.8154296875
00263_frog_eye_leaf_spot.jpg,frog_eye_leaf_spot,True,4000,2672,1.4970059880239521,677.484375
00264_frog_eye_leaf_spot.jpg,frog_eye_leaf_spot,True,4000,2672,1.4970059880239521,776.9326171875
00265_frog_eye_leaf_spot.jpg,frog_eye_leaf_spot,True,4000,2672,1.4970059880239521,791.73828125
00266_frog_eye_leaf_spot.jpg,frog_eye_leaf_spot,True,4000,2672,1.4970059880239521,1118.24609375
00267_frog_eye_leaf_spot.jpg,frog_eye_leaf_spot,True,4000,2672,1.4970059880239521,791.3564453125
00268_frog_eye_leaf_spot.jpg,frog_eye_leaf_spot,True,4000,2672,1.4970059880239521,778.1884765625
00269_frog_eye_leaf_spot.jpg,frog_eye_leaf_spot,True,4000,2672,1.4970059880239521,695.90234375
00270_frog_eye_leaf_spot.jpg,frog_eye_leaf_spot,True,4000,2672,1.4970059880239521,1035.08984375
00271_frog_eye_leaf_spot.jpg,frog_eye_leaf_spot,True,4000,2672,1.4970059880239521,839.9326171875
00272_frog_eye_leaf_spot.jpg,frog_eye_leaf_spot,True,4000,2672,1.4970059880239521,1034.4091796875
00273_frog_eye_leaf_spot.jpg,frog_eye_leaf_spot,True,4000,2672,1.4970059880239521,1084.6474609375
00274_frog_eye_leaf_spot.jpg,frog_eye_leaf_spot,True,4000,2672,1.4970059880239521,676.9365234375
00275_frog_eye_leaf_spot.jpg,frog_eye_leaf_spot,True,4000,2672,1.4970059880239521,556.37890625
00276_frog_eye_leaf_spot.jpg,frog_eye_leaf_spot,True,4000,2672,1.4970059880239521,908.0869140625
00277_frog_eye_leaf_spot.jpg,frog_eye_leaf_spot,True,4000,2672,1.4970059880239521,876.6962890625
00278_frog_eye_leaf_spot.jpg,frog_eye_leaf_spot,True,4000,2672,1.4970059880239521,781.650390625
00279_frog_eye_leaf_spot.jpg,frog_eye_leaf_spot,True,4000,2672,1.4970059880239521,943.1953125
00280_frog_eye_leaf_spot.jpg,frog_eye_leaf_spot,True,4000,2672,1.4970059880239521,1036.7880859375
00281_frog_eye_leaf_spot.jpg,frog_eye_leaf_spot,True,4000,2672,1.4970059880239521,1034.7080078125
00282_frog_eye_leaf_spot.jpg,frog_eye_leaf_spot,True,4000,2672,1.4970059880239521,1296.0986328125
00283_frog_eye_leaf_spot.jpg,frog_eye_leaf_spot,True,4000,2672,1.4970059880239521,963.79296875
00284_frog_eye_leaf_spot.jpg,frog_eye_leaf_spot,True,4000,2672,1.4970059880239521,941.4970703125
00285_frog_eye_leaf_spot.jpg,frog_eye_leaf_spot,True,4000,2672,1.4970059880239521,935.490234375
00286_frog_eye_leaf_spot.jpg,frog_eye_leaf_spot,True,4000,2672,1.4970059880239521,800.5244140625
00287_frog_eye_leaf_spot.jpg,frog_eye_leaf_spot,True,4000,2672,1.4970059880239521,784.927734375
00288_frog_eye_leaf_spot.jpg,frog_eye_leaf_spot,True,4000,2672,1.4970059880239521,946.830078125
00289_frog_eye_leaf_spot.jpg,frog_eye_leaf_spot,True,4000,2672,1.4970059880239521,949.2177734375
00290_frog_eye_leaf_spot.jpg,frog_eye_leaf_spot,True,4000,2672,1.4970059880239521,682.0654296875
00291_frog_eye_leaf_spot.jpg,frog_eye_leaf_spot,True,4000,2672,1.4970059880239521,926.375
00292_frog_eye_leaf_spot.jpg,frog_eye_leaf_spot,True,4000,2672,1.4970059880239521,962.0087890625
00293_frog_eye_leaf_spot.jpg,frog_eye_leaf_spot,True,4000,2672,1.4970059880239521,994.05078125
00294_frog_eye_leaf_spot.jpg,frog_eye_leaf_spot,True,4000,2672,1.4970059880239521,955.94140625
00295_frog_eye_leaf_spot.jpg,frog_eye_leaf_spot,True,4000,2672,1.4970059880239521,963.5537109375
00296_frog_eye_leaf_spot.jpg,frog_eye_leaf_spot,True,4000,2672,1.4970059880239521,1004.8994140625
00297_frog_eye_leaf_spot.jpg,frog_eye_leaf_spot,True,4000,2672,1.4970059880239521,985.9951171875
00298_frog_eye_leaf_spot.jpg,frog_eye_leaf_spot,True,4000,2672,1.4970059880239521,903.498046875
00299_frog_eye_leaf_spot.jpg,frog_eye_leaf_spot,True,4000,2672,1.4970059880239521,783.509765625
00300_frog_eye_leaf_spot.jpg,frog_eye_leaf_spot,True,4000,2672,1.4970059880239521,747.9638671875
00301_frog_eye_leaf_spot.jpg,frog_eye_leaf_spot,True,4000,2672,1.4970059880239521,1058.634765625
00302_frog_eye_leaf_spot.jpg,frog_eye_leaf_spot,True,4000,2672,1.4970059880239521,725.642578125
00303_frog_eye_leaf_spot.jpg,frog_eye_leaf_spot,True,2592,1728,1.5,329.1494140625
00304_frog_eye_leaf_spot.jpg,frog_eye_leaf_spot,True,4000,2672,1.4970059880239521,1101.517578125
00305_frog_eye_leaf_spot.jpg,frog_eye_leaf_spot,True,4000,2672,1.4970059880239521,793.41796875
00306_frog_eye_leaf_spot.jpg,frog_eye_leaf_spot,True,4000,2672,1.4970059880239521,730.1650390625
00307_frog_eye_leaf_spot.jpg,frog_eye_leaf_spot,True,4000,2672,1.4970059880239521,975.30859375
00308_frog_eye_leaf_spot.jpg,frog_eye_leaf_spot,True,4000,2672,1.4970059880239521,1020.6962890625
00309_frog_eye_leaf_spot.jpg,frog_eye_leaf_spot,True,4000,2672,1.4970059880239521,935.716796875
00310_frog_eye_leaf_spot.jpg,frog_eye_leaf_spot,True,4000,2672,1.4970059880239521,898.5244140625
00311_frog_eye_leaf_spot.jpg,frog_eye_leaf_spot,True,4000,2672,1.4970059880239521,858.2646484375
00312_frog_eye_leaf_spot.jpg,frog_eye_leaf_spot,True,4000,2672,1.4970059880239521,621.03125
00313_frog_eye_leaf_spot.jpg,frog_eye_leaf_spot,True,4000,2672,1.4970059880239521,1026.8720703125
00314_frog_eye_leaf_spot.jpg,frog_eye_leaf_spot,True,4000,2672,1.4970059880239521,931.52734375
00315_frog_eye_leaf_spot.jpg,frog_eye_leaf_spot,True,4000,2672,1.4970059880239521,986.86328125
00316_frog_eye_leaf_spot.jpg,frog_eye_leaf_spot,True,4000,2672,1.4970059880239521,963.8994140625
00317_frog_eye_leaf_spot.jpg,frog_eye_leaf_spot,True,4000,2672,1.4970059880239521,689.556640625
00318_frog_eye_leaf_spot.jpg,frog_eye_leaf_spot,True,2592,1728,1.5,238.8330078125
00319_frog_eye_leaf_spot.jpg,frog_eye_leaf_spot,True,4000,2672,1.4970059880239521,1169.6904296875
00320_frog_eye_leaf_spot.jpg,frog_eye_leaf_spot,True,4000,2672,1.4970059880239521,807.0126953125
00321_frog_eye_leaf_spot.jpg,frog_eye_leaf_spot,True,4000,2672,1.4970059880239521,717.8564453125
00322_frog_eye_leaf_spot.jpg,frog_eye_leaf_spot,True,4000,2672,1.4970059880239521,878.3564453125
00323_frog_eye_leaf_spot.jpg,frog_eye_leaf_spot,True,4000,2672,1.4970059880239521,756.009765625
00324_frog_eye_leaf_spot.jpg,frog_eye_leaf_spot,True,4000,2672,1.4970059880239521,1016.2275390625
00325_frog_eye_leaf_spot.jpg,frog_eye_leaf_spot,True,4000,2672,1.4970059880239521,1036.126953125
00326_frog_eye_leaf_spot.jpg,frog_eye_leaf_spot,True,5184,3456,1.5,1238.205078125
00327_frog_eye_leaf_spot.jpg,frog_eye_leaf_spot,True,4000,2672,1.4970059880239521,967.1162109375
00328_frog_eye_leaf_spot.jpg,frog_eye_leaf_spot,True,4000,2672,1.4970059880239521,949.57421875
00329_frog_eye_leaf_spot.jpg,frog_eye_leaf_spot,True,4000,2672,1.4970059880239521,804.20703125
00330_frog_eye_leaf_spot.jpg,frog_eye_leaf_spot,True,4000,2672,1.4970059880239521,1258.3525390625
00331_frog_eye_leaf_spot.jpg,frog_eye_leaf_spot,True,4000,2672,1.4970059880239521,1055.15234375
00332_frog_eye_leaf_spot.jpg,frog_eye_leaf_spot,True,4000,2672,1.4970059880239521,966.7451171875
00333_frog_eye_leaf_spot.jpg,frog_eye_leaf_spot,True,4000,2672,1.4970059880239521,930.7861328125
00334_frog_eye_leaf_spot.jpg,frog_eye_leaf_spot,True,4000,2672,1.4970059880239521,782.486328125
00335_frog_eye_leaf_spot.jpg,frog_eye_leaf_spot,True,4000,2672,1.4970059880239521,967.65625
00336_frog_eye_leaf_spot.jpg,frog_eye_leaf_spot,True,4000,2672,1.4970059880239521,983.2060546875
00337_frog_eye_leaf_spot.jpg,frog_eye_leaf_spot,True,4000,2672,1.4970059880239521,963.5703125
00338_frog_eye_leaf_spot.jpg,frog_eye_leaf_spot,True,4000,2672,1.4970059880239521,968.4326171875
00339_frog_eye_leaf_spot.jpg,frog_eye_leaf_spot,True,4000,2672,1.4970059880239521,940.37890625
00340_frog_eye_leaf_spot.jpg,frog_eye_leaf_spot,True,4000,2672,1.4970059880239521,938.60546875
00341_frog_eye_leaf_spot.jpg,frog_eye_leaf_spot,True,4000,2672,1.4970059880239521,853.1298828125
00342_frog_eye_leaf_spot.jpg,frog_eye_leaf_spot,True,4000,2672,1.4970059880239521,966.8720703125
00343_frog_eye_leaf_spot.jpg,frog_eye_leaf_spot,True,4000,2672,1.4970059880239521,758.58984375
00344_frog_eye_leaf_spot.jpg,frog_eye_leaf_spot,True,4000,2672,1.4970059880239521,870.2265625
00345_frog_eye_leaf_spot.jpg,frog_eye_leaf_spot,True,4000,2672,1.4970059880239521,900.12890625
00346_frog_eye_leaf_spot.jpg,frog_eye_leaf_spot,True,4000,2672,1.4970059880239521,936.3994140625
00347_frog_eye_leaf_spot.jpg,frog_eye_leaf_spot,True,4000,2672,1.4970059880239521,1000.75
00348_frog_eye_leaf_spot.jpg,frog_eye_leaf_spot,True,4000,2672,1.4970059880239521,953.59375
00349_frog_eye_leaf_spot.jpg,frog_eye_leaf_spot,True,4000,2672,1.4970059880239521,875.673828125
00350_frog_eye_leaf_spot.jpg,frog_eye_leaf_spot,True,4000,2672,1.4970059880239521,625.095703125
00351_frog_eye_leaf_spot.jpg,frog_eye_leaf_spot,True,4000,2672,1.4970059880239521,760.9892578125
00352_frog_eye_leaf_spot.jpg,frog_eye_leaf_spot,True,4000,2672,1.4970059880239521,1098.07421875
00353_frog_eye_leaf_spot.jpg,frog_eye_leaf_spot,True,4000,2672,1.4970059880239521,731.48046875
00354_frog_eye_leaf_spot.jpg,frog_eye_leaf_spot,True,4000,2672,1.4970059880239521,769.6533203125
00355_frog_eye_leaf_spot.jpg,frog_eye_leaf_spot,True,4000,2672,1.4970059880239521,1019.8037109375
00356_frog_eye_leaf_spot.jpg,frog_eye_leaf_spot,True,4000,2672,1.4970059880239521,682.4072265625
00357_frog_eye_leaf_spot.jpg,frog_eye_leaf_spot,True,4000,2672,1.4970059880239521,657.7421875
00358_frog_eye_leaf_spot.jpg,frog_eye_leaf_spot,True,4000,2672,1.4970059880239521,796.3076171875
00359_frog_eye_leaf_spot.jpg,frog_eye_leaf_spot,True,4000,2672,1.4970059880239521,1098.5908203125
00360_frog_eye_leaf_spot.jpg,frog_eye_leaf_spot,True,4000,2672,1.4970059880239521,844.3525390625
00361_frog_eye_leaf_spot.jpg,frog_eye_leaf_spot,True,4000,2672,1.4970059880239521,788.3076171875
00362_frog_eye_leaf_spot.jpg,frog_eye_leaf_spot,True,4000,2672,1.4970059880239521,996.6484375
00363_frog_eye_leaf_spot.jpg,frog_eye_leaf_spot,True,4000,2672,1.4970059880239521,893.0302734375
00364_frog_eye_leaf_spot.jpg,frog_eye_leaf_spot,True,4000,2672,1.4970059880239521,725.927734375
00365_frog_eye_leaf_spot.jpg,frog_eye_leaf_spot,True,2592,1728,1.5,222.521484375
00366_frog_eye_leaf_spot.jpg,frog_eye_leaf_spot,True,4000,2672,1.4970059880239521,924.7470703125
00367_frog_eye_leaf_spot.jpg,frog_eye_leaf_spot,True,4000,2672,1.4970059880239521,886.373046875
00368_frog_eye_leaf_spot.jpg,frog_eye_leaf_spot,True,4000,2672,1.4970059880239521,875.1318359375
00369_frog_eye_leaf_spot.jpg,frog_eye_leaf_spot,True,4000,2672,1.4970059880239521,701.0224609375
00370_frog_eye_leaf_spot.jpg,frog_eye_leaf_spot,True,4000,2672,1.4970059880239521,958.7939453125
00371_frog_eye_leaf_spot.jpg,frog_eye_leaf_spot,True,4000,2672,1.4970059880239521,854.1064453125
00372_frog_eye_leaf_spot.jpg,frog_eye_leaf_spot,True,4000,2672,1.4970059880239521,998.4951171875
00373_frog_eye_leaf_spot.jpg,frog_eye_leaf_spot,True,4000,2672,1.4970059880239521,1105.15234375
00374_frog_eye_leaf_spot.jpg,frog_eye_leaf_spot,True,4000,2672,1.4970059880239521,964.0947265625
00375_frog_eye_leaf_spot.jpg,frog_eye_leaf_spot,True,4000,2672,1.4970059880239521,1095.4267578125
00376_frog_eye_leaf_spot.jpg,frog_eye_leaf_spot,True,4000,2672,1.4970059880239521,701.5537109375
00377_frog_eye_leaf_spot.jpg,frog_eye_leaf_spot,True,4000,2672,1.4970059880239521,949.4833984375
00378_frog_eye_leaf_spot.jpg,frog_eye_leaf_spot,True,4000,2672,1.4970059880239521,879.7763671875
00379_frog_eye_leaf_spot.jpg,frog_eye_leaf_spot,True,4000,2672,1.4970059880239521,798.4169921875
00380_frog_eye_leaf_spot.jpg,frog_eye_leaf_spot,True,4000,2672,1.4970059880239521,846.7099609375
00381_frog_eye_leaf_spot.jpg,frog_eye_leaf_spot,True,4000,2672,1.4970059880239521,719.599609375
00382_frog_eye_leaf_spot.jpg,frog_eye_leaf_spot,True,4000,2672,1.4970059880239521,985.388671875
00383_frog_eye_leaf_spot.jpg,frog_eye_leaf_spot,True,4000,2672,1.4970059880239521,820.16015625
00384_frog_eye_leaf_spot.jpg,frog_eye_leaf_spot,True,4000,2672,1.4970059880239521,821.869140625
00385_frog_eye_leaf_spot.jpg,frog_eye_leaf_spot,True,4000,2672,1.4970059880239521,914.3857421875
00386_frog_eye_leaf_spot.jpg,frog_eye_leaf_spot,True,4000,2672,1.4970059880239521,789.9677734375
00387_frog_eye_leaf_spot.jpg,frog_eye_leaf_spot,True,4000,2672,1.4970059880239521,884.6728515625
00388_frog_eye_leaf_spot.jpg,frog_eye_leaf_spot,True,4000,2672,1.4970059880239521,782.845703125
00389_frog_eye_leaf_spot.jpg,frog_eye_leaf_spot,True,4000,2672,1.4970059880239521,920.27734375
00390_frog_eye_leaf_spot.jpg,frog_eye_leaf_spot,True,4000,2672,1.4970059880239521,929.146484375
00391_frog_eye_leaf_spot.jpg,frog_eye_leaf_spot,True,4000,2672,1.4970059880239521,852.474609375
00392_frog_eye_leaf_spot.jpg,frog_eye_leaf_spot,True,4000,2672,1.4970059880239521,873.3505859375
00393_frog_eye_leaf_spot.jpg,frog_eye_leaf_spot,True,4000,2672,1.4970059880239521,789.1845703125
00394_frog_eye_leaf_spot.jpg,frog_eye_leaf_spot,True,4000,2672,1.4970059880239521,675.984375
00395_frog_eye_leaf_spot.jpg,frog_eye_leaf_spot,True,4000,2672,1.4970059880239521,939.037109375
00396_frog_eye_leaf_spot.jpg,frog_eye_leaf_spot,True,4000,2672,1.4970059880239521,921.3564453125
00397_frog_eye_leaf_spot.jpg,frog_eye_leaf_spot,True,4000,2672,1.4970059880239521,764.6123046875
00398_frog_eye_leaf_spot.jpg,frog_eye_leaf_spot,True,4000,2672,1.4970059880239521,843.458984375
00399_frog_eye_leaf_spot.jpg,frog_eye_leaf_spot,True,4000,2672,1.4970059880239521,782.28125
00400_frog_eye_leaf_spot.jpg,frog_eye_leaf_spot,True,4000,2672,1.4970059880239521,696.298828125
00401_frog_eye_leaf_spot.jpg,frog_eye_leaf_spot,True,4000,2672,1.4970059880239521,888.087890625
00402_frog_eye_leaf_spot.jpg,frog_eye_leaf_spot,True,4000,2672,1.4970059880239521,955.8017578125
00403_frog_eye_leaf_spot.jpg,frog_eye_leaf_spot,True,4000,2672,1.4970059880239521,1004.9677734375
00404_frog_eye_leaf_spot.jpg,frog_eye_leaf_spot,True,4000,2672,1.4970059880239521,714.8974609375
00405_frog_eye_leaf_spot.jpg,frog_eye_leaf_spot,True,4000,2672,1.4970059880239521,810.75
00406_frog_eye_leaf_spot.jpg,frog_eye_leaf_spot,True,4000,2672,1.4970059880239521,617.306640625
00407_frog_eye_leaf_spot.jpg,frog_eye_leaf_spot,True,4000,2672,1.4970059880239521,1009.3916015625
00408_frog_eye_leaf_spot.jpg,frog_eye_leaf_spot,True,4000,2672,1.4970059880239521,988.78515625
00409_frog_eye_leaf_spot.jpg,frog_eye_leaf_spot,True,4000,2672,1.4970059880239521,760.9697265625
00410_frog_eye_leaf_spot.jpg,frog_eye_leaf_spot,True,4000,2672,1.4970059880239521,742.6298828125
00411_frog_eye_leaf_spot.jpg,frog_eye_leaf_spot,True,4000,2672,1.4970059880239521,902.8447265625
00412_frog_eye_leaf_spot.jpg,frog_eye_leaf_spot,True,4000,2672,1.4970059880239521,739.5478515625
00413_frog_eye_leaf_spot.jpg,frog_eye_leaf_spot,True,4000,2672,1.4970059880239521,639.2646484375
00414_frog_eye_leaf_spot.jpg,frog_eye_leaf_spot,True,4000,2672,1.4970059880239521,813.4912109375
00415_frog_eye_leaf_spot.jpg,frog_eye_leaf_spot,True,4000,2672,1.4970059880239521,1045.154296875
00416_frog_eye_leaf_spot.jpg,frog_eye_leaf_spot,True,4000,2672,1.4970059880239521,940.349609375
00417_frog_eye_leaf_spot.jpg,frog_eye_leaf_spot,True,4000,2672,1.4970059880239521,999.10546875
00418_frog_eye_leaf_spot.jpg,frog_eye_leaf_spot,True,4000,2672,1.4970059880239521,1157.6015625
00419_frog_eye_leaf_spot.jpg,frog_eye_leaf_spot,True,4000,2672,1.4970059880239521,636.5390625
00420_frog_eye_leaf_spot.jpg,frog_eye_leaf_spot,True,5184,3456,1.5,778.8505859375
00421_frog_eye_leaf_spot.jpg,frog_eye_leaf_spot,True,4000,2672,1.4970059880239521,728.4775390625
00422_frog_eye_leaf_spot.jpg,frog_eye_leaf_spot,True,4000,2672,1.4970059880239521,667.017578125
00423_frog_eye_leaf_spot.jpg,frog_eye_leaf_spot,True,4000,2672,1.4970059880239521,999.724609375
00424_frog_eye_leaf_spot.jpg,frog_eye_leaf_spot,True,4000,2672,1.4970059880239521,957.95703125
00425_frog_eye_leaf_spot.jpg,frog_eye_leaf_spot,True,4000,2672,1.4970059880239521,808.3583984375
00426_frog_eye_leaf_spot.jpg,frog_eye_leaf_spot,True,4000,2672,1.4970059880239521,796.767578125
00427_frog_eye_leaf_spot.jpg,frog_eye_leaf_spot,True,4000,2672,1.4970059880239521,756.8486328125
00428_frog_eye_leaf_spot.jpg,frog_eye_leaf_spot,True,4000,2672,1.4970059880239521,941.462890625
00429_frog_eye_leaf_spot.jpg,frog_eye_leaf_spot,True,4000,2672,1.4970059880239521,945.53515625
00430_frog_eye_leaf_spot.jpg,frog_eye_leaf_spot,True,4000,2672,1.4970059880239521,1002.5361328125
00431_frog_eye_leaf_spot.jpg,frog_eye_leaf_spot,True,4000,2672,1.4970059880239521,592.935546875
00432_frog_eye_leaf_spot.jpg,frog_eye_leaf_spot,True,4000,2672,1.4970059880239521,736.4326171875
00433_frog_eye_leaf_spot.jpg,frog_eye_leaf_spot,True,4000,2672,1.4970059880239521,577.8388671875
00434_frog_eye_leaf_spot.jpg,frog_eye_leaf_spot,True,4000,2672,1.4970059880239521,928.9482421875
00435_frog_eye_leaf_spot.jpg,frog_eye_leaf_spot,True,4000,2672,1.4970059880239521,1038.2333984375
00436_frog_eye_leaf_spot.jpg,frog_eye_leaf_spot,True,4000,2672,1.4970059880239521,799.9404296875
00437_frog_eye_leaf_spot.jpg,frog_eye_leaf_spot,True,4000,2672,1.4970059880239521,998.0302734375
00438_frog_eye_leaf_spot.jpg,frog_eye_leaf_spot,True,4000,2672,1.4970059880239521,698.0673828125
00439_frog_eye_leaf_spot.jpg,frog_eye_leaf_spot,True,4000,2672,1.4970059880239521,962.5595703125
00440_frog_eye_leaf_spot.jpg,frog_eye_leaf_spot,True,4000,2672,1.4970059880239521,925.5634765625
00441_frog_eye_leaf_spot.jpg,frog_eye_leaf_spot,True,4000,2672,1.4970059880239521,830.2744140625
00442_frog_eye_leaf_spot.jpg,frog_eye_leaf_spot,True,4000,2672,1.4970059880239521,885.1953125
00443_frog_eye_leaf_spot.jpg,frog_eye_leaf_spot,True,4000,2672,1.4970059880239521,841.7177734375
00444_frog_eye_leaf_spot.jpg,frog_eye_leaf_spot,True,4000,2672,1.4970059880239521,866.40234375
00445_frog_eye_leaf_spot.jpg,frog_eye_leaf_spot,True,4000,2672,1.4970059880239521,924.90234375
00446_frog_eye_leaf_spot.jpg,frog_eye_leaf_spot,True,4000,2672,1.4970059880239521,1034.8017578125
00447_frog_eye_leaf_spot.jpg,frog_eye_leaf_spot,True,4000,2672,1.4970059880239521,891.435546875
00448_frog_eye_leaf_spot.jpg,frog_eye_leaf_spot,True,4000,2672,1.4970059880239521,796.3681640625
00449_frog_eye_leaf_spot.jpg,frog_eye_leaf_spot,True,4000,2672,1.4970059880239521,698.6513671875
00450_frog_eye_leaf_spot.jpg,frog_eye_leaf_spot,True,4000,2672,1.4970059880239521,804.9208984375
00451_frog_eye_leaf_spot.jpg,frog_eye_leaf_spot,True,4000,2672,1.4970059880239521,700.607421875
00452_frog_eye_leaf_spot.jpg,frog_eye_leaf_spot,True,4000,2672,1.4970059880239521,888.244140625
00453_frog_eye_leaf_spot.jpg,frog_eye_leaf_spot,True,4000,2672,1.4970059880239521,932.08203125
00454_frog_eye_leaf_spot.jpg,frog_eye_leaf_spot,True,4000,2672,1.4970059880239521,912.1171875
00455_frog_eye_leaf_spot.jpg,frog_eye_leaf_spot,True,4000,2672,1.4970059880239521,786.154296875
00456_frog_eye_leaf_spot.jpg,frog_eye_leaf_spot,True,4000,2672,1.4970059880239521,868.1953125
00457_frog_eye_leaf_spot.jpg,frog_eye_leaf_spot,True,4000,2672,1.4970059880239521,714.251953125
00458_frog_eye_leaf_spot.jpg,frog_eye_leaf_spot,True,4000,2672,1.4970059880239521,805.0068359375
00459_frog_eye_leaf_spot.jpg,frog_eye_leaf_spot,True,4000,2672,1.4970059880239521,866.8544921875
00460_frog_eye_leaf_spot.jpg,frog_eye_leaf_spot,True,4000,2672,1.4970059880239521,868.720703125
00461_frog_eye_leaf_spot.jpg,frog_eye_leaf_spot,True,4000,2672,1.4970059880239521,829.7861328125
00462_frog_eye_leaf_spot.jpg,frog_eye_leaf_spot,True,4000,2672,1.4970059880239521,1197.9931640625
00463_frog_eye_leaf_spot.jpg,frog_eye_leaf_spot,True,4000,2672,1.4970059880239521,751.68359375
00464_frog_eye_leaf_spot.jpg,frog_eye_leaf_spot,True,4000,2672,1.4970059880239521,974.88671875
00465_frog_eye_leaf_spot.jpg,frog_eye_leaf_spot,True,4000,2672,1.4970059880239521,858.3466796875
00466_frog_eye_leaf_spot.jpg,frog_eye_leaf_spot,True,4000,2672,1.4970059880239521,1027.0087890625
00467_frog_eye_leaf_spot.jpg,frog_eye_leaf_spot,True,4000,2672,1.4970059880239521,618.568359375
00468_frog_eye_leaf_spot.jpg,frog_eye_leaf_spot,True,4000,2672,1.4970059880239521,912.94921875
00469_frog_eye_leaf_spot.jpg,frog_eye_leaf_spot,True,4000,3000,1.3333333333333333,930.1650390625
00470_frog_eye_leaf_spot.jpg,frog_eye_leaf_spot,True,4000,2672,1.4970059880239521,868.15625
00471_frog_eye_leaf_spot.jpg,frog_eye_leaf_spot,True,4000,2672,1.4970059880239521,805.2900390625
00472_frog_eye_leaf_spot.jpg,frog_eye_leaf_spot,True,4000,2672,1.4970059880239521,908.8134765625
00473_frog_eye_leaf_spot.jpg,frog_eye_leaf_spot,True,4000,2672,1.4970059880239521,1086.1865234375
00474_frog_eye_leaf_spot.jpg,frog_eye_leaf_spot,True,4000,2672,1.4970059880239521,901.4384765625
00475_frog_eye_leaf_spot.jpg,frog_eye_leaf_spot,True,4000,2672,1.4970059880239521,723.078125
00476_frog_eye_leaf_spot.jpg,frog_eye_leaf_spot,True,4000,2672,1.4970059880239521,591.291015625
00477_frog_eye_leaf_spot.jpg,frog_eye_leaf_spot,True,4000,2672,1.4970059880239521,1059.9619140625
00478_frog_eye_leaf_spot.jpg,frog_eye_leaf_spot,True,4000,2672,1.4970059880239521,929.4248046875
00479_frog_eye_leaf_spot.jpg,frog_eye_leaf_spot,True,4000,2672,1.4970059880239521,1038.34765625
00480_frog_eye_leaf_spot.jpg,frog_eye_leaf_spot,True,4000,2672,1.4970059880239521,750.638671875
00481_frog_eye_leaf_spot.jpg,frog_eye_leaf_spot,True,4000,2672,1.4970059880239521,754.6171875
00482_frog_eye_leaf_spot.jpg,frog_eye_leaf_spot,True,4000,2672,1.4970059880239521,956.7978515625
00483_frog_eye_leaf_spot.jpg,frog_eye_leaf_spot,True,4000,2672,1.4970059880239521,805.318359375
00484_frog_eye_leaf_spot.jpg,frog_eye_leaf_spot,True,4000,2672,1.4970059880239521,990.87109375
00485_frog_eye_leaf_spot.jpg,frog_eye_leaf_spot,True,4000,2672,1.4970059880239521,835.5087890625
00486_frog_eye_leaf_spot.jpg,frog_eye_leaf_spot,True,4000,2672,1.4970059880239521,946.205078125
00487_frog_eye_leaf_spot.jpg,frog_eye_leaf_spot,True,4000,2672,1.4970059880239521,1004.26953125
00488_frog_eye_leaf_spot.jpg,frog_eye_leaf_spot,True,4000,2672,1.4970059880239521,824.8515625
00489_frog_eye_leaf_spot.jpg,frog_eye_leaf_spot,True,4000,2672,1.4970059880239521,978.484375
00490_frog_eye_leaf_spot.jpg,frog_eye_leaf_spot,True,4000,2672,1.4970059880239521,877.39453125
00491_frog_eye_leaf_spot.jpg,frog_eye_leaf_spot,True,4000,2672,1.4970059880239521,739.4189453125
00492_frog_eye_leaf_spot.jpg,frog_eye_leaf_spot,True,4000,2672,1.4970059880239521,653.10546875
00493_frog_eye_leaf_spot.jpg,frog_eye_leaf_spot,True,4000,2672,1.4970059880239521,970.296875
00494_frog_eye_leaf_spot.jpg,frog_eye_leaf_spot,True,4000,2672,1.4970059880239521,866.908203125
00495_frog_eye_leaf_spot.jpg,frog_eye_leaf_spot,True,4000,2672,1.4970059880239521,685.91796875
00496_frog_eye_leaf_spot.jpg,frog_eye_leaf_spot,True,4000,2672,1.4970059880239521,783.822265625
00497_frog_eye_leaf_spot.jpg,frog_eye_leaf_spot,True,4000,2672,1.4970059880239521,850.99609375
00498_frog_eye_leaf_spot.jpg,frog_eye_leaf_spot,True,4000,2672,1.4970059880239521,948.0625
00499_frog_eye_leaf_spot.jpg,frog_eye_leaf_spot,True,4000,2672,1.4970059880239521,1001.6357421875
00500_frog_eye_leaf_spot.jpg,frog_eye_leaf_spot,True,4000,2672,1.4970059880239521,881.3408203125
00501_frog_eye_leaf_spot.jpg,frog_eye_leaf_spot,True,4000,2672,1.4970059880239521,946.021484375
00502_frog_eye_leaf_spot.jpg,frog_eye_leaf_spot,True,4000,2672,1.4970059880239521,927.3798828125
00503_frog_eye_leaf_spot.jpg,frog_eye_leaf_spot,True,4000,2672,1.4970059880239521,944.1953125
00504_frog_eye_leaf_spot.jpg,frog_eye_leaf_spot,True,4000,2672,1.4970059880239521,991.978515625
00505_frog_eye_leaf_spot.jpg,frog_eye_leaf_spot,True,4000,2672,1.4970059880239521,800.701171875
00506_frog_eye_leaf_spot.jpg,frog_eye_leaf_spot,True,4000,2672,1.4970059880239521,1006.02734375
00507_frog_eye_leaf_spot.jpg,frog_eye_leaf_spot,True,4000,2672,1.4970059880239521,817.9775390625
00508_frog_eye_leaf_spot.jpg,frog_eye_leaf_spot,True,4000,2672,1.4970059880239521,860.25390625
00509_frog_eye_leaf_spot.jpg,frog_eye_leaf_spot,True,4000,2672,1.4970059880239521,990.6748046875
00510_frog_eye_leaf_spot.jpg,frog_eye_leaf_spot,True,4000,2672,1.4970059880239521,974.51171875
00511_frog_eye_leaf_spot.jpg,frog_eye_leaf_spot,True,4000,2672,1.4970059880239521,998.154296875
00512_frog_eye_leaf_spot.jpg,frog_eye_leaf_spot,True,4000,2672,1.4970059880239521,717.9169921875
00513_frog_eye_leaf_spot.jpg,frog_eye_leaf_spot,True,4000,2672,1.4970059880239521,869.5849609375
00514_frog_eye_leaf_spot.jpg,frog_eye_leaf_spot,True,4000,2672,1.4970059880239521,875.5224609375
00515_frog_eye_leaf_spot.jpg,frog_eye_leaf_spot,True,4000,2672,1.4970059880239521,852.9609375
00516_frog_eye_leaf_spot.jpg,frog_eye_leaf_spot,True,4000,2672,1.4970059880239521,807.6220703125
00517_frog_eye_leaf_spot.jpg,frog_eye_leaf_spot,True,4000,2672,1.4970059880239521,877.486328125
00518_frog_eye_leaf_spot.jpg,frog_eye_leaf_spot,True,4000,2672,1.4970059880239521,872.1865234375
00519_frog_eye_leaf_spot.jpg,frog_eye_leaf_spot,True,4000,2672,1.4970059880239521,748.560546875
00520_frog_eye_leaf_spot.jpg,frog_eye_leaf_spot,True,4000,2672,1.4970059880239521,968.64453125
00521_frog_eye_leaf_spot.jpg,frog_eye_leaf_spot,True,4000,2672,1.4970059880239521,807.9169921875
00522_frog_eye_leaf_spot.jpg,frog_eye_leaf_spot,True,4000,2672,1.4970059880239521,874.9501953125
00523_frog_eye_leaf_spot.jpg,frog_eye_leaf_spot,True,4000,2672,1.4970059880239521,932.9541015625
00524_frog_eye_leaf_spot.jpg,frog_eye_leaf_spot,True,4000,2672,1.4970059880239521,924.857421875
00525_frog_eye_leaf_spot.jpg,frog_eye_leaf_spot,True,4000,2672,1.4970059880239521,1026.9326171875
00526_frog_eye_leaf_spot.jpg,frog_eye_leaf_spot,True,4000,2672,1.4970059880239521,806.3388671875
00527_frog_eye_leaf_spot.jpg,frog_eye_leaf_spot,True,4000,2672,1.4970059880239521,914.861328125
00528_frog_eye_leaf_spot.jpg,frog_eye_leaf_spot,True,4000,2672,1.4970059880239521,793.7490234375
00529_frog_eye_leaf_spot.jpg,frog_eye_leaf_spot,True,5184,3456,1.5,752.875
00530_frog_eye_leaf_spot.jpg,frog_eye_leaf_spot,True,4000,2672,1.4970059880239521,827.3056640625
00531_frog_eye_leaf_spot.jpg,frog_eye_leaf_spot,True,4000,2672,1.4970059880239521,778.103515625
00532_frog_eye_leaf_spot.jpg,frog_eye_leaf_spot,True,4000,2672,1.4970059880239521,815.822265625
00533_frog_eye_leaf_spot.jpg,frog_eye_leaf_spot,True,4000,3000,1.3333333333333333,841.28515625
00534_frog_eye_leaf_spot.jpg,frog_eye_leaf_spot,True,4000,2672,1.4970059880239521,808.486328125
00535_frog_eye_leaf_spot.jpg,frog_eye_leaf_spot,True,4000,2672,1.4970059880239521,902.5732421875
00536_frog_eye_leaf_spot.jpg,frog_eye_leaf_spot,True,4000,2672,1.4970059880239521,956.7578125
00537_frog_eye_leaf_spot.jpg,frog_eye_leaf_spot,True,4000,2672,1.4970059880239521,664.78125
00538_frog_eye_leaf_spot.jpg,frog_eye_leaf_spot,True,4000,2672,1.4970059880239521,983.45703125
00539_frog_eye_leaf_spot.jpg,frog_eye_leaf_spot,True,4000,2672,1.4970059880239521,991.9482421875
00540_frog_eye_leaf_spot.jpg,frog_eye_leaf_spot,True,4000,2672,1.4970059880239521,674.1044921875
00541_frog_eye_leaf_spot.jpg,frog_eye_leaf_spot,True,4000,2672,1.4970059880239521,858.8779296875
00542_frog_eye_leaf_spot.jpg,frog_eye_leaf_spot,True,4000,2672,1.4970059880239521,683.791015625
00543_frog_eye_leaf_spot.jpg,frog_eye_leaf_spot,True,4000,2672,1.4970059880239521,1014.810546875
00544_frog_eye_leaf_spot.jpg,frog_eye_leaf_spot,True,4000,2672,1.4970059880239521,945.3115234375
00545_frog_eye_leaf_spot.jpg,frog_eye_leaf_spot,True,4000,2672,1.4970059880239521,923.046875
00546_frog_eye_leaf_spot.jpg,frog_eye_leaf_spot,True,4000,2672,1.4970059880239521,910.359375
00547_frog_eye_leaf_spot.jpg,frog_eye_leaf_spot,True,4000,2672,1.4970059880239521,920.35546875
00548_frog_eye_leaf_spot.jpg,frog_eye_leaf_spot,True,4000,2672,1.4970059880239521,949.1689453125
00549_frog_eye_leaf_spot.jpg,frog_eye_leaf_spot,True,4000,2672,1.4970059880239521,703.982421875
00550_frog_eye_leaf_spot.jpg,frog_eye_leaf_spot,True,4000,2672,1.4970059880239521,989.26953125
00551_frog_eye_leaf_spot.jpg,frog_eye_leaf_spot,True,4000,2672,1.4970059880239521,878.8603515625
00552_frog_eye_leaf_spot.jpg,frog_eye_leaf_spot,True,4000,2672,1.4970059880239521,944.64453125
00553_frog_eye_leaf_spot.jpg,frog_eye_leaf_spot,True,4000,2672,1.4970059880239521,740.966796875
00554_frog_eye_leaf_spot.jpg,frog_eye_leaf_spot,True,4000,2672,1.4970059880239521,719.7978515625
00555_frog_eye_leaf_spot.jpg,frog_eye_leaf_spot,True,4000,2672,1.4970059880239521,957.0224609375
00556_frog_eye_leaf_spot.jpg,frog_eye_leaf_spot,True,4000,2672,1.4970059880239521,1031.6240234375
00557_frog_eye_leaf_spot.jpg,frog_eye_leaf_spot,True,4000,2672,1.4970059880239521,1054.1064453125
00558_frog_eye_leaf_spot.jpg,frog_eye_leaf_spot,True,4000,2672,1.4970059880239521,940.9169921875
00559_frog_eye_leaf_spot.jpg,frog_eye_leaf_spot,True,4000,2672,1.4970059880239521,828.0888671875
00560_frog_eye_leaf_spot.jpg,frog_eye_leaf_spot,True,4000,2672,1.4970059880239521,793.1962890625
00561_frog_eye_leaf_spot.jpg,frog_eye_leaf_spot,True,4000,2672,1.4970059880239521,812.4267578125
00562_frog_eye_leaf_spot.jpg,frog_eye_leaf_spot,True,4000,2672,1.4970059880239521,959.0048828125
00563_frog_eye_leaf_spot.jpg,frog_eye_leaf_spot,True,4000,2672,1.4970059880239521,877.2724609375
00564_frog_eye_leaf_spot.jpg,frog_eye_leaf_spot,True,4000,2672,1.4970059880239521,917.3095703125
00565_frog_eye_leaf_spot.jpg,frog_eye_leaf_spot,True,4000,2672,1.4970059880239521,764.0732421875
00566_frog_eye_leaf_spot.jpg,frog_eye_leaf_spot,True,4000,2672,1.4970059880239521,760.255859375
00567_frog_eye_leaf_spot.jpg,frog_eye_leaf_spot,True,4000,2672,1.4970059880239521,717.9189453125
00568_frog_eye_leaf_spot.jpg,frog_eye_leaf_spot,True,4000,2672,1.4970059880239521,982.291015625
00569_frog_eye_leaf_spot.jpg,frog_eye_leaf_spot,True,4000,2672,1.4970059880239521,773.34375
00570_frog_eye_leaf_spot.jpg,frog_eye_leaf_spot,True,4000,2672,1.4970059880239521,858.05078125
00571_frog_eye_leaf_spot.jpg,frog_eye_leaf_spot,True,4000,2672,1.4970059880239521,785.5625
00572_frog_eye_leaf_spot.jpg,frog_eye_leaf_spot,True,4000,2672,1.4970059880239521,869.2578125
00573_frog_eye_leaf_spot.jpg,frog_eye_leaf_spot,True,4000,2672,1.4970059880239521,854.904296875
00574_frog_eye_leaf_spot.jpg,frog_eye_leaf_spot,True,4000,2672,1.4970059880239521,823.7900390625
00575_frog_eye_leaf_spot.jpg,frog_eye_leaf_spot,True,4000,2672,1.4970059880239521,766.98046875
00576_frog_eye_leaf_spot.jpg,frog_eye_leaf_spot,True,4000,2672,1.4970059880239521,509.7841796875
00577_frog_eye_leaf_spot.jpg,frog_eye_leaf_spot,True,4000,2672,1.4970059880239521,577.603515625
00578_frog_eye_leaf_spot.jpg,frog_eye_leaf_spot,True,4000,2672,1.4970059880239521,1024.7041015625
00579_frog_eye_leaf_spot.jpg,frog_eye_leaf_spot,True,4000,2672,1.4970059880239521,924.05078125
00580_frog_eye_leaf_spot.jpg,frog_eye_leaf_spot,True,4000,2672,1.4970059880239521,860.0126953125
00581_frog_eye_leaf_spot.jpg,frog_eye_leaf_spot,True,4000,2672,1.4970059880239521,739.1123046875
00582_frog_eye_leaf_spot.jpg,frog_eye_leaf_spot,True,4000,2672,1.4970059880239521,684.66015625
00583_frog_eye_leaf_spot.jpg,frog_eye_leaf_spot,True,4000,2672,1.4970059880239521,892.4130859375
00584_frog_eye_leaf_spot.jpg,frog_eye_leaf_spot,True,4000,2672,1.4970059880239521,968.396484375
00585_frog_eye_leaf_spot.jpg,frog_eye_leaf_spot,True,4000,2672,1.4970059880239521,886.7255859375
00586_frog_eye_leaf_spot.jpg,frog_eye_leaf_spot,True,4000,2672,1.4970059880239521,602.525390625
00587_frog_eye_leaf_spot.jpg,frog_eye_leaf_spot,True,4000,2672,1.4970059880239521,1198.4892578125
00588_frog_eye_leaf_spot.jpg,frog_eye_leaf_spot,True,4000,2672,1.4970059880239521,723.552734375
00589_frog_eye_leaf_spot.jpg,frog_eye_leaf_spot,True,4000,2672,1.4970059880239521,870.75
00590_frog_eye_leaf_spot.jpg,frog_eye_leaf_spot,True,4000,2672,1.4970059880239521,862.1591796875
00591_frog_eye_leaf_spot.jpg,frog_eye_leaf_spot,True,4000,2672,1.4970059880239521,660.8935546875
00592_frog_eye_leaf_spot.jpg,frog_eye_leaf_spot,True,4000,2672,1.4970059880239521,1005.2900390625
00593_frog_eye_leaf_spot.jpg,frog_eye_leaf_spot,True,4000,2672,1.4970059880239521,840.669921875
00594_frog_eye_leaf_spot.jpg,frog_eye_leaf_spot,True,4000,2672,1.4970059880239521,963.3408203125
00595_frog_eye_leaf_spot.jpg,frog_eye_leaf_spot,True,4000,2672,1.4970059880239521,872.97265625
00596_frog_eye_leaf_spot.jpg,frog_eye_leaf_spot,True,4000,2672,1.4970059880239521,847.5986328125
00597_frog_eye_leaf_spot.jpg,frog_eye_leaf_spot,True,4000,2672,1.4970059880239521,887.333984375
00598_frog_eye_leaf_spot.jpg,frog_eye_leaf_spot,True,4000,2672,1.4970059880239521,804.71484375
00599_frog_eye_leaf_spot.jpg,frog_eye_leaf_spot,True,4000,2672,1.4970059880239521,941.3896484375
00600_frog_eye_leaf_spot.jpg,frog_eye_leaf_spot,True,4000,2672,1.4970059880239521,660.7294921875
00601_frog_eye_leaf_spot.jpg,frog_eye_leaf_spot,True,4000,2672,1.4970059880239521,847.7802734375
00602_frog_eye_leaf_spot.jpg,frog_eye_leaf_spot,True,4000,2672,1.4970059880239521,901.46484375
00603_frog_eye_leaf_spot.jpg,frog_eye_leaf_spot,True,4000,2672,1.4970059880239521,1059.4697265625
00604_frog_eye_leaf_spot.jpg,frog_eye_leaf_spot,True,4000,2672,1.4970059880239521,809.650390625
00605_frog_eye_leaf_spot.jpg,frog_eye_leaf_spot,True,4000,2672,1.4970059880239521,958.8046875
00606_frog_eye_leaf_spot.jpg,frog_eye_leaf_spot,True,4000,2672,1.4970059880239521,987.15234375
00607_frog_eye_leaf_spot.jpg,frog_eye_leaf_spot,True,4000,2672,1.4970059880239521,606.39453125
00608_frog_eye_leaf_spot.jpg,frog_eye_leaf_spot,True,4000,2672,1.4970059880239521,1059.408203125
00609_frog_eye_leaf_spot.jpg,frog_eye_leaf_spot,True,4000,2672,1.4970059880239521,885.6572265625
00610_frog_eye_leaf_spot.jpg,frog_eye_leaf_spot,True,4000,2672,1.4970059880239521,1011.2421875
00611_frog_eye_leaf_spot.jpg,frog_eye_leaf_spot,True,4000,2672,1.4970059880239521,950.5283203125
00612_frog_eye_leaf_spot.jpg,frog_eye_leaf_spot,True,4000,2672,1.4970059880239521,934.9794921875
00613_frog_eye_leaf_spot.jpg,frog_eye_leaf_spot,True,4000,2672,1.4970059880239521,1075.89453125
00614_frog_eye_leaf_spot.jpg,frog_eye_leaf_spot,True,4000,2672,1.4970059880239521,999.4580078125
00615_frog_eye_leaf_spot.jpg,frog_eye_leaf_spot,True,4000,2672,1.4970059880239521,1175.6005859375
00616_frog_eye_leaf_spot.jpg,frog_eye_leaf_spot,True,4000,2672,1.4970059880239521,879.9794921875
00617_frog_eye_leaf_spot.jpg,frog_eye_leaf_spot,True,4000,2672,1.4970059880239521,847.248046875
00618_frog_eye_leaf_spot.jpg,frog_eye_leaf_spot,True,4000,2672,1.4970059880239521,1012.3251953125
00619_frog_eye_leaf_spot.jpg,frog_eye_leaf_spot,True,4000,2672,1.4970059880239521,584.990234375
00620_frog_eye_leaf_spot.jpg,frog_eye_leaf_spot,True,4000,2672,1.4970059880239521,1031.689453125
00621_frog_eye_leaf_spot.jpg,frog_eye_leaf_spot,True,4000,2672,1.4970059880239521,934.07421875
00622_frog_eye_leaf_spot.jpg,frog_eye_leaf_spot,True,4000,2672,1.4970059880239521,953.76953125
00623_frog_eye_leaf_spot.jpg,frog_eye_leaf_spot,True,4000,2672,1.4970059880239521,952.6328125
00624_frog_eye_leaf_spot.jpg,frog_eye_leaf_spot,True,4000,2672,1.4970059880239521,789.5390625
00625_frog_eye_leaf_spot.jpg,frog_eye_leaf_spot,True,4000,2672,1.4970059880239521,842.8232421875
00626_frog_eye_leaf_spot.jpg,frog_eye_leaf_spot,True,4000,2672,1.4970059880239521,764.791015625
00627_frog_eye_leaf_spot.jpg,frog_eye_leaf_spot,True,4000,2672,1.4970059880239521,968.4677734375
00628_frog_eye_leaf_spot.jpg,frog_eye_leaf_spot,True,4000,2672,1.4970059880239521,947.97265625
00629_frog_eye_leaf_spot.jpg,frog_eye_leaf_spot,True,4000,2672,1.4970059880239521,677.6396484375
00630_frog_eye_leaf_spot.jpg,frog_eye_leaf_spot,True,4000,2672,1.4970059880239521,866.013671875
00631_frog_eye_leaf_spot.jpg,frog_eye_leaf_spot,True,4000,2672,1.4970059880239521,682.5283203125
00632_frog_eye_leaf_spot.jpg,frog_eye_leaf_spot,True,4000,2672,1.4970059880239521,765.9765625
00633_frog_eye_leaf_spot.jpg,frog_eye_leaf_spot,True,4000,2672,1.4970059880239521,1059.5234375
00634_frog_eye_leaf_spot.jpg,frog_eye_leaf_spot,True,4000,2672,1.4970059880239521,879.08984375
00635_frog_eye_leaf_spot.jpg,frog_eye_leaf_spot,True,4000,2672,1.4970059880239521,927.0966796875
00636_frog_eye_leaf_spot.jpg,frog_eye_leaf_spot,True,4000,2672,1.4970059880239521,925.3232421875
00637_frog_eye_leaf_spot.jpg,frog_eye_leaf_spot,True,4000,2672,1.4970059880239521,1391.9892578125
00638_frog_eye_leaf_spot.jpg,frog_eye_leaf_spot,True,4000,2672,1.4970059880239521,941.0263671875
00639_frog_eye_leaf_spot.jpg,frog_eye_leaf_spot,True,4000,2672,1.4970059880239521,557.3310546875
00640_frog_eye_leaf_spot.jpg,frog_eye_leaf_spot,True,4000,2672,1.4970059880239521,1047.064453125
00641_frog_eye_leaf_spot.jpg,frog_eye_leaf_spot,True,4000,2672,1.4970059880239521,1031.3720703125
00642_frog_eye_leaf_spot.jpg,frog_eye_leaf_spot,True,4000,2672,1.4970059880239521,968.1171875
00643_frog_eye_leaf_spot.jpg,frog_eye_leaf_spot,True,4000,2672,1.4970059880239521,906.4951171875
00644_frog_eye_leaf_spot.jpg,frog_eye_leaf_spot,True,4000,2672,1.4970059880239521,1073.517578125
00645_frog_eye_leaf_spot.jpg,frog_eye_leaf_spot,True,4000,2672,1.4970059880239521,888.5390625
00646_frog_eye_leaf_spot.jpg,frog_eye_leaf_spot,True,4000,2672,1.4970059880239521,860.470703125
00647_frog_eye_leaf_spot.jpg,frog_eye_leaf_spot,True,4000,2672,1.4970059880239521,1056.8076171875
00648_frog_eye_leaf_spot.jpg,frog_eye_leaf_spot,True,4000,2672,1.4970059880239521,1058.1142578125
00649_frog_eye_leaf_spot.jpg,frog_eye_leaf_spot,True,4000,2672,1.4970059880239521,919.5771484375
00650_frog_eye_leaf_spot.jpg,frog_eye_leaf_spot,True,4000,2672,1.4970059880239521,970.53515625
00651_frog_eye_leaf_spot.jpg,frog_eye_leaf_spot,True,4000,2672,1.4970059880239521,868.1875
00652_frog_eye_leaf_spot.jpg,frog_eye_leaf_spot,True,4000,2672,1.4970059880239521,934.6435546875
00653_frog_eye_leaf_spot.jpg,frog_eye_leaf_spot,True,4000,2672,1.4970059880239521,961.5400390625
00654_frog_eye_leaf_spot.jpg,frog_eye_leaf_spot,True,2592,1728,1.5,276.7685546875
00655_frog_eye_leaf_spot.jpg,frog_eye_leaf_spot,True,4000,2672,1.4970059880239521,871.443359375
00656_frog_eye_leaf_spot.jpg,frog_eye_leaf_spot,True,4000,2672,1.4970059880239521,879.2685546875
00657_frog_eye_leaf_spot.jpg,frog_eye_leaf_spot,True,4000,2672,1.4970059880239521,985.9111328125
00658_frog_eye_leaf_spot.jpg,frog_eye_leaf_spot,True,4000,2672,1.4970059880239521,808.9677734375
00659_frog_eye_leaf_spot.jpg,frog_eye_leaf_spot,True,4000,2672,1.4970059880239521,893.2744140625
00660_frog_eye_leaf_spot.jpg,frog_eye_leaf_spot,True,4000,2672,1.4970059880239521,753.2919921875
00661_frog_eye_leaf_spot.jpg,frog_eye_leaf_spot,True,4000,2672,1.4970059880239521,695.5947265625
00662_frog_eye_leaf_spot.jpg,frog_eye_leaf_spot,True,4000,2672,1.4970059880239521,862.60546875
00663_frog_eye_leaf_spot.jpg,frog_eye_leaf_spot,True,4000,2672,1.4970059880239521,723.7373046875
00664_frog_eye_leaf_spot.jpg,frog_eye_leaf_spot,True,4000,2672,1.4970059880239521,915.8896484375
00665_frog_eye_leaf_spot.jpg,frog_eye_leaf_spot,True,4000,2672,1.4970059880239521,880.7060546875
00666_frog_eye_leaf_spot.jpg,frog_eye_leaf_spot,True,4000,2672,1.4970059880239521,878.453125
00667_frog_eye_leaf_spot.jpg,frog_eye_leaf_spot,True,4000,2672,1.4970059880239521,951.6435546875
00668_frog_eye_leaf_spot.jpg,frog_eye_leaf_spot,True,4000,2672,1.4970059880239521,1291.28515625
00669_frog_eye_leaf_spot.jpg,frog_eye_leaf_spot,True,4000,2672,1.4970059880239521,783.365234375
00670_frog_eye_leaf_spot.jpg,frog_eye_leaf_spot,True,4000,2672,1.4970059880239521,959.626953125
00671_frog_eye_leaf_spot.jpg,frog_eye_leaf_spot,True,4000,2672,1.4970059880239521,771.6015625
00672_frog_eye_leaf_spot.jpg,frog_eye_leaf_spot,True,4000,2672,1.4970059880239521,927.771484375
00673_frog_eye_leaf_spot.jpg,frog_eye_leaf_spot,True,2592,1728,1.5,277.83203125
00674_frog_eye_leaf_spot.jpg,frog_eye_leaf_spot,True,4000,2672,1.4970059880239521,1038.91015625
00675_frog_eye_leaf_spot.jpg,frog_eye_leaf_spot,True,4000,2672,1.4970059880239521,798.26171875
00676_frog_eye_leaf_spot.jpg,frog_eye_leaf_spot,True,4000,2672,1.4970059880239521,1018.5888671875
00677_frog_eye_leaf_spot.jpg,frog_eye_leaf_spot,True,4000,2672,1.4970059880239521,871.1708984375
00678_frog_eye_leaf_spot.jpg,frog_eye_leaf_spot,True,4000,2672,1.4970059880239521,945.9169921875
00679_frog_eye_leaf_spot.jpg,frog_eye_leaf_spot,True,4000,2672,1.4970059880239521,860.4921875
00680_frog_eye_leaf_spot.jpg,frog_eye_leaf_spot,True,4000,2672,1.4970059880239521,901.001953125
00681_frog_eye_leaf_spot.jpg,frog_eye_leaf_spot,True,4000,2672,1.4970059880239521,735.49609375
00682_frog_eye_leaf_spot.jpg,frog_eye_leaf_spot,True,4000,2672,1.4970059880239521,729.400390625
00683_frog_eye_leaf_spot.jpg,frog_eye_leaf_spot,True,4000,2672,1.4970059880239521,873.92578125
00684_frog_eye_leaf_spot.jpg,frog_eye_leaf_spot,True,4000,2672,1.4970059880239521,761.96875
00685_frog_eye_leaf_spot.jpg,frog_eye_leaf_spot,True,4000,2672,1.4970059880239521,814.0
00686_frog_eye_leaf_spot.jpg,frog_eye_leaf_spot,True,2592,1728,1.5,259.2119140625
00687_frog_eye_leaf_spot.jpg,frog_eye_leaf_spot,True,4000,2672,1.4970059880239521,813.453125
00688_frog_eye_leaf_spot.jpg,frog_eye_leaf_spot,True,4000,2672,1.4970059880239521,806.7900390625
00689_frog_eye_leaf_spot.jpg,frog_eye_leaf_spot,True,4000,2672,1.4970059880239521,772.328125
00690_frog_eye_leaf_spot.jpg,frog_eye_leaf_spot,True,4000,2672,1.4970059880239521,911.166015625
00691_frog_eye_leaf_spot.jpg,frog_eye_leaf_spot,True,4000,2672,1.4970059880239521,845.5654296875
00692_frog_eye_leaf_spot.jpg,frog_eye_leaf_spot,True,4000,2672,1.4970059880239521,977.8818359375
00693_frog_eye_leaf_spot.jpg,frog_eye_leaf_spot,True,4000,2672,1.4970059880239521,895.8251953125
00694_frog_eye_leaf_spot.jpg,frog_eye_leaf_spot,True,5184,3456,1.5,1327.83203125
00695_frog_eye_leaf_spot.jpg,frog_eye_leaf_spot,True,4000,2672,1.4970059880239521,791.7119140625
00696_frog_eye_leaf_spot.jpg,frog_eye_leaf_spot,True,4000,2672,1.4970059880239521,773.966796875
00697_frog_eye_leaf_spot.jpg,frog_eye_leaf_spot,True,4000,2672,1.4970059880239521,885.69921875
00698_frog_eye_leaf_spot.jpg,frog_eye_leaf_spot,True,4000,2672,1.4970059880239521,1004.27734375
00699_frog_eye_leaf_spot.jpg,frog_eye_leaf_spot,True,4000,2672,1.4970059880239521,968.0302734375
00700_frog_eye_leaf_spot.jpg,frog_eye_leaf_spot,True,4000,2672,1.4970059880239521,905.4228515625
00701_frog_eye_leaf_spot.jpg,frog_eye_leaf_spot,True,4000,2672,1.4970059880239521,961.71484375
00702_frog_eye_leaf_spot.jpg,frog_eye_leaf_spot,True,4000,2672,1.4970059880239521,808.7861328125
00703_frog_eye_leaf_spot.jpg,frog_eye_leaf_spot,True,4000,2672,1.4970059880239521,863.2392578125
00704_frog_eye_leaf_spot.jpg,frog_eye_leaf_spot,True,4000,2672,1.4970059880239521,1034.357421875
00705_frog_eye_leaf_spot.jpg,frog_eye_leaf_spot,True,4000,2672,1.4970059880239521,887.5341796875
00706_frog_eye_leaf_spot.jpg,frog_eye_leaf_spot,True,4000,2672,1.4970059880239521,1005.37890625
00707_frog_eye_leaf_spot.jpg,frog_eye_leaf_spot,True,4000,2672,1.4970059880239521,1001.9140625
00708_frog_eye_leaf_spot.jpg,frog_eye_leaf_spot,True,4000,2672,1.4970059880239521,881.9794921875
00709_frog_eye_leaf_spot.jpg,frog_eye_leaf_spot,True,4000,2672,1.4970059880239521,935.4990234375
00710_frog_eye_leaf_spot.jpg,frog_eye_leaf_spot,True,4000,2672,1.4970059880239521,890.4130859375
00711_frog_eye_leaf_spot.jpg,frog_eye_leaf_spot,True,4000,2672,1.4970059880239521,892.58984375
00712_frog_eye_leaf_spot.jpg,frog_eye_leaf_spot,True,4000,2672,1.4970059880239521,1024.474609375
00713_frog_eye_leaf_spot.jpg,frog_eye_leaf_spot,True,4000,2672,1.4970059880239521,872.58203125
00714_frog_eye_leaf_spot.jpg,frog_eye_leaf_spot,True,4000,2672,1.4970059880239521,1039.169921875
00715_frog_eye_leaf_spot.jpg,frog_eye_leaf_spot,True,4000,2672,1.4970059880239521,1203.73046875
00716_frog_eye_leaf_spot.jpg,frog_eye_leaf_spot,True,4000,2672,1.4970059880239521,949.4677734375
00717_frog_eye_leaf_spot.jpg,frog_eye_leaf_spot,True,4000,2672,1.4970059880239521,1029.3515625
00718_frog_eye_leaf_spot.jpg,frog_eye_leaf_spot,True,4000,2672,1.4970059880239521,804.1337890625
00719_frog_eye_leaf_spot.jpg,frog_eye_leaf_spot,True,4000,2672,1.4970059880239521,1371.248046875
00720_frog_eye_leaf_spot.jpg,frog_eye_leaf_spot,True,4000,2672,1.4970059880239521,1019.90625
00721_frog_eye_leaf_spot.jpg,frog_eye_leaf_spot,True,4000,2672,1.4970059880239521,895.8505859375
00722_frog_eye_leaf_spot.jpg,frog_eye_leaf_spot,True,4000,2672,1.4970059880239521,960.021484375
00723_frog_eye_leaf_spot.jpg,frog_eye_leaf_spot,True,4000,2672,1.4970059880239521,890.75
00724_frog_eye_leaf_spot.jpg,frog_eye_leaf_spot,True,4000,2672,1.4970059880239521,1110.591796875
00725_frog_eye_leaf_spot.jpg,frog_eye_leaf_spot,True,4000,2672,1.4970059880239521,999.244140625
00726_frog_eye_leaf_spot.jpg,frog_eye_leaf_spot,True,4000,2672,1.4970059880239521,586.98828125
00727_frog_eye_leaf_spot.jpg,frog_eye_leaf_spot,True,4000,2672,1.4970059880239521,1028.693359375
00728_frog_eye_leaf_spot.jpg,frog_eye_leaf_spot,True,4000,2672,1.4970059880239521,927.1103515625
00729_frog_eye_leaf_spot.jpg,frog_eye_leaf_spot,True,4000,2672,1.4970059880239521,892.42578125
00730_frog_eye_leaf_spot.jpg,frog_eye_leaf_spot,True,4000,2672,1.4970059880239521,796.4833984375
00731_frog_eye_leaf_spot.jpg,frog_eye_leaf_spot,True,4000,2672,1.4970059880239521,837.2275390625
00732_frog_eye_leaf_spot.jpg,frog_eye_leaf_spot,True,4000,2672,1.4970059880239521,1066.0830078125
00733_frog_eye_leaf_spot.jpg,frog_eye_leaf_spot,True,4000,2672,1.4970059880239521,903.3212890625
00734_frog_eye_leaf_spot.jpg,frog_eye_leaf_spot,True,4000,2672,1.4970059880239521,1245.1953125
00735_frog_eye_leaf_spot.jpg,frog_eye_leaf_spot,True,4000,2672,1.4970059880239521,789.3408203125
00736_frog_eye_leaf_spot.jpg,frog_eye_leaf_spot,True,4000,2672,1.4970059880239521,918.2158203125
00737_frog_eye_leaf_spot.jpg,frog_eye_leaf_spot,True,4000,2672,1.4970059880239521,654.7080078125
00738_frog_eye_leaf_spot.jpg,frog_eye_leaf_spot,True,4000,2672,1.4970059880239521,811.5390625
00739_frog_eye_leaf_spot.jpg,frog_eye_leaf_spot,True,4000,2672,1.4970059880239521,1056.4326171875
00740_frog_eye_leaf_spot.jpg,frog_eye_leaf_spot,True,4000,2672,1.4970059880239521,752.787109375
00741_frog_eye_leaf_spot.jpg,frog_eye_leaf_spot,True,4000,2672,1.4970059880239521,847.681640625
00742_frog_eye_leaf_spot.jpg,frog_eye_leaf_spot,True,4000,2672,1.4970059880239521,936.2373046875
00743_frog_eye_leaf_spot.jpg,frog_eye_leaf_spot,True,4000,2672,1.4970059880239521,714.3837890625
00744_frog_eye_leaf_spot.jpg,frog_eye_leaf_spot,True,4000,2672,1.4970059880239521,645.166015625
00745_frog_eye_leaf_spot.jpg,frog_eye_leaf_spot,True,4000,2672,1.4970059880239521,807.6884765625
00746_frog_eye_leaf_spot.jpg,frog_eye_leaf_spot,True,4000,2672,1.4970059880239521,886.658203125
00747_frog_eye_leaf_spot.jpg,frog_eye_leaf_spot,True,4000,2672,1.4970059880239521,1151.34375
00748_frog_eye_leaf_spot.jpg,frog_eye_leaf_spot,True,4000,2672,1.4970059880239521,984.8935546875
00749_frog_eye_leaf_spot.jpg,frog_eye_leaf_spot,True,4000,2672,1.4970059880239521,1101.623046875
00750_frog_eye_leaf_spot.jpg,frog_eye_leaf_spot,True,4000,2672,1.4970059880239521,891.1025390625
00751_frog_eye_leaf_spot.jpg,frog_eye_leaf_spot,True,4000,2672,1.4970059880239521,868.5849609375
00752_frog_eye_leaf_spot.jpg,frog_eye_leaf_spot,True,4000,2672,1.4970059880239521,760.599609375
00753_frog_eye_leaf_spot.jpg,frog_eye_leaf_spot,True,4000,2672,1.4970059880239521,833.2333984375
00754_frog_eye_leaf_spot.jpg,frog_eye_leaf_spot,True,4000,2672,1.4970059880239521,886.423828125
00755_frog_eye_leaf_spot.jpg,frog_eye_leaf_spot,True,4000,2672,1.4970059880239521,839.7451171875
00756_frog_eye_leaf_spot.jpg,frog_eye_leaf_spot,True,4000,2672,1.4970059880239521,822.0009765625
00757_frog_eye_leaf_spot.jpg,frog_eye_leaf_spot,True,4000,2672,1.4970059880239521,780.5791015625
00758_frog_eye_leaf_spot.jpg,frog_eye_leaf_spot,True,4000,2672,1.4970059880239521,830.595703125
00759_frog_eye_leaf_spot.jpg,frog_eye_leaf_spot,True,4000,2672,1.4970059880239521,729.623046875
00760_frog_eye_leaf_spot.jpg,frog_eye_leaf_spot,True,4000,2672,1.4970059880239521,1014.150390625
00761_frog_eye_leaf_spot.jpg,frog_eye_leaf_spot,True,4000,2672,1.4970059880239521,986.8251953125
00762_frog_eye_leaf_spot.jpg,frog_eye_leaf_spot,True,4000,2672,1.4970059880239521,901.2138671875
00763_frog_eye_leaf_spot.jpg,frog_eye_leaf_spot,True,4000,2672,1.4970059880239521,1086.2314453125
00764_frog_eye_leaf_spot.jpg,frog_eye_leaf_spot,True,4000,2672,1.4970059880239521,949.6591796875
00765_frog_eye_leaf_spot.jpg,frog_eye_leaf_spot,True,4000,2672,1.4970059880239521,697.0693359375
00766_frog_eye_leaf_spot.jpg,frog_eye_leaf_spot,True,4000,2672,1.4970059880239521,995.1845703125
00767_frog_eye_leaf_spot.jpg,frog_eye_leaf_spot,True,4000,2672,1.4970059880239521,739.166015625
00768_frog_eye_leaf_spot.jpg,frog_eye_leaf_spot,True,4000,2672,1.4970059880239521,766.1123046875
00769_frog_eye_leaf_spot.jpg,frog_eye_leaf_spot,True,4000,2672,1.4970059880239521,837.6650390625
00770_frog_eye_leaf_spot.jpg,frog_eye_leaf_spot,True,4000,2672,1.4970059880239521,942.6435546875
00771_frog_eye_leaf_spot.jpg,frog_eye_leaf_spot,True,4000,2672,1.4970059880239521,891.1064453125
00772_frog_eye_leaf_spot.jpg,frog_eye_leaf_spot,True,4000,2672,1.4970059880239521,758.798828125
00773_frog_eye_leaf_spot.jpg,frog_eye_leaf_spot,True,4000,2672,1.4970059880239521,814.5576171875
00774_frog_eye_leaf_spot.jpg,frog_eye_leaf_spot,True,4000,2672,1.4970059880239521,1026.1767578125
00775_frog_eye_leaf_spot.jpg,frog_eye_leaf_spot,True,4000,2672,1.4970059880239521,797.10546875
00776_frog_eye_leaf_spot.jpg,frog_eye_leaf_spot,True,4000,2672,1.4970059880239521,800.0986328125
00777_frog_eye_leaf_spot.jpg,frog_eye_leaf_spot,True,4000,2672,1.4970059880239521,878.5615234375
00778_frog_eye_leaf_spot.jpg,frog_eye_leaf_spot,True,4000,2672,1.4970059880239521,944.96484375
00779_frog_eye_leaf_spot.jpg,frog_eye_leaf_spot,True,4000,2672,1.4970059880239521,821.01953125
00780_frog_eye_leaf_spot.jpg,frog_eye_leaf_spot,True,4000,2672,1.4970059880239521,850.1396484375
00781_frog_eye_leaf_spot.jpg,frog_eye_leaf_spot,True,4000,2672,1.4970059880239521,1068.119140625
00782_frog_eye_leaf_spot.jpg,frog_eye_leaf_spot,True,4000,2672,1.4970059880239521,929.857421875
00783_frog_eye_leaf_spot.jpg,frog_eye_leaf_spot,True,4000,2672,1.4970059880239521,906.001953125
00784_frog_eye_leaf_spot.jpg,frog_eye_leaf_spot,True,4000,2672,1.4970059880239521,691.791015625
00785_frog_eye_leaf_spot.jpg,frog_eye_leaf_spot,True,4000,2672,1.4970059880239521,654.330078125
00786_frog_eye_leaf_spot.jpg,frog_eye_leaf_spot,True,4000,2672,1.4970059880239521,914.2509765625
00787_frog_eye_leaf_spot.jpg,frog_eye_leaf_spot,True,4000,2672,1.4970059880239521,838.0615234375
00788_frog_eye_leaf_spot.jpg,frog_eye_leaf_spot,True,4000,2672,1.4970059880239521,770.2890625
00789_frog_eye_leaf_spot.jpg,frog_eye_leaf_spot,True,4000,2672,1.4970059880239521,1185.2421875
00790_frog_eye_leaf_spot.jpg,frog_eye_leaf_spot,True,4000,2672,1.4970059880239521,702.8701171875
00791_frog_eye_leaf_spot.jpg,frog_eye_leaf_spot,True,4000,2672,1.4970059880239521,945.1611328125
00792_frog_eye_leaf_spot.jpg,frog_eye_leaf_spot,True,4000,2672,1.4970059880239521,933.30859375
00793_frog_eye_leaf_spot.jpg,frog_eye_leaf_spot,True,4000,2672,1.4970059880239521,813.5009765625
00794_frog_eye_leaf_spot.jpg,frog_eye_leaf_spot,True,4000,2672,1.4970059880239521,533.0478515625
00795_frog_eye_leaf_spot.jpg,frog_eye_leaf_spot,True,4000,2672,1.4970059880239521,735.6044921875
00796_frog_eye_leaf_spot.jpg,frog_eye_leaf_spot,True,4000,2672,1.4970059880239521,647.7197265625
00797_frog_eye_leaf_spot.jpg,frog_eye_leaf_spot,True,4000,2672,1.4970059880239521,958.5654296875
00798_frog_eye_leaf_spot.jpg,frog_eye_leaf_spot,True,4000,2672,1.4970059880239521,836.544921875
00799_frog_eye_leaf_spot.jpg,frog_eye_leaf_spot,True,4000,2672,1.4970059880239521,782.1884765625
00800_frog_eye_leaf_spot.jpg,frog_eye_leaf_spot,True,4000,2672,1.4970059880239521,644.796875
00801_frog_eye_leaf_spot.jpg,frog_eye_leaf_spot,True,4000,2672,1.4970059880239521,548.54296875
00802_frog_eye_leaf_spot.jpg,frog_eye_leaf_spot,True,4000,2672,1.4970059880239521,746.4716796875
00803_frog_eye_leaf_spot.jpg,frog_eye_leaf_spot,True,4000,2672,1.4970059880239521,732.041015625
00804_frog_eye_leaf_spot.jpg,frog_eye_leaf_spot,True,4000,2672,1.4970059880239521,867.2548828125
00805_frog_eye_leaf_spot.jpg,frog_eye_leaf_spot,True,4000,2672,1.4970059880239521,900.388671875
00806_frog_eye_leaf_spot.jpg,frog_eye_leaf_spot,True,4000,2672,1.4970059880239521,983.349609375
00807_frog_eye_leaf_spot.jpg,frog_eye_leaf_spot,True,4000,2672,1.4970059880239521,876.50390625
00808_frog_eye_leaf_spot.jpg,frog_eye_leaf_spot,True,4000,2672,1.4970059880239521,994.6298828125
00809_frog_eye_leaf_spot.jpg,frog_eye_leaf_spot,True,4000,2672,1.4970059880239521,812.1064453125
00810_frog_eye_leaf_spot.jpg,frog_eye_leaf_spot,True,4000,2672,1.4970059880239521,735.7890625
00811_frog_eye_leaf_spot.jpg,frog_eye_leaf_spot,True,4000,2672,1.4970059880239521,897.6689453125
00812_frog_eye_leaf_spot.jpg,frog_eye_leaf_spot,True,4000,2672,1.4970059880239521,739.59375
00813_frog_eye_leaf_spot.jpg,frog_eye_leaf_spot,True,4000,2672,1.4970059880239521,877.3935546875
00814_frog_eye_leaf_spot.jpg,frog_eye_leaf_spot,True,4000,2672,1.4970059880239521,864.251953125
00815_frog_eye_leaf_spot.jpg,frog_eye_leaf_spot,True,4000,2672,1.4970059880239521,998.044921875
00816_frog_eye_leaf_spot.jpg,frog_eye_leaf_spot,True,4000,2672,1.4970059880239521,876.8369140625
00817_frog_eye_leaf_spot.jpg,frog_eye_leaf_spot,True,4000,2672,1.4970059880239521,744.4453125
00818_frog_eye_leaf_spot.jpg,frog_eye_leaf_spot,True,4000,2672,1.4970059880239521,791.0400390625
00819_frog_eye_leaf_spot.jpg,frog_eye_leaf_spot,True,4000,2672,1.4970059880239521,851.638671875
00820_frog_eye_leaf_spot.jpg,frog_eye_leaf_spot,True,4000,2672,1.4970059880239521,807.951171875
00821_frog_eye_leaf_spot.jpg,frog_eye_leaf_spot,True,4000,2672,1.4970059880239521,710.26171875
00822_frog_eye_leaf_spot.jpg,frog_eye_leaf_spot,True,4000,2672,1.4970059880239521,1095.884765625
00823_frog_eye_leaf_spot.jpg,frog_eye_leaf_spot,True,4000,2672,1.4970059880239521,829.64453125
00824_frog_eye_leaf_spot.jpg,frog_eye_leaf_spot,True,4000,2672,1.4970059880239521,834.4658203125
00825_frog_eye_leaf_spot.jpg,frog_eye_leaf_spot,True,4000,2672,1.4970059880239521,764.1748046875
00826_frog_eye_leaf_spot.jpg,frog_eye_leaf_spot,True,4000,2672,1.4970059880239521,821.4794921875
00827_frog_eye_leaf_spot.jpg,frog_eye_leaf_spot,True,4000,2672,1.4970059880239521,664.1552734375
00828_frog_eye_leaf_spot.jpg,frog_eye_leaf_spot,True,4000,2672,1.4970059880239521,876.626953125
00829_frog_eye_leaf_spot.jpg,frog_eye_leaf_spot,True,4000,2672,1.4970059880239521,1010.3681640625
00830_frog_eye_leaf_spot.jpg,frog_eye_leaf_spot,True,4000,2672,1.4970059880239521,637.822265625
00831_frog_eye_leaf_spot.jpg,frog_eye_leaf_spot,True,4000,2672,1.4970059880239521,936.427734375
00832_frog_eye_leaf_spot.jpg,frog_eye_leaf_spot,True,4000,2672,1.4970059880239521,889.3984375
00833_frog_eye_leaf_spot.jpg,frog_eye_leaf_spot,True,4000,2672,1.4970059880239521,765.220703125
00834_frog_eye_leaf_spot.jpg,frog_eye_leaf_spot,True,4000,2672,1.4970059880239521,706.955078125
00835_frog_eye_leaf_spot.jpg,frog_eye_leaf_spot,True,4000,2672,1.4970059880239521,765.21484375
00836_frog_eye_leaf_spot.jpg,frog_eye_leaf_spot,True,4000,2672,1.4970059880239521,717.9404296875
00837_frog_eye_leaf_spot.jpg,frog_eye_leaf_spot,True,4000,2672,1.4970059880239521,816.8427734375
00838_frog_eye_leaf_spot.jpg,frog_eye_leaf_spot,True,4000,2672,1.4970059880239521,982.2841796875
00839_frog_eye_leaf_spot.jpg,frog_eye_leaf_spot,True,4000,2672,1.4970059880239521,880.77734375
00840_frog_eye_leaf_spot.jpg,frog_eye_leaf_spot,True,4000,2672,1.4970059880239521,926.4755859375
00841_frog_eye_leaf_spot.jpg,frog_eye_leaf_spot,True,4000,2672,1.4970059880239521,910.8017578125
00842_frog_eye_leaf_spot.jpg,frog_eye_leaf_spot,True,4000,2672,1.4970059880239521,644.72265625
00843_frog_eye_leaf_spot.jpg,frog_eye_leaf_spot,True,4000,2672,1.4970059880239521,902.095703125
00844_frog_eye_leaf_spot.jpg,frog_eye_leaf_spot,True,4000,2672,1.4970059880239521,654.73046875
00845_frog_eye_leaf_spot.jpg,frog_eye_leaf_spot,True,4000,2672,1.4970059880239521,746.5380859375
00846_frog_eye_leaf_spot.jpg,frog_eye_leaf_spot,True,4000,2672,1.4970059880239521,757.142578125
00847_frog_eye_leaf_spot.jpg,frog_eye_leaf_spot,True,4000,2672,1.4970059880239521,593.7841796875
00848_frog_eye_leaf_spot.jpg,frog_eye_leaf_spot,True,4000,2672,1.4970059880239521,772.0625
00849_frog_eye_leaf_spot.jpg,frog_eye_leaf_spot,True,4000,2672,1.4970059880239521,811.544921875
00850_frog_eye_leaf_spot.jpg,frog_eye_leaf_spot,True,4000,2672,1.4970059880239521,788.837890625
00851_frog_eye_leaf_spot.jpg,frog_eye_leaf_spot,True,4000,2672,1.4970059880239521,929.232421875
00852_frog_eye_leaf_spot.jpg,frog_eye_leaf_spot,True,4000,2672,1.4970059880239521,880.9208984375
00853_frog_eye_leaf_spot.jpg,frog_eye_leaf_spot,True,4000,2672,1.4970059880239521,820.79296875
00854_frog_eye_leaf_spot.jpg,frog_eye_leaf_spot,True,4000,2672,1.4970059880239521,751.9150390625
00855_frog_eye_leaf_spot.jpg,frog_eye_leaf_spot,True,4000,2672,1.4970059880239521,794.771484375
00856_frog_eye_leaf_spot.jpg,frog_eye_leaf_spot,True,4000,2672,1.4970059880239521,543.546875
00857_frog_eye_leaf_spot.jpg,frog_eye_leaf_spot,True,4000,2672,1.4970059880239521,725.1689453125
00858_frog_eye_leaf_spot.jpg,frog_eye_leaf_spot,True,4000,2672,1.4970059880239521,1051.9833984375
00859_frog_eye_leaf_spot.jpg,frog_eye_leaf_spot,True,4000,2672,1.4970059880239521,628.5302734375
00860_frog_eye_leaf_spot.jpg,frog_eye_leaf_spot,True,4000,2672,1.4970059880239521,799.6689453125
00861_frog_eye_leaf_spot.jpg,frog_eye_leaf_spot,True,4000,2672,1.4970059880239521,963.2783203125
00862_frog_eye_leaf_spot.jpg,frog_eye_leaf_spot,True,4000,2672,1.4970059880239521,873.0703125
00863_frog_eye_leaf_spot.jpg,frog_eye_leaf_spot,True,4000,2672,1.4970059880239521,693.6796875
00864_frog_eye_leaf_spot.jpg,frog_eye_leaf_spot,True,4000,2672,1.4970059880239521,1125.466796875
00865_frog_eye_leaf_spot.jpg,frog_eye_leaf_spot,True,4000,2672,1.4970059880239521,1129.82421875
00866_frog_eye_leaf_spot.jpg,frog_eye_leaf_spot,True,4000,2672,1.4970059880239521,816.603515625
00867_frog_eye_leaf_spot.jpg,frog_eye_leaf_spot,True,4000,2672,1.4970059880239521,711.1025390625
00868_frog_eye_leaf_spot.jpg,frog_eye_leaf_spot,True,4000,2672,1.4970059880239521,983.716796875
00869_frog_eye_leaf_spot.jpg,frog_eye_leaf_spot,True,4000,2672,1.4970059880239521,998.642578125
00870_frog_eye_leaf_spot.jpg,frog_eye_leaf_spot,True,4000,2672,1.4970059880239521,863.8974609375
00871_frog_eye_leaf_spot.jpg,frog_eye_leaf_spot,True,4000,2672,1.4970059880239521,766.5380859375
00872_frog_eye_leaf_spot.jpg,frog_eye_leaf_spot,True,4000,2672,1.4970059880239521,862.931640625
00873_frog_eye_leaf_spot.jpg,frog_eye_leaf_spot,True,4000,2672,1.4970059880239521,926.037109375
00874_frog_eye_leaf_spot.jpg,frog_eye_leaf_spot,True,4000,2672,1.4970059880239521,808.400390625
00875_frog_eye_leaf_spot.jpg,frog_eye_leaf_spot,True,4000,2672,1.4970059880239521,767.0732421875
00876_frog_eye_leaf_spot.jpg,frog_eye_leaf_spot,True,4000,2672,1.4970059880239521,986.4892578125
00877_frog_eye_leaf_spot.jpg,frog_eye_leaf_spot,True,2592,1728,1.5,383.1015625
00878_frog_eye_leaf_spot.jpg,frog_eye_leaf_spot,True,4000,2672,1.4970059880239521,887.3154296875
00879_frog_eye_leaf_spot.jpg,frog_eye_leaf_spot,True,4000,2672,1.4970059880239521,896.2919921875
00880_frog_eye_leaf_spot.jpg,frog_eye_leaf_spot,True,4000,2672,1.4970059880239521,792.302734375
00881_frog_eye_leaf_spot.jpg,frog_eye_leaf_spot,True,4000,2672,1.4970059880239521,892.2841796875
00882_frog_eye_leaf_spot.jpg,frog_eye_leaf_spot,True,4000,2672,1.4970059880239521,687.5380859375
00883_frog_eye_leaf_spot.jpg,frog_eye_leaf_spot,True,4000,2672,1.4970059880239521,879.369140625
00884_frog_eye_leaf_spot.jpg,frog_eye_leaf_spot,True,4000,2672,1.4970059880239521,983.9462890625
00885_frog_eye_leaf_spot.jpg,frog_eye_leaf_spot,True,4000,2672,1.4970059880239521,777.189453125
00886_frog_eye_leaf_spot.jpg,frog_eye_leaf_spot,True,4000,2672,1.4970059880239521,866.6640625
00887_frog_eye_leaf_spot.jpg,frog_eye_leaf_spot,True,4000,2672,1.4970059880239521,552.8125
00888_frog_eye_leaf_spot.jpg,frog_eye_leaf_spot,True,4000,2672,1.4970059880239521,696.689453125
00889_frog_eye_leaf_spot.jpg,frog_eye_leaf_spot,True,4000,2672,1.4970059880239521,778.837890625
00890_frog_eye_leaf_spot.jpg,frog_eye_leaf_spot,True,4000,2672,1.4970059880239521,809.97265625
00891_frog_eye_leaf_spot.jpg,frog_eye_leaf_spot,True,4000,2672,1.4970059880239521,767.16015625
00892_frog_eye_leaf_spot.jpg,frog_eye_leaf_spot,True,4000,2672,1.4970059880239521,862.2265625
00893_frog_eye_leaf_spot.jpg,frog_eye_leaf_spot,True,4000,2672,1.4970059880239521,730.1640625
00894_frog_eye_leaf_spot.jpg,frog_eye_leaf_spot,True,4000,2672,1.4970059880239521,846.779296875
00895_frog_eye_leaf_spot.jpg,frog_eye_leaf_spot,True,4000,2672,1.4970059880239521,842.3505859375
00896_frog_eye_leaf_spot.jpg,frog_eye_leaf_spot,True,4000,2672,1.4970059880239521,785.2119140625
00897_frog_eye_leaf_spot.jpg,frog_eye_leaf_spot,True,4000,2672,1.4970059880239521,638.0263671875
00898_frog_eye_leaf_spot.jpg,frog_eye_leaf_spot,True,4000,2672,1.4970059880239521,947.5224609375
00899_frog_eye_leaf_spot.jpg,frog_eye_leaf_spot,True,4000,2672,1.4970059880239521,703.3681640625
00900_frog_eye_leaf_spot.jpg,frog_eye_leaf_spot,True,4000,2672,1.4970059880239521,872.017578125
00901_frog_eye_leaf_spot.jpg,frog_eye_leaf_spot,True,4000,2672,1.4970059880239521,983.6484375
00902_frog_eye_leaf_spot.jpg,frog_eye_leaf_spot,True,4000,2672,1.4970059880239521,718.0849609375
00903_frog_eye_leaf_spot.jpg,frog_eye_leaf_spot,True,4000,2672,1.4970059880239521,794.87890625
00904_frog_eye_leaf_spot.jpg,frog_eye_leaf_spot,True,4000,2672,1.4970059880239521,795.861328125
00905_frog_eye_leaf_spot.jpg,frog_eye_leaf_spot,True,4000,2672,1.4970059880239521,1007.3291015625
00906_frog_eye_leaf_spot.jpg,frog_eye_leaf_spot,True,4000,2672,1.4970059880239521,930.572265625
00907_frog_eye_leaf_spot.jpg,frog_eye_leaf_spot,True,4000,2672,1.4970059880239521,860.814453125
00908_frog_eye_leaf_spot.jpg,frog_eye_leaf_spot,True,4000,2672,1.4970059880239521,859.8271484375
00909_frog_eye_leaf_spot.jpg,frog_eye_leaf_spot,True,4000,2672,1.4970059880239521,736.2021484375
00910_frog_eye_leaf_spot.jpg,frog_eye_leaf_spot,True,4000,2672,1.4970059880239521,767.3583984375
00911_frog_eye_leaf_spot.jpg,frog_eye_leaf_spot,True,4000,2672,1.4970059880239521,683.2724609375
00912_frog_eye_leaf_spot.jpg,frog_eye_leaf_spot,True,4000,2672,1.4970059880239521,738.470703125
00913_frog_eye_leaf_spot.jpg,frog_eye_leaf_spot,True,4000,2672,1.4970059880239521,805.5166015625
00914_frog_eye_leaf_spot.jpg,frog_eye_leaf_spot,True,4000,2672,1.4970059880239521,987.373046875
00915_frog_eye_leaf_spot.jpg,frog_eye_leaf_spot,True,4000,2672,1.4970059880239521,846.701171875
00916_frog_eye_leaf_spot.jpg,frog_eye_leaf_spot,True,4000,2672,1.4970059880239521,672.6005859375
00917_frog_eye_leaf_spot.jpg,frog_eye_leaf_spot,True,4000,2672,1.4970059880239521,741.916015625
00918_frog_eye_leaf_spot.jpg,frog_eye_leaf_spot,True,4000,2672,1.4970059880239521,577.9560546875
00919_frog_eye_leaf_spot.jpg,frog_eye_leaf_spot,True,4000,2672,1.4970059880239521,894.59765625
00920_frog_eye_leaf_spot.jpg,frog_eye_leaf_spot,True,4000,2672,1.4970059880239521,886.3095703125
00921_frog_eye_leaf_spot.jpg,frog_eye_leaf_spot,True,4000,2672,1.4970059880239521,817.486328125
00922_frog_eye_leaf_spot.jpg,frog_eye_leaf_spot,True,4000,2672,1.4970059880239521,746.5439453125
00923_frog_eye_leaf_spot.jpg,frog_eye_leaf_spot,True,4000,2672,1.4970059880239521,799.3134765625
00924_frog_eye_leaf_spot.jpg,frog_eye_leaf_spot,True,4000,2672,1.4970059880239521,758.537109375
00925_frog_eye_leaf_spot.jpg,frog_eye_leaf_spot,True,4000,2672,1.4970059880239521,722.115234375
00926_frog_eye_leaf_spot.jpg,frog_eye_leaf_spot,True,4000,2672,1.4970059880239521,792.259765625
00927_frog_eye_leaf_spot.jpg,frog_eye_leaf_spot,True,4000,2672,1.4970059880239521,1000.8720703125
00928_frog_eye_leaf_spot.jpg,frog_eye_leaf_spot,True,4000,2672,1.4970059880239521,655.6533203125
00929_frog_eye_leaf_spot.jpg,frog_eye_leaf_spot,True,4000,2672,1.4970059880239521,1028.18359375
00930_frog_eye_leaf_spot.jpg,frog_eye_leaf_spot,True,4000,2672,1.4970059880239521,789.4111328125
00931_frog_eye_leaf_spot.jpg,frog_eye_leaf_spot,True,4000,2672,1.4970059880239521,533.662109375
00932_frog_eye_leaf_spot.jpg,frog_eye_leaf_spot,True,4000,2672,1.4970059880239521,961.263671875
00933_frog_eye_leaf_spot.jpg,frog_eye_leaf_spot,True,4000,2672,1.4970059880239521,954.7490234375
00934_frog_eye_leaf_spot.jpg,frog_eye_leaf_spot,True,4000,2672,1.4970059880239521,731.1962890625
00935_frog_eye_leaf_spot.jpg,frog_eye_leaf_spot,True,4000,2672,1.4970059880239521,789.6494140625
00936_frog_eye_leaf_spot.jpg,frog_eye_leaf_spot,True,4000,2672,1.4970059880239521,715.4013671875
00937_frog_eye_leaf_spot.jpg,frog_eye_leaf_spot,True,4000,2672,1.4970059880239521,1017.0771484375
00938_frog_eye_leaf_spot.jpg,frog_eye_leaf_spot,True,4000,2672,1.4970059880239521,876.7724609375
00939_frog_eye_leaf_spot.jpg,frog_eye_leaf_spot,True,4000,2672,1.4970059880239521,607.982421875
00940_frog_eye_leaf_spot.jpg,frog_eye_leaf_spot,True,4000,2672,1.4970059880239521,712.3369140625
00941_frog_eye_leaf_spot.jpg,frog_eye_leaf_spot,True,4000,2672,1.4970059880239521,821.8662109375
00942_frog_eye_leaf_spot.jpg,frog_eye_leaf_spot,True,4000,2672,1.4970059880239521,669.0400390625
00943_frog_eye_leaf_spot.jpg,frog_eye_leaf_spot,True,4000,2672,1.4970059880239521,801.6015625
00944_frog_eye_leaf_spot.jpg,frog_eye_leaf_spot,True,4000,2672,1.4970059880239521,735.3359375
00945_frog_eye_leaf_spot.jpg,frog_eye_leaf_spot,True,4000,2672,1.4970059880239521,793.4775390625
00946_frog_eye_leaf_spot.jpg,frog_eye_leaf_spot,True,4000,2672,1.4970059880239521,996.623046875
00947_frog_eye_leaf_spot.jpg,frog_eye_leaf_spot,True,4000,2672,1.4970059880239521,740.16015625
00948_frog_eye_leaf_spot.jpg,frog_eye_leaf_spot,True,4000,2672,1.4970059880239521,924.7412109375
00949_frog_eye_leaf_spot.jpg,frog_eye_leaf_spot,True,4000,2672,1.4970059880239521,886.759765625
00950_frog_eye_leaf_spot.jpg,frog_eye_leaf_spot,True,4000,2672,1.4970059880239521,971.4306640625
00951_frog_eye_leaf_spot.jpg,frog_eye_leaf_spot,True,4000,2672,1.4970059880239521,927.337890625
00952_frog_eye_leaf_spot.jpg,frog_eye_leaf_spot,True,4000,2672,1.4970059880239521,569.74609375
00953_frog_eye_leaf_spot.jpg,frog_eye_leaf_spot,True,4000,2672,1.4970059880239521,875.49609375
00954_frog_eye_leaf_spot.jpg,frog_eye_leaf_spot,True,4000,2672,1.4970059880239521,684.8271484375
00955_frog_eye_leaf_spot.jpg,frog_eye_leaf_spot,True,4000,2672,1.4970059880239521,895.4765625
00956_frog_eye_leaf_spot.jpg,frog_eye_leaf_spot,True,4000,2672,1.4970059880239521,781.1982421875
00957_frog_eye_leaf_spot.jpg,frog_eye_leaf_spot,True,4000,2672,1.4970059880239521,914.2958984375
00958_frog_eye_leaf_spot.jpg,frog_eye_leaf_spot,True,4000,2672,1.4970059880239521,649.072265625
00959_frog_eye_leaf_spot.jpg,frog_eye_leaf_spot,True,4000,2672,1.4970059880239521,858.2333984375
00960_frog_eye_leaf_spot.jpg,frog_eye_leaf_spot,True,4000,2672,1.4970059880239521,900.8828125
00961_frog_eye_leaf_spot.jpg,frog_eye_leaf_spot,True,4000,2672,1.4970059880239521,849.7587890625
00962_frog_eye_leaf_spot.jpg,frog_eye_leaf_spot,True,4000,2672,1.4970059880239521,849.8369140625
00963_frog_eye_leaf_spot.jpg,frog_eye_leaf_spot,True,4000,2672,1.4970059880239521,824.3427734375
00964_frog_eye_leaf_spot.jpg,frog_eye_leaf_spot,True,4000,2672,1.4970059880239521,726.701171875
00965_frog_eye_leaf_spot.jpg,frog_eye_leaf_spot,True,4000,2672,1.4970059880239521,1000.7685546875
00966_frog_eye_leaf_spot.jpg,frog_eye_leaf_spot,True,4000,2672,1.4970059880239521,898.6650390625
00967_frog_eye_leaf_spot.jpg,frog_eye_leaf_spot,True,4000,2672,1.4970059880239521,820.9345703125
00968_frog_eye_leaf_spot.jpg,frog_eye_leaf_spot,True,4000,2672,1.4970059880239521,843.482421875
00969_frog_eye_leaf_spot.jpg,frog_eye_leaf_spot,True,4000,2672,1.4970059880239521,632.57421875
00970_frog_eye_leaf_spot.jpg,frog_eye_leaf_spot,True,4000,2672,1.4970059880239521,571.541015625
00971_frog_eye_leaf_spot.jpg,frog_eye_leaf_spot,True,4000,2672,1.4970059880239521,1073.1005859375
00972_frog_eye_leaf_spot.jpg,frog_eye_leaf_spot,True,4000,2672,1.4970059880239521,821.2783203125
00973_frog_eye_leaf_spot.jpg,frog_eye_leaf_spot,True,4000,2672,1.4970059880239521,1091.3583984375
00974_frog_eye_leaf_spot.jpg,frog_eye_leaf_spot,True,4000,2672,1.4970059880239521,761.390625
00975_frog_eye_leaf_spot.jpg,frog_eye_leaf_spot,True,4000,2672,1.4970059880239521,793.9638671875
00976_frog_eye_leaf_spot.jpg,frog_eye_leaf_spot,True,4000,2672,1.4970059880239521,898.16796875
00977_frog_eye_leaf_spot.jpg,frog_eye_leaf_spot,True,4000,2672,1.4970059880239521,1007.5029296875
00978_frog_eye_leaf_spot.jpg,frog_eye_leaf_spot,True,4000,2672,1.4970059880239521,1020.5830078125
00979_frog_eye_leaf_spot.jpg,frog_eye_leaf_spot,True,4000,2672,1.4970059880239521,832.0546875
00980_frog_eye_leaf_spot.jpg,frog_eye_leaf_spot,True,4000,2672,1.4970059880239521,651.3134765625
00981_frog_eye_leaf_spot.jpg,frog_eye_leaf_spot,True,4000,2672,1.4970059880239521,905.2373046875
00982_frog_eye_leaf_spot.jpg,frog_eye_leaf_spot,True,4000,2672,1.4970059880239521,775.5068359375
00983_frog_eye_leaf_spot.jpg,frog_eye_leaf_spot,True,4000,2672,1.4970059880239521,952.19921875
00984_frog_eye_leaf_spot.jpg,frog_eye_leaf_spot,True,4000,2672,1.4970059880239521,874.703125
00985_frog_eye_leaf_spot.jpg,frog_eye_leaf_spot,True,4000,2672,1.4970059880239521,744.95703125
00986_frog_eye_leaf_spot.jpg,frog_eye_leaf_spot,True,4000,2672,1.4970059880239521,696.5556640625
00987_frog_eye_leaf_spot.jpg,frog_eye_leaf_spot,True,4000,2672,1.4970059880239521,591.78515625
00988_frog_eye_leaf_spot.jpg,frog_eye_leaf_spot,True,4000,2672,1.4970059880239521,861.8779296875
00989_frog_eye_leaf_spot.jpg,frog_eye_leaf_spot,True,4000,2672,1.4970059880239521,808.1806640625
00990_frog_eye_leaf_spot.jpg,frog_eye_leaf_spot,True,4000,2672,1.4970059880239521,1051.0498046875
00991_frog_eye_leaf_spot.jpg,frog_eye_leaf_spot,True,4000,2672,1.4970059880239521,724.8125
00992_frog_eye_leaf_spot.jpg,frog_eye_leaf_spot,True,4000,2672,1.4970059880239521,755.1708984375
00993_frog_eye_leaf_spot.jpg,frog_eye_leaf_spot,True,4000,2672,1.4970059880239521,614.1083984375
00994_frog_eye_leaf_spot.jpg,frog_eye_leaf_spot,True,4000,2672,1.4970059880239521,705.80078125
00995_frog_eye_leaf_spot.jpg,frog_eye_leaf_spot,True,4000,2672,1.4970059880239521,770.642578125
00996_frog_eye_leaf_spot.jpg,frog_eye_leaf_spot,True,4000,2672,1.4970059880239521,751.2197265625
00997_frog_eye_leaf_spot.jpg,frog_eye_leaf_spot,True,4000,2672,1.4970059880239521,736.0791015625
00998_frog_eye_leaf_spot.jpg,frog_eye_leaf_spot,True,4000,2672,1.4970059880239521,1053.5166015625
00999_frog_eye_leaf_spot.jpg,frog_eye_leaf_spot,True,4000,2672,1.4970059880239521,881.2724609375
01000_frog_eye_leaf_spot.jpg,frog_eye_leaf_spot,True,4000,2672,1.4970059880239521,882.6572265625
01001_frog_eye_leaf_spot.jpg,frog_eye_leaf_spot,True,4000,2672,1.4970059880239521,763.708984375
01002_frog_eye_leaf_spot.jpg,frog_eye_leaf_spot,True,4000,2672,1.4970059880239521,1332.7646484375
01003_frog_eye_leaf_spot.jpg,frog_eye_leaf_spot,True,4000,2672,1.4970059880239521,830.93359375
01004_frog_eye_leaf_spot.jpg,frog_eye_leaf_spot,True,4000,2672,1.4970059880239521,887.74609375
01005_frog_eye_leaf_spot.jpg,frog_eye_leaf_spot,True,4000,2672,1.4970059880239521,755.591796875
01006_frog_eye_leaf_spot.jpg,frog_eye_leaf_spot,True,4000,2672,1.4970059880239521,952.482421875
01007_frog_eye_leaf_spot.jpg,frog_eye_leaf_spot,True,4000,2672,1.4970059880239521,972.6025390625
01008_frog_eye_leaf_spot.jpg,frog_eye_leaf_spot,True,4000,2672,1.4970059880239521,737.40625
01009_frog_eye_leaf_spot.jpg,frog_eye_leaf_spot,True,4000,2672,1.4970059880239521,841.552734375
01010_frog_eye_leaf_spot.jpg,frog_eye_leaf_spot,True,4000,2672,1.4970059880239521,892.7568359375
01011_frog_eye_leaf_spot.jpg,frog_eye_leaf_spot,True,4000,2672,1.4970059880239521,817.52734375
01012_frog_eye_leaf_spot.jpg,frog_eye_leaf_spot,True,4000,2672,1.4970059880239521,815.6025390625
01013_frog_eye_leaf_spot.jpg,frog_eye_leaf_spot,True,4000,2672,1.4970059880239521,964.416015625
01014_frog_eye_leaf_spot.jpg,frog_eye_leaf_spot,True,4000,2672,1.4970059880239521,881.3271484375
01015_frog_eye_leaf_spot.jpg,frog_eye_leaf_spot,True,4000,2672,1.4970059880239521,937.205078125
01016_frog_eye_leaf_spot.jpg,frog_eye_leaf_spot,True,4000,2672,1.4970059880239521,960.0087890625
01017_frog_eye_leaf_spot.jpg,frog_eye_leaf_spot,True,4000,2672,1.4970059880239521,795.494140625
01018_frog_eye_leaf_spot.jpg,frog_eye_leaf_spot,True,4000,2672,1.4970059880239521,794.498046875
01019_frog_eye_leaf_spot.jpg,frog_eye_leaf_spot,True,4000,3000,1.3333333333333333,934.03515625
01020_frog_eye_leaf_spot.jpg,frog_eye_leaf_spot,True,4000,2672,1.4970059880239521,506.4755859375
01021_frog_eye_leaf_spot.jpg,frog_eye_leaf_spot,True,4000,2672,1.4970059880239521,794.8037109375
01022_frog_eye_leaf_spot.jpg,frog_eye_leaf_spot,True,4000,2672,1.4970059880239521,978.5830078125
01023_frog_eye_leaf_spot.jpg,frog_eye_leaf_spot,True,4000,2672,1.4970059880239521,925.7578125
01024_frog_eye_leaf_spot.jpg,frog_eye_leaf_spot,True,4000,2672,1.4970059880239521,638.0341796875
01025_frog_eye_leaf_spot.jpg,frog_eye_leaf_spot,True,4000,2672,1.4970059880239521,747.8046875
01026_frog_eye_leaf_spot.jpg,frog_eye_leaf_spot,True,4000,2672,1.4970059880239521,939.0751953125
01027_frog_eye_leaf_spot.jpg,frog_eye_leaf_spot,True,4000,2672,1.4970059880239521,869.1279296875
01028_frog_eye_leaf_spot.jpg,frog_eye_leaf_spot,True,4000,2672,1.4970059880239521,653.9365234375
01029_frog_eye_leaf_spot.jpg,frog_eye_leaf_spot,True,4000,2672,1.4970059880239521,821.6435546875
01030_frog_eye_leaf_spot.jpg,frog_eye_leaf_spot,True,4000,2672,1.4970059880239521,821.734375
01031_frog_eye_leaf_spot.jpg,frog_eye_leaf_spot,True,4000,2672,1.4970059880239521,902.8837890625
01032_frog_eye_leaf_spot.jpg,frog_eye_leaf_spot,True,4000,2672,1.4970059880239521,859.1875
01033_frog_eye_leaf_spot.jpg,frog_eye_leaf_spot,True,4000,2672,1.4970059880239521,988.9521484375
01034_frog_eye_leaf_spot.jpg,frog_eye_leaf_spot,True,4000,2672,1.4970059880239521,750.1376953125
01035_frog_eye_leaf_spot.jpg,frog_eye_leaf_spot,True,4000,2672,1.4970059880239521,776.572265625
01036_frog_eye_leaf_spot.jpg,frog_eye_leaf_spot,True,4000,2672,1.4970059880239521,698.4580078125
01037_frog_eye_leaf_spot.jpg,frog_eye_leaf_spot,True,4000,2672,1.4970059880239521,745.76953125
01038_frog_eye_leaf_spot.jpg,frog_eye_leaf_spot,True,4000,2672,1.4970059880239521,764.095703125
01039_frog_eye_leaf_spot.jpg,frog_eye_leaf_spot,True,4000,2672,1.4970059880239521,699.3916015625
01040_frog_eye_leaf_spot.jpg,frog_eye_leaf_spot,True,4000,2672,1.4970059880239521,814.3828125
01041_frog_eye_leaf_spot.jpg,frog_eye_leaf_spot,True,4000,2672,1.4970059880239521,922.576171875
01042_frog_eye_leaf_spot.jpg,frog_eye_leaf_spot,True,4000,2672,1.4970059880239521,920.611328125
01043_frog_eye_leaf_spot.jpg,frog_eye_leaf_spot,True,4000,2672,1.4970059880239521,837.037109375
01044_frog_eye_leaf_spot.jpg,frog_eye_leaf_spot,True,4000,2672,1.4970059880239521,756.9296875
01045_frog_eye_leaf_spot.jpg,frog_eye_leaf_spot,True,4000,2672,1.4970059880239521,743.6728515625
01046_frog_eye_leaf_spot.jpg,frog_eye_leaf_spot,True,4000,2672,1.4970059880239521,769.24609375
01047_frog_eye_leaf_spot.jpg,frog_eye_leaf_spot,True,4000,2672,1.4970059880239521,743.916015625
01048_frog_eye_leaf_spot.jpg,frog_eye_leaf_spot,True,4000,2672,1.4970059880239521,908.6376953125
01049_frog_eye_leaf_spot.jpg,frog_eye_leaf_spot,True,4000,2672,1.4970059880239521,700.693359375
01050_frog_eye_leaf_spot.jpg,frog_eye_leaf_spot,True,4000,2672,1.4970059880239521,631.56640625
01051_frog_eye_leaf_spot.jpg,frog_eye_leaf_spot,True,4000,2672,1.4970059880239521,640.7099609375
01052_frog_eye_leaf_spot.jpg,frog_eye_leaf_spot,True,4000,2672,1.4970059880239521,819.72265625
01053_frog_eye_leaf_spot.jpg,frog_eye_leaf_spot,True,4000,2672,1.4970059880239521,814.0927734375
01054_frog_eye_leaf_spot.jpg,frog_eye_leaf_spot,True,4000,2672,1.4970059880239521,868.1318359375
01055_frog_eye_leaf_spot.jpg,frog_eye_leaf_spot,True,4000,2672,1.4970059880239521,595.1650390625
01056_frog_eye_leaf_spot.jpg,frog_eye_leaf_spot,True,4000,2672,1.4970059880239521,747.4873046875
01057_frog_eye_leaf_spot.jpg,frog_eye_leaf_spot,True,4000,2672,1.4970059880239521,998.3134765625
01058_frog_eye_leaf_spot.jpg,frog_eye_leaf_spot,True,4000,2672,1.4970059880239521,990.9248046875
01059_frog_eye_leaf_spot.jpg,frog_eye_leaf_spot,True,4000,2672,1.4970059880239521,1045.0517578125
01060_frog_eye_leaf_spot.jpg,frog_eye_leaf_spot,True,4000,2672,1.4970059880239521,802.361328125
01061_frog_eye_leaf_spot.jpg,frog_eye_leaf_spot,True,4000,2672,1.4970059880239521,844.470703125
01062_frog_eye_leaf_spot.jpg,frog_eye_leaf_spot,True,4000,2672,1.4970059880239521,822.916015625
01063_frog_eye_leaf_spot.jpg,frog_eye_leaf_spot,True,4000,2672,1.4970059880239521,1012.3291015625
01064_frog_eye_leaf_spot.jpg,frog_eye_leaf_spot,True,4000,2672,1.4970059880239521,679.0673828125
01065_frog_eye_leaf_spot.jpg,frog_eye_leaf_spot,True,4000,2672,1.4970059880239521,1003.1982421875
01066_frog_eye_leaf_spot.jpg,frog_eye_leaf_spot,True,4000,2672,1.4970059880239521,973.6796875
01067_frog_eye_leaf_spot.jpg,frog_eye_leaf_spot,True,4000,2672,1.4970059880239521,824.3759765625
01068_frog_eye_leaf_spot.jpg,frog_eye_leaf_spot,True,4000,2672,1.4970059880239521,772.7353515625
01069_frog_eye_leaf_spot.jpg,frog_eye_leaf_spot,True,4000,2672,1.4970059880239521,623.59375
01070_frog_eye_leaf_spot.jpg,frog_eye_leaf_spot,True,4000,2672,1.4970059880239521,674.822265625
01071_frog_eye_leaf_spot.jpg,frog_eye_leaf_spot,True,4000,2672,1.4970059880239521,963.7060546875
01072_frog_eye_leaf_spot.jpg,frog_eye_leaf_spot,True,4000,2672,1.4970059880239521,928.978515625
01073_frog_eye_leaf_spot.jpg,frog_eye_leaf_spot,True,4000,2672,1.4970059880239521,835.818359375
01074_frog_eye_leaf_spot.jpg,frog_eye_leaf_spot,True,4000,2672,1.4970059880239521,834.28125
01075_frog_eye_leaf_spot.jpg,frog_eye_leaf_spot,True,4000,2672,1.4970059880239521,830.853515625
01076_frog_eye_leaf_spot.jpg,frog_eye_leaf_spot,True,4000,2672,1.4970059880239521,785.5673828125
01077_frog_eye_leaf_spot.jpg,frog_eye_leaf_spot,True,4000,2672,1.4970059880239521,943.7001953125
01078_frog_eye_leaf_spot.jpg,frog_eye_leaf_spot,True,4000,2672,1.4970059880239521,823.806640625
01079_frog_eye_leaf_spot.jpg,frog_eye_leaf_spot,True,4000,2672,1.4970059880239521,743.587890625
01080_frog_eye_leaf_spot.jpg,frog_eye_leaf_spot,True,4000,2672,1.4970059880239521,808.607421875
01081_frog_eye_leaf_spot.jpg,frog_eye_leaf_spot,True,4000,2672,1.4970059880239521,842.7958984375
01082_frog_eye_leaf_spot.jpg,frog_eye_leaf_spot,True,4000,2672,1.4970059880239521,807.560546875
01083_frog_eye_leaf_spot.jpg,frog_eye_leaf_spot,True,4000,2672,1.4970059880239521,792.31640625
01084_frog_eye_leaf_spot.jpg,frog_eye_leaf_spot,True,4000,2672,1.4970059880239521,674.580078125
01085_frog_eye_leaf_spot.jpg,frog_eye_leaf_spot,True,4000,2672,1.4970059880239521,796.30859375
01086_frog_eye_leaf_spot.jpg,frog_eye_leaf_spot,True,4000,2672,1.4970059880239521,708.6806640625
01087_frog_eye_leaf_spot.jpg,frog_eye_leaf_spot,True,4000,2672,1.4970059880239521,878.189453125
01088_frog_eye_leaf_spot.jpg,frog_eye_leaf_spot,True,4000,2672,1.4970059880239521,917.7275390625
01089_frog_eye_leaf_spot.jpg,frog_eye_leaf_spot,True,4000,2672,1.4970059880239521,725.0380859375
01090_frog_eye_leaf_spot.jpg,frog_eye_leaf_spot,True,4000,2672,1.4970059880239521,991.5302734375
01091_frog_eye_leaf_spot.jpg,frog_eye_leaf_spot,True,4000,2672,1.4970059880239521,966.533203125
01092_frog_eye_leaf_spot.jpg,frog_eye_leaf_spot,True,4000,2672,1.4970059880239521,724.7490234375
01093_frog_eye_leaf_spot.jpg,frog_eye_leaf_spot,True,4000,2672,1.4970059880239521,671.39453125
01094_frog_eye_leaf_spot.jpg,frog_eye_leaf_spot,True,4000,2672,1.4970059880239521,871.7626953125
01095_frog_eye_leaf_spot.jpg,frog_eye_leaf_spot,True,4000,2672,1.4970059880239521,820.1904296875
01096_frog_eye_leaf_spot.jpg,frog_eye_leaf_spot,True,4000,2672,1.4970059880239521,807.0986328125
01097_frog_eye_leaf_spot.jpg,frog_eye_leaf_spot,True,4000,2672,1.4970059880239521,753.958984375
01098_frog_eye_leaf_spot.jpg,frog_eye_leaf_spot,True,4000,2672,1.4970059880239521,552.4619140625
01099_frog_eye_leaf_spot.jpg,frog_eye_leaf_spot,True,4000,2672,1.4970059880239521,759.8603515625
01100_frog_eye_leaf_spot.jpg,frog_eye_leaf_spot,True,4000,2672,1.4970059880239521,817.9560546875
01101_frog_eye_leaf_spot.jpg,frog_eye_leaf_spot,True,4000,2672,1.4970059880239521,892.98046875
01102_frog_eye_leaf_spot.jpg,frog_eye_leaf_spot,True,4000,2672,1.4970059880239521,727.4599609375
01103_frog_eye_leaf_spot.jpg,frog_eye_leaf_spot,True,4000,2672,1.4970059880239521,977.4970703125
01104_frog_eye_leaf_spot.jpg,frog_eye_leaf_spot,True,4000,2672,1.4970059880239521,782.890625
01105_frog_eye_leaf_spot.jpg,frog_eye_leaf_spot,True,4000,2672,1.4970059880239521,887.6357421875
01106_frog_eye_leaf_spot.jpg,frog_eye_leaf_spot,True,4000,2672,1.4970059880239521,839.189453125
01107_frog_eye_leaf_spot.jpg,frog_eye_leaf_spot,True,4000,2672,1.4970059880239521,693.751953125
01108_frog_eye_leaf_spot.jpg,frog_eye_leaf_spot,True,4000,2672,1.4970059880239521,1124.583984375
01109_frog_eye_leaf_spot.jpg,frog_eye_leaf_spot,True,4000,2672,1.4970059880239521,1006.33984375
01110_frog_eye_leaf_spot.jpg,frog_eye_leaf_spot,True,4000,2672,1.4970059880239521,880.423828125
01111_frog_eye_leaf_spot.jpg,frog_eye_leaf_spot,True,4000,2672,1.4970059880239521,881.1064453125
01112_frog_eye_leaf_spot.jpg,frog_eye_leaf_spot,True,4000,2672,1.4970059880239521,751.625
01113_frog_eye_leaf_spot.jpg,frog_eye_leaf_spot,True,2592,1728,1.5,293.84375
01114_frog_eye_leaf_spot.jpg,frog_eye_leaf_spot,True,4000,2672,1.4970059880239521,854.126953125
01115_frog_eye_leaf_spot.jpg,frog_eye_leaf_spot,True,4000,2672,1.4970059880239521,765.333984375
01116_frog_eye_leaf_spot.jpg,frog_eye_leaf_spot,True,4000,2672,1.4970059880239521,1122.419921875
01117_frog_eye_leaf_spot.jpg,frog_eye_leaf_spot,True,4000,2672,1.4970059880239521,951.3408203125
01118_frog_eye_leaf_spot.jpg,frog_eye_leaf_spot,True,4000,2672,1.4970059880239521,976.529296875
01119_frog_eye_leaf_spot.jpg,frog_eye_leaf_spot,True,4000,2672,1.4970059880239521,988.3525390625
01120_frog_eye_leaf_spot.jpg,frog_eye_leaf_spot,True,4000,2672,1.4970059880239521,638.4951171875
01121_frog_eye_leaf_spot.jpg,frog_eye_leaf_spot,True,4000,2672,1.4970059880239521,926.66796875
01122_frog_eye_leaf_spot.jpg,frog_eye_leaf_spot,True,4000,2672,1.4970059880239521,700.806640625
01123_frog_eye_leaf_spot.jpg,frog_eye_leaf_spot,True,4000,2672,1.4970059880239521,1062.509765625
01124_frog_eye_leaf_spot.jpg,frog_eye_leaf_spot,True,5184,3456,1.5,1021.484375
01125_frog_eye_leaf_spot.jpg,frog_eye_leaf_spot,True,4000,2672,1.4970059880239521,747.865234375
01126_frog_eye_leaf_spot.jpg,frog_eye_leaf_spot,True,4000,2672,1.4970059880239521,782.3916015625
01127_frog_eye_leaf_spot.jpg,frog_eye_leaf_spot,True,4000,2672,1.4970059880239521,632.154296875
01128_frog_eye_leaf_spot.jpg,frog_eye_leaf_spot,True,4000,2672,1.4970059880239521,899.462890625
01129_frog_eye_leaf_spot.jpg,frog_eye_leaf_spot,True,4000,2672,1.4970059880239521,861.3779296875
01130_frog_eye_leaf_spot.jpg,frog_eye_leaf_spot,True,4000,2672,1.4970059880239521,800.771484375
01131_frog_eye_leaf_spot.jpg,frog_eye_leaf_spot,True,4000,2672,1.4970059880239521,1002.396484375
01132_frog_eye_leaf_spot.jpg,frog_eye_leaf_spot,True,4000,2672,1.4970059880239521,820.845703125
01133_frog_eye_leaf_spot.jpg,frog_eye_leaf_spot,True,4000,2672,1.4970059880239521,703.9296875
01134_frog_eye_leaf_spot.jpg,frog_eye_leaf_spot,True,4000,2672,1.4970059880239521,1004.703125
01135_frog_eye_leaf_spot.jpg,frog_eye_leaf_spot,True,4000,2672,1.4970059880239521,981.9951171875
01136_frog_eye_leaf_spot.jpg,frog_eye_leaf_spot,True,4000,2672,1.4970059880239521,807.3662109375
01137_frog_eye_leaf_spot.jpg,frog_eye_leaf_spot,True,4000,2672,1.4970059880239521,861.791015625
01138_frog_eye_leaf_spot.jpg,frog_eye_leaf_spot,True,4000,2672,1.4970059880239521,939.234375
01139_frog_eye_leaf_spot.jpg,frog_eye_leaf_spot,True,4000,2672,1.4970059880239521,875.0
01140_frog_eye_leaf_spot.jpg,frog_eye_leaf_spot,True,4000,2672,1.4970059880239521,795.068359375
01141_frog_eye_leaf_spot.jpg,frog_eye_leaf_spot,True,4000,2672,1.4970059880239521,694.0810546875
01142_frog_eye_leaf_spot.jpg,frog_eye_leaf_spot,True,4000,2672,1.4970059880239521,829.2578125
01143_frog_eye_leaf_spot.jpg,frog_eye_leaf_spot,True,4000,2672,1.4970059880239521,1084.0244140625
01144_frog_eye_leaf_spot.jpg,frog_eye_leaf_spot,True,4000,2672,1.4970059880239521,808.3212890625
01145_frog_eye_leaf_spot.jpg,frog_eye_leaf_spot,True,4000,2672,1.4970059880239521,911.71875
01146_frog_eye_leaf_spot.jpg,frog_eye_leaf_spot,True,4000,2672,1.4970059880239521,985.490234375
01147_frog_eye_leaf_spot.jpg,frog_eye_leaf_spot,True,4000,2672,1.4970059880239521,815.0322265625
01148_frog_eye_leaf_spot.jpg,frog_eye_leaf_spot,True,4000,2672,1.4970059880239521,816.126953125
01149_frog_eye_leaf_spot.jpg,frog_eye_leaf_spot,True,4000,2672,1.4970059880239521,856.3203125
01150_frog_eye_leaf_spot.jpg,frog_eye_leaf_spot,True,4000,2672,1.4970059880239521,814.638671875
01151_frog_eye_leaf_spot.jpg,frog_eye_leaf_spot,True,4000,2672,1.4970059880239521,754.525390625
01152_frog_eye_leaf_spot.jpg,frog_eye_leaf_spot,True,4000,2672,1.4970059880239521,783.0234375
01153_frog_eye_leaf_spot.jpg,frog_eye_leaf_spot,True,4000,2672,1.4970059880239521,1132.431640625
01154_frog_eye_leaf_spot.jpg,frog_eye_leaf_spot,True,4000,2672,1.4970059880239521,891.482421875
01155_frog_eye_leaf_spot.jpg,frog_eye_leaf_spot,True,4000,2672,1.4970059880239521,869.517578125
01156_frog_eye_leaf_spot.jpg,frog_eye_leaf_spot,True,4000,2672,1.4970059880239521,946.408203125
01157_frog_eye_leaf_spot.jpg,frog_eye_leaf_spot,True,4000,2672,1.4970059880239521,784.990234375
01158_frog_eye_leaf_spot.jpg,frog_eye_leaf_spot,True,4000,2672,1.4970059880239521,749.75
01159_frog_eye_leaf_spot.jpg,frog_eye_leaf_spot,True,4000,2672,1.4970059880239521,603.0888671875
01160_frog_eye_leaf_spot.jpg,frog_eye_leaf_spot,True,4000,2672,1.4970059880239521,1045.6181640625
01161_frog_eye_leaf_spot.jpg,frog_eye_leaf_spot,True,4000,2672,1.4970059880239521,685.5400390625
01162_frog_eye_leaf_spot.jpg,frog_eye_leaf_spot,True,4000,2672,1.4970059880239521,740.3134765625
01163_frog_eye_leaf_spot.jpg,frog_eye_leaf_spot,True,4000,2672,1.4970059880239521,938.951171875
01164_frog_eye_leaf_spot.jpg,frog_eye_leaf_spot,True,4000,2672,1.4970059880239521,595.529296875
01165_frog_eye_leaf_spot.jpg,frog_eye_leaf_spot,True,4000,2672,1.4970059880239521,845.7470703125
01166_frog_eye_leaf_spot.jpg,frog_eye_leaf_spot,True,4000,2672,1.4970059880239521,896.12109375
01167_frog_eye_leaf_spot.jpg,frog_eye_leaf_spot,True,4000,2672,1.4970059880239521,955.0048828125
01168_frog_eye_leaf_spot.jpg,frog_eye_leaf_spot,True,4000,2672,1.4970059880239521,994.2939453125
01169_frog_eye_leaf_spot.jpg,frog_eye_leaf_spot,True,4000,2672,1.4970059880239521,940.375
01170_frog_eye_leaf_spot.jpg,frog_eye_leaf_spot,True,4000,2672,1.4970059880239521,761.251953125
01171_frog_eye_leaf_spot.jpg,frog_eye_leaf_spot,True,4000,2672,1.4970059880239521,876.01171875
01172_frog_eye_leaf_spot.jpg,frog_eye_leaf_spot,True,2592,1728,1.5,201.52734375
01173_frog_eye_leaf_spot.jpg,frog_eye_leaf_spot,True,4000,2672,1.4970059880239521,868.001953125
01174_frog_eye_leaf_spot.jpg,frog_eye_leaf_spot,True,4000,2672,1.4970059880239521,967.162109375
01175_frog_eye_leaf_spot.jpg,frog_eye_leaf_spot,True,4000,2672,1.4970059880239521,983.81640625
01176_frog_eye_leaf_spot.jpg,frog_eye_leaf_spot,True,4000,2672,1.4970059880239521,755.9990234375
01177_frog_eye_leaf_spot.jpg,frog_eye_leaf_spot,True,4000,2672,1.4970059880239521,876.87890625
01178_frog_eye_leaf_spot.jpg,frog_eye_leaf_spot,True,4000,2672,1.4970059880239521,882.970703125
01179_frog_eye_leaf_spot.jpg,frog_eye_leaf_spot,True,4000,3000,1.3333333333333333,938.19921875
01180_frog_eye_leaf_spot.jpg,frog_eye_leaf_spot,True,4000,2672,1.4970059880239521,1033.91796875
01181_frog_eye_leaf_spot.jpg,frog_eye_leaf_spot,True,4000,2672,1.4970059880239521,1005.3046875
01182_frog_eye_leaf_spot.jpg,frog_eye_leaf_spot,True,4000,2672,1.4970059880239521,700.994140625
01183_frog_eye_leaf_spot.jpg,frog_eye_leaf_spot,True,4000,2672,1.4970059880239521,683.8017578125
01184_frog_eye_leaf_spot.jpg,frog_eye_leaf_spot,True,4000,2672,1.4970059880239521,932.7666015625
01185_frog_eye_leaf_spot.jpg,frog_eye_leaf_spot,True,4000,2672,1.4970059880239521,842.25390625
01186_frog_eye_leaf_spot.jpg,frog_eye_leaf_spot,True,4000,2672,1.4970059880239521,799.3876953125
01187_frog_eye_leaf_spot.jpg,frog_eye_leaf_spot,True,4000,2672,1.4970059880239521,1098.841796875
01188_frog_eye_leaf_spot.jpg,frog_eye_leaf_spot,True,4000,2672,1.4970059880239521,950.0478515625
01189_frog_eye_leaf_spot.jpg,frog_eye_leaf_spot,True,4000,2672,1.4970059880239521,1210.1728515625
01190_frog_eye_leaf_spot.jpg,frog_eye_leaf_spot,True,4000,2672,1.4970059880239521,763.6025390625
01191_frog_eye_leaf_spot.jpg,frog_eye_leaf_spot,True,4000,2672,1.4970059880239521,795.91015625
01192_frog_eye_leaf_spot.jpg,frog_eye_leaf_spot,True,4000,2672,1.4970059880239521,870.8798828125
01193_frog_eye_leaf_spot.jpg,frog_eye_leaf_spot,True,4000,2672,1.4970059880239521,1069.8544921875
01194_frog_eye_leaf_spot.jpg,frog_eye_leaf_spot,True,4000,2672,1.4970059880239521,840.5849609375
01195_frog_eye_leaf_spot.jpg,frog_eye_leaf_spot,True,4000,2672,1.4970059880239521,928.9599609375
01196_frog_eye_leaf_spot.jpg,frog_eye_leaf_spot,True,4000,2672,1.4970059880239521,814.0107421875
01197_frog_eye_leaf_spot.jpg,frog_eye_leaf_spot,True,4000,2672,1.4970059880239521,545.7099609375
01198_frog_eye_leaf_spot.jpg,frog_eye_leaf_spot,True,4000,2672,1.4970059880239521,643.578125
01199_frog_eye_leaf_spot.jpg,frog_eye_leaf_spot,True,4000,2672,1.4970059880239521,786.9677734375
01200_frog_eye_leaf_spot.jpg,frog_eye_leaf_spot,True,4000,2672,1.4970059880239521,746.0556640625
01201_frog_eye_leaf_spot.jpg,frog_eye_leaf_spot,True,4000,2672,1.4970059880239521,1077.310546875
01202_frog_eye_leaf_spot.jpg,frog_eye_leaf_spot,True,4000,2672,1.4970059880239521,712.125
01203_frog_eye_leaf_spot.jpg,frog_eye_leaf_spot,True,4000,2672,1.4970059880239521,679.8564453125
01204_frog_eye_leaf_spot.jpg,frog_eye_leaf_spot,True,4000,2672,1.4970059880239521,655.2978515625
01205_frog_eye_leaf_spot.jpg,frog_eye_leaf_spot,True,4000,2672,1.4970059880239521,1001.765625
01206_frog_eye_leaf_spot.jpg,frog_eye_leaf_spot,True,4000,2672,1.4970059880239521,641.9169921875
01207_frog_eye_leaf_spot.jpg,frog_eye_leaf_spot,True,4000,2672,1.4970059880239521,946.974609375
01208_frog_eye_leaf_spot.jpg,frog_eye_leaf_spot,True,4000,2672,1.4970059880239521,934.734375
01209_frog_eye_leaf_spot.jpg,frog_eye_leaf_spot,True,4000,2672,1.4970059880239521,801.4765625
01210_frog_eye_leaf_spot.jpg,frog_eye_leaf_spot,True,4000,2672,1.4970059880239521,895.3037109375
01211_frog_eye_leaf_spot.jpg,frog_eye_leaf_spot,True,4000,2672,1.4970059880239521,944.4677734375
01212_frog_eye_leaf_spot.jpg,frog_eye_leaf_spot,True,4000,2672,1.4970059880239521,965.5234375
01213_frog_eye_leaf_spot.jpg,frog_eye_leaf_spot,True,4000,2672,1.4970059880239521,867.021484375
01214_frog_eye_leaf_spot.jpg,frog_eye_leaf_spot,True,4000,2672,1.4970059880239521,671.5556640625
01215_frog_eye_leaf_spot.jpg,frog_eye_leaf_spot,True,4000,2672,1.4970059880239521,716.998046875
01216_frog_eye_leaf_spot.jpg,frog_eye_leaf_spot,True,4000,2672,1.4970059880239521,743.1650390625
01217_frog_eye_leaf_spot.jpg,frog_eye_leaf_spot,True,4000,2672,1.4970059880239521,921.0322265625
01218_frog_eye_leaf_spot.jpg,frog_eye_leaf_spot,True,4000,2672,1.4970059880239521,1023.251953125
01219_frog_eye_leaf_spot.jpg,frog_eye_leaf_spot,True,4000,2672,1.4970059880239521,877.2138671875
01220_frog_eye_leaf_spot.jpg,frog_eye_leaf_spot,True,4000,2672,1.4970059880239521,790.7236328125
01221_frog_eye_leaf_spot.jpg,frog_eye_leaf_spot,True,2592,1728,1.5,307.1337890625
01222_frog_eye_leaf_spot.jpg,frog_eye_leaf_spot,True,4000,2672,1.4970059880239521,1066.525390625
01223_frog_eye_leaf_spot.jpg,frog_eye_leaf_spot,True,4000,2672,1.4970059880239521,934.92578125
01224_frog_eye_leaf_spot.jpg,frog_eye_leaf_spot,True,4000,2672,1.4970059880239521,787.255859375
01225_frog_eye_leaf_spot.jpg,frog_eye_leaf_spot,True,4000,2672,1.4970059880239521,761.1669921875
01226_frog_eye_leaf_spot.jpg,frog_eye_leaf_spot,True,4000,2672,1.4970059880239521,807.0537109375
01227_frog_eye_leaf_spot.jpg,frog_eye_leaf_spot,True,4000,2672,1.4970059880239521,604.771484375
01228_frog_eye_leaf_spot.jpg,frog_eye_leaf_spot,True,4000,2672,1.4970059880239521,818.9755859375
01229_frog_eye_leaf_spot.jpg,frog_eye_leaf_spot,True,4000,2672,1.4970059880239521,958.0986328125
01230_frog_eye_leaf_spot.jpg,frog_eye_leaf_spot,True,4000,2672,1.4970059880239521,961.44140625
01231_frog_eye_leaf_spot.jpg,frog_eye_leaf_spot,True,4000,2672,1.4970059880239521,1103.4658203125
01232_frog_eye_leaf_spot.jpg,frog_eye_leaf_spot,True,4000,2672,1.4970059880239521,905.9404296875
01233_frog_eye_leaf_spot.jpg,frog_eye_leaf_spot,True,4000,2672,1.4970059880239521,1061.65625
01234_frog_eye_leaf_spot.jpg,frog_eye_leaf_spot,True,4000,2672,1.4970059880239521,948.01953125
01235_frog_eye_leaf_spot.jpg,frog_eye_leaf_spot,True,4000,2672,1.4970059880239521,717.603515625
01236_frog_eye_leaf_spot.jpg,frog_eye_leaf_spot,True,4000,2672,1.4970059880239521,821.7451171875
01237_frog_eye_leaf_spot.jpg,frog_eye_leaf_spot,True,4000,2672,1.4970059880239521,877.7724609375
01238_frog_eye_leaf_spot.jpg,frog_eye_leaf_spot,True,4000,2672,1.4970059880239521,934.1708984375
01239_frog_eye_leaf_spot.jpg,frog_eye_leaf_spot,True,4000,2672,1.4970059880239521,848.9375
01240_frog_eye_leaf_spot.jpg,frog_eye_leaf_spot,True,4000,2672,1.4970059880239521,778.1611328125
01241_frog_eye_leaf_spot.jpg,frog_eye_leaf_spot,True,4000,2672,1.4970059880239521,819.78125
01242_frog_eye_leaf_spot.jpg,frog_eye_leaf_spot,True,4000,2672,1.4970059880239521,814.8466796875
01243_frog_eye_leaf_spot.jpg,frog_eye_leaf_spot,True,4000,2672,1.4970059880239521,740.9765625
01244_frog_eye_leaf_spot.jpg,frog_eye_leaf_spot,True,4000,2672,1.4970059880239521,807.4609375
01245_frog_eye_leaf_spot.jpg,frog_eye_leaf_spot,True,4000,2672,1.4970059880239521,877.22265625
01246_frog_eye_leaf_spot.jpg,frog_eye_leaf_spot,True,4000,2672,1.4970059880239521,789.005859375
01247_frog_eye_leaf_spot.jpg,frog_eye_leaf_spot,True,4000,2672,1.4970059880239521,1005.37890625
01248_frog_eye_leaf_spot.jpg,frog_eye_leaf_spot,True,4000,2672,1.4970059880239521,888.2587890625
01249_frog_eye_leaf_spot.jpg,frog_eye_leaf_spot,True,4000,2672,1.4970059880239521,990.1328125
01250_frog_eye_leaf_spot.jpg,frog_eye_leaf_spot,True,4000,2672,1.4970059880239521,779.08984375
01251_frog_eye_leaf_spot.jpg,frog_eye_leaf_spot,True,4000,2672,1.4970059880239521,1118.19140625
01252_frog_eye_leaf_spot.jpg,frog_eye_leaf_spot,True,4000,2672,1.4970059880239521,689.578125
01253_frog_eye_leaf_spot.jpg,frog_eye_leaf_spot,True,4000,2672,1.4970059880239521,1113.1337890625
01254_frog_eye_leaf_spot.jpg,frog_eye_leaf_spot,True,4000,2672,1.4970059880239521,942.7744140625
01255_frog_eye_leaf_spot.jpg,frog_eye_leaf_spot,True,4000,2672,1.4970059880239521,895.3369140625
01256_frog_eye_leaf_spot.jpg,frog_eye_leaf_spot,True,4000,2672,1.4970059880239521,1155.1826171875
01257_frog_eye_leaf_spot.jpg,frog_eye_leaf_spot,True,4000,2672,1.4970059880239521,1028.04296875
01258_frog_eye_leaf_spot.jpg,frog_eye_leaf_spot,True,4000,2672,1.4970059880239521,619.5986328125
01259_frog_eye_leaf_spot.jpg,frog_eye_leaf_spot,True,4000,2672,1.4970059880239521,1061.80078125
01260_frog_eye_leaf_spot.jpg,frog_eye_leaf_spot,True,4000,2672,1.4970059880239521,931.1640625
01261_frog_eye_leaf_spot.jpg,frog_eye_leaf_spot,True,4000,2672,1.4970059880239521,958.5478515625
01262_frog_eye_leaf_spot.jpg,frog_eye_leaf_spot,True,4000,2672,1.4970059880239521,844.98828125
01263_frog_eye_leaf_spot.jpg,frog_eye_leaf_spot,True,4000,2672,1.4970059880239521,799.078125
01264_frog_eye_leaf_spot.jpg,frog_eye_leaf_spot,True,4000,2672,1.4970059880239521,945.1240234375
01265_frog_eye_leaf_spot.jpg,frog_eye_leaf_spot,True,4000,2672,1.4970059880239521,810.548828125
01266_frog_eye_leaf_spot.jpg,frog_eye_leaf_spot,True,4000,2672,1.4970059880239521,812.3818359375
01267_frog_eye_leaf_spot.jpg,frog_eye_leaf_spot,True,4000,2672,1.4970059880239521,708.3193359375
01268_frog_eye_leaf_spot.jpg,frog_eye_leaf_spot,True,4000,2672,1.4970059880239521,893.5302734375
01269_frog_eye_leaf_spot.jpg,frog_eye_leaf_spot,True,4000,2672,1.4970059880239521,746.8115234375
01270_frog_eye_leaf_spot.jpg,frog_eye_leaf_spot,True,4000,2672,1.4970059880239521,1005.140625
01271_frog_eye_leaf_spot.jpg,frog_eye_leaf_spot,True,4000,2672,1.4970059880239521,733.4169921875
01272_frog_eye_leaf_spot.jpg,frog_eye_leaf_spot,True,4000,2672,1.4970059880239521,774.4052734375
01273_frog_eye_leaf_spot.jpg,frog_eye_leaf_spot,True,4000,2672,1.4970059880239521,939.4609375
01274_frog_eye_leaf_spot.jpg,frog_eye_leaf_spot,True,4000,2672,1.4970059880239521,734.572265625
01275_frog_eye_leaf_spot.jpg,frog_eye_leaf_spot,True,4000,2672,1.4970059880239521,916.7421875
01276_frog_eye_leaf_spot.jpg,frog_eye_leaf_spot,True,4000,2672,1.4970059880239521,843.94921875
01277_frog_eye_leaf_spot.jpg,frog_eye_leaf_spot,True,4000,2672,1.4970059880239521,830.9541015625
01278_frog_eye_leaf_spot.jpg,frog_eye_leaf_spot,True,4000,2672,1.4970059880239521,822.7607421875
01279_frog_eye_leaf_spot.jpg,frog_eye_leaf_spot,True,4000,2672,1.4970059880239521,893.8515625
01280_frog_eye_leaf_spot.jpg,frog_eye_leaf_spot,True,4000,2672,1.4970059880239521,680.220703125
01281_frog_eye_leaf_spot.jpg,frog_eye_leaf_spot,True,4000,2672,1.4970059880239521,865.583984375
01282_frog_eye_leaf_spot.jpg,frog_eye_leaf_spot,True,4000,2672,1.4970059880239521,967.2119140625
01283_frog_eye_leaf_spot.jpg,frog_eye_leaf_spot,True,4000,2672,1.4970059880239521,928.7568359375
01284_frog_eye_leaf_spot.jpg,frog_eye_leaf_spot,True,4000,2672,1.4970059880239521,1015.802734375
01285_frog_eye_leaf_spot.jpg,frog_eye_leaf_spot,True,4000,2672,1.4970059880239521,877.203125
01286_frog_eye_leaf_spot.jpg,frog_eye_leaf_spot,True,4000,2672,1.4970059880239521,964.8369140625
01287_frog_eye_leaf_spot.jpg,frog_eye_leaf_spot,True,4000,2672,1.4970059880239521,959.3740234375
01288_frog_eye_leaf_spot.jpg,frog_eye_leaf_spot,True,4000,2672,1.4970059880239521,711.205078125
01289_frog_eye_leaf_spot.jpg,frog_eye_leaf_spot,True,4000,2672,1.4970059880239521,760.0
01290_frog_eye_leaf_spot.jpg,frog_eye_leaf_spot,True,4000,2672,1.4970059880239521,621.9521484375
01291_frog_eye_leaf_spot.jpg,frog_eye_leaf_spot,True,4000,2672,1.4970059880239521,711.9912109375
01292_frog_eye_leaf_spot.jpg,frog_eye_leaf_spot,True,4000,2672,1.4970059880239521,809.2607421875
01293_frog_eye_leaf_spot.jpg,frog_eye_leaf_spot,True,4000,2672,1.4970059880239521,764.60546875
01294_frog_eye_leaf_spot.jpg,frog_eye_leaf_spot,True,4000,2672,1.4970059880239521,718.111328125
01295_frog_eye_leaf_spot.jpg,frog_eye_leaf_spot,True,4000,2672,1.4970059880239521,840.720703125
01296_frog_eye_leaf_spot.jpg,frog_eye_leaf_spot,True,4000,2672,1.4970059880239521,633.908203125
01297_frog_eye_leaf_spot.jpg,frog_eye_leaf_spot,True,4000,2672,1.4970059880239521,1107.2431640625
01298_frog_eye_leaf_spot.jpg,frog_eye_leaf_spot,True,4000,2672,1.4970059880239521,997.724609375
01299_frog_eye_leaf_spot.jpg,frog_eye_leaf_spot,True,4000,2672,1.4970059880239521,787.22265625
01300_frog_eye_leaf_spot.jpg,frog_eye_leaf_spot,True,4000,2672,1.4970059880239521,713.263671875
01301_frog_eye_leaf_spot.jpg,frog_eye_leaf_spot,True,4000,2672,1.4970059880239521,863.841796875
01302_frog_eye_leaf_spot.jpg,frog_eye_leaf_spot,True,4000,2672,1.4970059880239521,892.37890625
01303_frog_eye_leaf_spot.jpg,frog_eye_leaf_spot,True,4000,2672,1.4970059880239521,710.0146484375
01304_frog_eye_leaf_spot.jpg,frog_eye_leaf_spot,True,4000,2672,1.4970059880239521,652.5546875
01305_frog_eye_leaf_spot.jpg,frog_eye_leaf_spot,True,4000,2672,1.4970059880239521,634.1689453125
01306_frog_eye_leaf_spot.jpg,frog_eye_leaf_spot,True,4000,2672,1.4970059880239521,912.271484375
01307_frog_eye_leaf_spot.jpg,frog_eye_leaf_spot,True,4000,2672,1.4970059880239521,916.2900390625
01308_frog_eye_leaf_spot.jpg,frog_eye_leaf_spot,True,4000,2672,1.4970059880239521,574.94140625
01309_frog_eye_leaf_spot.jpg,frog_eye_leaf_spot,True,4000,2672,1.4970059880239521,748.171875
01310_frog_eye_leaf_spot.jpg,frog_eye_leaf_spot,True,4000,2672,1.4970059880239521,796.6962890625
01311_frog_eye_leaf_spot.jpg,frog_eye_leaf_spot,True,4000,2672,1.4970059880239521,986.734375
01312_frog_eye_leaf_spot.jpg,frog_eye_leaf_spot,True,4000,2672,1.4970059880239521,710.9716796875
01313_frog_eye_leaf_spot.jpg,frog_eye_leaf_spot,True,4000,2672,1.4970059880239521,742.8310546875
01314_frog_eye_leaf_spot.jpg,frog_eye_leaf_spot,True,4000,2672,1.4970059880239521,928.765625
01315_frog_eye_leaf_spot.jpg,frog_eye_leaf_spot,True,4000,2672,1.4970059880239521,794.533203125
01316_frog_eye_leaf_spot.jpg,frog_eye_leaf_spot,True,4000,2672,1.4970059880239521,806.234375
01317_frog_eye_leaf_spot.jpg,frog_eye_leaf_spot,True,4000,2672,1.4970059880239521,763.3310546875
01318_frog_eye_leaf_spot.jpg,frog_eye_leaf_spot,True,4000,2672,1.4970059880239521,692.421875
01319_frog_eye_leaf_spot.jpg,frog_eye_leaf_spot,True,4000,2672,1.4970059880239521,908.1435546875
01320_frog_eye_leaf_spot.jpg,frog_eye_leaf_spot,True,4000,2672,1.4970059880239521,644.626953125
01321_frog_eye_leaf_spot.jpg,frog_eye_leaf_spot,True,4000,2672,1.4970059880239521,864.05859375
01322_frog_eye_leaf_spot.jpg,frog_eye_leaf_spot,True,4000,2672,1.4970059880239521,897.5927734375
01323_frog_eye_leaf_spot.jpg,frog_eye_leaf_spot,True,4000,2672,1.4970059880239521,812.65625
01324_frog_eye_leaf_spot.jpg,frog_eye_leaf_spot,True,4000,2672,1.4970059880239521,753.869140625
01325_frog_eye_leaf_spot.jpg,frog_eye_leaf_spot,True,4000,2672,1.4970059880239521,823.5009765625
01326_frog_eye_leaf_spot.jpg,frog_eye_leaf_spot,True,4000,2672,1.4970059880239521,897.0009765625
01327_frog_eye_leaf_spot.jpg,frog_eye_leaf_spot,True,4000,2672,1.4970059880239521,837.3447265625
01328_frog_eye_leaf_spot.jpg,frog_eye_leaf_spot,True,4000,2672,1.4970059880239521,808.6015625
01329_frog_eye_leaf_spot.jpg,frog_eye_leaf_spot,True,4000,2672,1.4970059880239521,785.7822265625
01330_frog_eye_leaf_spot.jpg,frog_eye_leaf_spot,True,4000,2672,1.4970059880239521,917.0927734375
01331_frog_eye_leaf_spot.jpg,frog_eye_leaf_spot,True,4000,2672,1.4970059880239521,939.31640625
01332_frog_eye_leaf_spot.jpg,frog_eye_leaf_spot,True,4000,2672,1.4970059880239521,803.0654296875
01333_frog_eye_leaf_spot.jpg,frog_eye_leaf_spot,True,4000,2672,1.4970059880239521,1067.2783203125
01334_frog_eye_leaf_spot.jpg,frog_eye_leaf_spot,True,4000,2672,1.4970059880239521,957.2509765625
01335_frog_eye_leaf_spot.jpg,frog_eye_leaf_spot,True,4000,2672,1.4970059880239521,998.099609375
01336_frog_eye_leaf_spot.jpg,frog_eye_leaf_spot,True,4000,2672,1.4970059880239521,884.1201171875
01337_frog_eye_leaf_spot.jpg,frog_eye_leaf_spot,True,4000,3000,1.3333333333333333,981.53125
01338_frog_eye_leaf_spot.jpg,frog_eye_leaf_spot,True,4000,2672,1.4970059880239521,989.83984375
01339_frog_eye_leaf_spot.jpg,frog_eye_leaf_spot,True,4000,2672,1.4970059880239521,772.94921875
01340_frog_eye_leaf_spot.jpg,frog_eye_leaf_spot,True,4000,2672,1.4970059880239521,882.7294921875
01341_frog_eye_leaf_spot.jpg,frog_eye_leaf_spot,True,4000,2672,1.4970059880239521,942.046875
01342_frog_eye_leaf_spot.jpg,frog_eye_leaf_spot,True,4000,2672,1.4970059880239521,751.8583984375
01343_frog_eye_leaf_spot.jpg,frog_eye_leaf_spot,True,4000,2672,1.4970059880239521,665.4892578125
01344_frog_eye_leaf_spot.jpg,frog_eye_leaf_spot,True,4000,2672,1.4970059880239521,807.962890625
01345_frog_eye_leaf_spot.jpg,frog_eye_leaf_spot,True,4000,2672,1.4970059880239521,1040.0556640625
01346_frog_eye_leaf_spot.jpg,frog_eye_leaf_spot,True,4000,2672,1.4970059880239521,997.689453125
01347_frog_eye_leaf_spot.jpg,frog_eye_leaf_spot,True,4000,2672,1.4970059880239521,1012.5927734375
01348_frog_eye_leaf_spot.jpg,frog_eye_leaf_spot,True,4000,2672,1.4970059880239521,826.87109375
01349_frog_eye_leaf_spot.jpg,frog_eye_leaf_spot,True,4000,2672,1.4970059880239521,843.08203125
01350_frog_eye_leaf_spot.jpg,frog_eye_leaf_spot,True,4000,2672,1.4970059880239521,776.572265625
01351_frog_eye_leaf_spot.jpg,frog_eye_leaf_spot,True,4000,2672,1.4970059880239521,841.8466796875
01352_frog_eye_leaf_spot.jpg,frog_eye_leaf_spot,True,4000,2672,1.4970059880239521,911.6767578125
01353_frog_eye_leaf_spot.jpg,frog_eye_leaf_spot,True,4000,2672,1.4970059880239521,720.3330078125
01354_frog_eye_leaf_spot.jpg,frog_eye_leaf_spot,True,4000,2672,1.4970059880239521,869.7509765625
01355_frog_eye_leaf_spot.jpg,frog_eye_leaf_spot,True,4000,2672,1.4970059880239521,948.5361328125
01356_frog_eye_leaf_spot.jpg,frog_eye_leaf_spot,True,4000,2672,1.4970059880239521,994.6728515625
01357_frog_eye_leaf_spot.jpg,frog_eye_leaf_spot,True,4000,2672,1.4970059880239521,782.5703125
01358_frog_eye_leaf_spot.jpg,frog_eye_leaf_spot,True,4000,2672,1.4970059880239521,1036.443359375
01359_frog_eye_leaf_spot.jpg,frog_eye_leaf_spot,True,4000,2672,1.4970059880239521,859.708984375
01360_frog_eye_leaf_spot.jpg,frog_eye_leaf_spot,True,4000,2672,1.4970059880239521,868.9501953125
01361_frog_eye_leaf_spot.jpg,frog_eye_leaf_spot,True,4000,2672,1.4970059880239521,878.810546875
01362_frog_eye_leaf_spot.jpg,frog_eye_leaf_spot,True,4000,2672,1.4970059880239521,875.9091796875
01363_frog_eye_leaf_spot.jpg,frog_eye_leaf_spot,True,4000,2672,1.4970059880239521,925.80859375
01364_frog_eye_leaf_spot.jpg,frog_eye_leaf_spot,True,4000,2672,1.4970059880239521,855.72265625
01365_frog_eye_leaf_spot.jpg,frog_eye_leaf_spot,True,4000,2672,1.4970059880239521,669.1904296875
01366_frog_eye_leaf_spot.jpg,frog_eye_leaf_spot,True,4000,2672,1.4970059880239521,891.296875
01367_frog_eye_leaf_spot.jpg,frog_eye_leaf_spot,True,4000,2672,1.4970059880239521,986.435546875
01368_frog_eye_leaf_spot.jpg,frog_eye_leaf_spot,True,4000,2672,1.4970059880239521,1038.470703125
01369_frog_eye_leaf_spot.jpg,frog_eye_leaf_spot,True,4000,2672,1.4970059880239521,800.6171875
01370_frog_eye_leaf_spot.jpg,frog_eye_leaf_spot,True,4000,2672,1.4970059880239521,1042.5126953125
01371_frog_eye_leaf_spot.jpg,frog_eye_leaf_spot,True,4000,3000,1.3333333333333333,1071.0185546875
01372_frog_eye_leaf_spot.jpg,frog_eye_leaf_spot,True,4000,2672,1.4970059880239521,680.357421875
01373_frog_eye_leaf_spot.jpg,frog_eye_leaf_spot,True,4000,2672,1.4970059880239521,601.6298828125
01374_frog_eye_leaf_spot.jpg,frog_eye_leaf_spot,True,4000,2672,1.4970059880239521,738.6005859375
01375_frog_eye_leaf_spot.jpg,frog_eye_leaf_spot,True,4000,2672,1.4970059880239521,1082.91796875
01376_frog_eye_leaf_spot.jpg,frog_eye_leaf_spot,True,4000,2672,1.4970059880239521,913.099609375
01377_frog_eye_leaf_spot.jpg,frog_eye_leaf_spot,True,4000,2672,1.4970059880239521,813.3837890625
01378_frog_eye_leaf_spot.jpg,frog_eye_leaf_spot,True,4000,2672,1.4970059880239521,849.2265625
01379_frog_eye_leaf_spot.jpg,frog_eye_leaf_spot,True,4000,2672,1.4970059880239521,974.1396484375
01380_frog_eye_leaf_spot.jpg,frog_eye_leaf_spot,True,4000,2672,1.4970059880239521,957.482421875
01381_frog_eye_leaf_spot.jpg,frog_eye_leaf_spot,True,4000,2672,1.4970059880239521,787.1806640625
01382_frog_eye_leaf_spot.jpg,frog_eye_leaf_spot,True,4000,2672,1.4970059880239521,709.3642578125
01383_frog_eye_leaf_spot.jpg,frog_eye_leaf_spot,True,4000,2672,1.4970059880239521,763.46875
01384_frog_eye_leaf_spot.jpg,frog_eye_leaf_spot,True,4000,2672,1.4970059880239521,889.390625
01385_frog_eye_leaf_spot.jpg,frog_eye_leaf_spot,True,4000,2672,1.4970059880239521,984.4091796875
01386_frog_eye_leaf_spot.jpg,frog_eye_leaf_spot,True,4000,2672,1.4970059880239521,867.38671875
01387_frog_eye_leaf_spot.jpg,frog_eye_leaf_spot,True,4000,2672,1.4970059880239521,790.4638671875
01388_frog_eye_leaf_spot.jpg,frog_eye_leaf_spot,True,4000,3000,1.3333333333333333,1023.3193359375
01389_frog_eye_leaf_spot.jpg,frog_eye_leaf_spot,True,4000,2672,1.4970059880239521,852.6328125
01390_frog_eye_leaf_spot.jpg,frog_eye_leaf_spot,True,4000,2672,1.4970059880239521,975.9501953125
01391_frog_eye_leaf_spot.jpg,frog_eye_leaf_spot,True,4000,2672,1.4970059880239521,909.41796875
01392_frog_eye_leaf_spot.jpg,frog_eye_leaf_spot,True,4000,2672,1.4970059880239521,909.85546875
01393_frog_eye_leaf_spot.jpg,frog_eye_leaf_spot,True,4000,2672,1.4970059880239521,970.0263671875
01394_frog_eye_leaf_spot.jpg,frog_eye_leaf_spot,True,4000,2672,1.4970059880239521,705.01953125
01395_frog_eye_leaf_spot.jpg,frog_eye_leaf_spot,True,4000,3000,1.3333333333333333,922.5625
01396_frog_eye_leaf_spot.jpg,frog_eye_leaf_spot,True,4000,2672,1.4970059880239521,732.2197265625
01397_frog_eye_leaf_spot.jpg,frog_eye_leaf_spot,True,4000,2672,1.4970059880239521,808.0517578125
01398_frog_eye_leaf_spot.jpg,frog_eye_leaf_spot,True,4000,2672,1.4970059880239521,1114.66015625
01399_frog_eye_leaf_spot.jpg,frog_eye_leaf_spot,True,4000,2672,1.4970059880239521,735.0751953125
01400_frog_eye_leaf_spot.jpg,frog_eye_leaf_spot,True,4000,2672,1.4970059880239521,725.5087890625
01401_frog_eye_leaf_spot.jpg,frog_eye_leaf_spot,True,4000,2672,1.4970059880239521,827.3154296875
01402_frog_eye_leaf_spot.jpg,frog_eye_leaf_spot,True,2592,1728,1.5,189.8994140625
01403_frog_eye_leaf_spot.jpg,frog_eye_leaf_spot,True,4000,2672,1.4970059880239521,815.2822265625
01404_frog_eye_leaf_spot.jpg,frog_eye_leaf_spot,True,4000,2672,1.4970059880239521,822.2060546875
01405_frog_eye_leaf_spot.jpg,frog_eye_leaf_spot,True,4608,3456,1.3333333333333333,1261.4404296875
01406_frog_eye_leaf_spot.jpg,frog_eye_leaf_spot,True,4000,2672,1.4970059880239521,843.6142578125
01407_frog_eye_leaf_spot.jpg,frog_eye_leaf_spot,True,4000,2672,1.4970059880239521,952.6533203125
01408_frog_eye_leaf_spot.jpg,frog_eye_leaf_spot,True,4000,2672,1.4970059880239521,735.287109375
01409_frog_eye_leaf_spot.jpg,frog_eye_leaf_spot,True,4000,2672,1.4970059880239521,783.849609375
01410_frog_eye_leaf_spot.jpg,frog_eye_leaf_spot,True,4000,2672,1.4970059880239521,989.484375
01411_frog_eye_leaf_spot.jpg,frog_eye_leaf_spot,True,4000,2672,1.4970059880239521,898.796875
01412_frog_eye_leaf_spot.jpg,frog_eye_leaf_spot,True,4000,2672,1.4970059880239521,766.4462890625
01413_frog_eye_leaf_spot.jpg,frog_eye_leaf_spot,True,4000,2672,1.4970059880239521,1095.478515625
01414_frog_eye_leaf_spot.jpg,frog_eye_leaf_spot,True,4000,2672,1.4970059880239521,812.4541015625
01415_frog_eye_leaf_spot.jpg,frog_eye_leaf_spot,True,4000,2672,1.4970059880239521,801.853515625
01416_frog_eye_leaf_spot.jpg,frog_eye_leaf_spot,True,4000,2672,1.4970059880239521,747.3984375
01417_frog_eye_leaf_spot.jpg,frog_eye_leaf_spot,True,4000,2672,1.4970059880239521,836.630859375
01418_frog_eye_leaf_spot.jpg,frog_eye_leaf_spot,True,4000,2672,1.4970059880239521,859.3515625
01419_frog_eye_leaf_spot.jpg,frog_eye_leaf_spot,True,4000,2672,1.4970059880239521,461.6181640625
01420_frog_eye_leaf_spot.jpg,frog_eye_leaf_spot,True,4000,2672,1.4970059880239521,950.65234375
01421_frog_eye_leaf_spot.jpg,frog_eye_leaf_spot,True,4000,2672,1.4970059880239521,870.638671875
01422_frog_eye_leaf_spot.jpg,frog_eye_leaf_spot,True,4000,2672,1.4970059880239521,962.537109375
01423_frog_eye_leaf_spot.jpg,frog_eye_leaf_spot,True,4000,2672,1.4970059880239521,770.4033203125
01424_frog_eye_leaf_spot.jpg,frog_eye_leaf_spot,True,4000,2672,1.4970059880239521,622.619140625
01425_frog_eye_leaf_spot.jpg,frog_eye_leaf_spot,True,4000,2672,1.4970059880239521,993.3837890625
01426_frog_eye_leaf_spot.jpg,frog_eye_leaf_spot,True,4000,2672,1.4970059880239521,675.611328125
01427_frog_eye_leaf_spot.jpg,frog_eye_leaf_spot,True,4000,2672,1.4970059880239521,1145.822265625
01428_frog_eye_leaf_spot.jpg,frog_eye_leaf_spot,True,4000,2672,1.4970059880239521,799.6826171875
01429_frog_eye_leaf_spot.jpg,frog_eye_leaf_spot,True,4000,2672,1.4970059880239521,863.4267578125
01430_frog_eye_leaf_spot.jpg,frog_eye_leaf_spot,True,4000,2672,1.4970059880239521,1142.244140625
01431_frog_eye_leaf_spot.jpg,frog_eye_leaf_spot,True,4000,2672,1.4970059880239521,871.125
01432_frog_eye_leaf_spot.jpg,frog_eye_leaf_spot,True,4000,2672,1.4970059880239521,1022.37109375
01433_frog_eye_leaf_spot.jpg,frog_eye_leaf_spot,True,4000,2672,1.4970059880239521,951.939453125
01434_frog_eye_leaf_spot.jpg,frog_eye_leaf_spot,True,4000,2672,1.4970059880239521,1127.9296875
01435_frog_eye_leaf_spot.jpg,frog_eye_leaf_spot,True,4000,2672,1.4970059880239521,887.3662109375
01436_frog_eye_leaf_spot.jpg,frog_eye_leaf_spot,True,4000,2672,1.4970059880239521,826.791015625
01437_frog_eye_leaf_spot.jpg,frog_eye_leaf_spot,True,4000,2672,1.4970059880239521,777.7998046875
01438_frog_eye_leaf_spot.jpg,frog_eye_leaf_spot,True,4000,2672,1.4970059880239521,832.1220703125
01439_frog_eye_leaf_spot.jpg,frog_eye_leaf_spot,True,4000,2672,1.4970059880239521,779.2080078125
01440_frog_eye_leaf_spot.jpg,frog_eye_leaf_spot,True,4000,2672,1.4970059880239521,1133.5595703125
01441_frog_eye_leaf_spot.jpg,frog_eye_leaf_spot,True,4000,2672,1.4970059880239521,779.0283203125
01442_frog_eye_leaf_spot.jpg,frog_eye_leaf_spot,True,4000,2672,1.4970059880239521,765.724609375
01443_frog_eye_leaf_spot.jpg,frog_eye_leaf_spot,True,4000,2672,1.4970059880239521,1070.873046875
01444_frog_eye_leaf_spot.jpg,frog_eye_leaf_spot,True,4000,2672,1.4970059880239521,1010.1884765625
01445_frog_eye_leaf_spot.jpg,frog_eye_leaf_spot,True,4000,2672,1.4970059880239521,739.05859375
01446_frog_eye_leaf_spot.jpg,frog_eye_leaf_spot,True,4000,2672,1.4970059880239521,952.693359375
01447_frog_eye_leaf_spot.jpg,frog_eye_leaf_spot,True,4000,2672,1.4970059880239521,880.986328125
01448_frog_eye_leaf_spot.jpg,frog_eye_leaf_spot,True,4000,2672,1.4970059880239521,866.634765625
01449_frog_eye_leaf_spot.jpg,frog_eye_leaf_spot,True,4000,2672,1.4970059880239521,689.087890625
01450_frog_eye_leaf_spot.jpg,frog_eye_leaf_spot,True,4000,2672,1.4970059880239521,989.732421875
01451_frog_eye_leaf_spot.jpg,frog_eye_leaf_spot,True,4000,2672,1.4970059880239521,933.345703125
01452_frog_eye_leaf_spot.jpg,frog_eye_leaf_spot,True,4000,2672,1.4970059880239521,568.037109375
01453_frog_eye_leaf_spot.jpg,frog_eye_leaf_spot,True,4000,2672,1.4970059880239521,862.951171875
01454_frog_eye_leaf_spot.jpg,frog_eye_leaf_spot,True,4000,2672,1.4970059880239521,667.7392578125
01455_frog_eye_leaf_spot.jpg,frog_eye_leaf_spot,True,4000,2672,1.4970059880239521,986.2568359375
01456_frog_eye_leaf_spot.jpg,frog_eye_leaf_spot,True,4000,2672,1.4970059880239521,699.4150390625
01457_frog_eye_leaf_spot.jpg,frog_eye_leaf_spot,True,4000,2672,1.4970059880239521,1040.91796875
01458_frog_eye_leaf_spot.jpg,frog_eye_leaf_spot,True,4000,2672,1.4970059880239521,777.7041015625
01459_frog_eye_leaf_spot.jpg,frog_eye_leaf_spot,True,4000,2672,1.4970059880239521,875.9306640625
01460_frog_eye_leaf_spot.jpg,frog_eye_leaf_spot,True,4000,2672,1.4970059880239521,979.712890625
01461_frog_eye_leaf_spot.jpg,frog_eye_leaf_spot,True,4000,2672,1.4970059880239521,886.13671875
01462_frog_eye_leaf_spot.jpg,frog_eye_leaf_spot,True,4000,2672,1.4970059880239521,681.5390625
01463_frog_eye_leaf_spot.jpg,frog_eye_leaf_spot,True,4000,2672,1.4970059880239521,812.396484375
01464_frog_eye_leaf_spot.jpg,frog_eye_leaf_spot,True,4000,2672,1.4970059880239521,966.154296875
01465_frog_eye_leaf_spot.jpg,frog_eye_leaf_spot,True,4000,2672,1.4970059880239521,741.3916015625
01466_frog_eye_leaf_spot.jpg,frog_eye_leaf_spot,True,4000,2672,1.4970059880239521,957.5703125
01467_frog_eye_leaf_spot.jpg,frog_eye_leaf_spot,True,4000,2672,1.4970059880239521,688.42578125
01468_frog_eye_leaf_spot.jpg,frog_eye_leaf_spot,True,4000,2672,1.4970059880239521,887.5595703125
01469_frog_eye_leaf_spot.jpg,frog_eye_leaf_spot,True,4000,2672,1.4970059880239521,625.4990234375
01470_frog_eye_leaf_spot.jpg,frog_eye_leaf_spot,True,4000,2672,1.4970059880239521,818.94140625
01471_frog_eye_leaf_spot.jpg,frog_eye_leaf_spot,True,4000,2672,1.4970059880239521,795.494140625
01472_frog_eye_leaf_spot.jpg,frog_eye_leaf_spot,True,4000,2672,1.4970059880239521,923.6171875
01473_frog_eye_leaf_spot.jpg,frog_eye_leaf_spot,True,4000,2672,1.4970059880239521,704.6796875
01474_frog_eye_leaf_spot.jpg,frog_eye_leaf_spot,True,4000,2672,1.4970059880239521,775.3798828125
01475_frog_eye_leaf_spot.jpg,frog_eye_leaf_spot,True,4000,2672,1.4970059880239521,858.708984375
01476_frog_eye_leaf_spot.jpg,frog_eye_leaf_spot,True,4000,2672,1.4970059880239521,674.0341796875
01477_frog_eye_leaf_spot.jpg,frog_eye_leaf_spot,True,4000,2672,1.4970059880239521,956.2470703125
01478_frog_eye_leaf_spot.jpg,frog_eye_leaf_spot,True,4000,2672,1.4970059880239521,649.8095703125
01479_frog_eye_leaf_spot.jpg,frog_eye_leaf_spot,True,4000,2672,1.4970059880239521,512.43359375
01480_frog_eye_leaf_spot.jpg,frog_eye_leaf_spot,True,4000,2672,1.4970059880239521,789.109375
01481_frog_eye_leaf_spot.jpg,frog_eye_leaf_spot,True,4000,2672,1.4970059880239521,729.091796875
01482_frog_eye_leaf_spot.jpg,frog_eye_leaf_spot,True,4000,2672,1.4970059880239521,726.765625
01483_frog_eye_leaf_spot.jpg,frog_eye_leaf_spot,True,4000,2672,1.4970059880239521,863.21484375
01484_frog_eye_leaf_spot.jpg,frog_eye_leaf_spot,True,4000,2672,1.4970059880239521,816.7294921875
01485_frog_eye_leaf_spot.jpg,frog_eye_leaf_spot,True,4000,2672,1.4970059880239521,899.5537109375
01486_frog_eye_leaf_spot.jpg,frog_eye_leaf_spot,True,4000,2672,1.4970059880239521,852.0556640625
01487_frog_eye_leaf_spot.jpg,frog_eye_leaf_spot,True,4000,2672,1.4970059880239521,777.654296875
01488_frog_eye_leaf_spot.jpg,frog_eye_leaf_spot,True,4000,2672,1.4970059880239521,804.8955078125
01489_frog_eye_leaf_spot.jpg,frog_eye_leaf_spot,True,4000,2672,1.4970059880239521,735.7001953125
01490_frog_eye_leaf_spot.jpg,frog_eye_leaf_spot,True,4000,2672,1.4970059880239521,976.3515625
01491_frog_eye_leaf_spot.jpg,frog_eye_leaf_spot,True,4000,2672,1.4970059880239521,803.2939453125
01492_frog_eye_leaf_spot.jpg,frog_eye_leaf_spot,True,4000,2672,1.4970059880239521,751.6171875
01493_frog_eye_leaf_spot.jpg,frog_eye_leaf_spot,True,4000,2672,1.4970059880239521,886.6064453125
01494_frog_eye_leaf_spot.jpg,frog_eye_leaf_spot,True,4000,2672,1.4970059880239521,816.5908203125
01495_frog_eye_leaf_spot.jpg,frog_eye_leaf_spot,True,4000,2672,1.4970059880239521,689.1669921875
01496_frog_eye_leaf_spot.jpg,frog_eye_leaf_spot,True,4000,2672,1.4970059880239521,886.7509765625
01497_frog_eye_leaf_spot.jpg,frog_eye_leaf_spot,True,4000,2672,1.4970059880239521,911.07421875
01498_frog_eye_leaf_spot.jpg,frog_eye_leaf_spot,True,4000,2672,1.4970059880239521,647.732421875
01499_frog_eye_leaf_spot.jpg,frog_eye_leaf_spot,True,4000,2672,1.4970059880239521,766.2431640625
01500_frog_eye_leaf_spot.jpg,frog_eye_leaf_spot,True,4000,2672,1.4970059880239521,1007.923828125
01501_frog_eye_leaf_spot.jpg,frog_eye_leaf_spot,True,4000,2672,1.4970059880239521,806.0458984375
01502_frog_eye_leaf_spot.jpg,frog_eye_leaf_spot,True,4000,2672,1.4970059880239521,776.7998046875
01503_frog_eye_leaf_spot.jpg,frog_eye_leaf_spot,True,4000,2672,1.4970059880239521,849.29296875
01504_frog_eye_leaf_spot.jpg,frog_eye_leaf_spot,True,4000,2672,1.4970059880239521,731.5234375
01505_frog_eye_leaf_spot.jpg,frog_eye_leaf_spot,True,4000,2672,1.4970059880239521,643.1083984375
01506_frog_eye_leaf_spot.jpg,frog_eye_leaf_spot,True,4000,2672,1.4970059880239521,962.3603515625
01507_frog_eye_leaf_spot.jpg,frog_eye_leaf_spot,True,4000,2672,1.4970059880239521,542.4404296875
01508_frog_eye_leaf_spot.jpg,frog_eye_leaf_spot,True,4000,2672,1.4970059880239521,648.0078125
01509_frog_eye_leaf_spot.jpg,frog_eye_leaf_spot,True,4000,2672,1.4970059880239521,737.1767578125
01510_frog_eye_leaf_spot.jpg,frog_eye_leaf_spot,True,4000,2672,1.4970059880239521,692.783203125
01511_frog_eye_leaf_spot.jpg,frog_eye_leaf_spot,True,4000,2672,1.4970059880239521,874.0
01512_frog_eye_leaf_spot.jpg,frog_eye_leaf_spot,True,4000,3000,1.3333333333333333,1064.7177734375
01513_frog_eye_leaf_spot.jpg,frog_eye_leaf_spot,True,4000,2672,1.4970059880239521,805.46484375
01514_frog_eye_leaf_spot.jpg,frog_eye_leaf_spot,True,4000,2672,1.4970059880239521,822.2451171875
01515_frog_eye_leaf_spot.jpg,frog_eye_leaf_spot,True,4000,2672,1.4970059880239521,722.546875
01516_frog_eye_leaf_spot.jpg,frog_eye_leaf_spot,True,4000,2672,1.4970059880239521,928.607421875
01517_frog_eye_leaf_spot.jpg,frog_eye_leaf_spot,True,4000,2672,1.4970059880239521,727.09375
01518_frog_eye_leaf_spot.jpg,frog_eye_leaf_spot,True,4000,2672,1.4970059880239521,699.57421875
01519_frog_eye_leaf_spot.jpg,frog_eye_leaf_spot,True,4000,2672,1.4970059880239521,882.662109375
01520_frog_eye_leaf_spot.jpg,frog_eye_leaf_spot,True,4000,2672,1.4970059880239521,832.837890625
01521_frog_eye_leaf_spot.jpg,frog_eye_leaf_spot,True,4000,2672,1.4970059880239521,626.0751953125
01522_frog_eye_leaf_spot.jpg,frog_eye_leaf_spot,True,4000,2672,1.4970059880239521,704.05859375
01523_frog_eye_leaf_spot.jpg,frog_eye_leaf_spot,True,4000,2672,1.4970059880239521,970.4248046875
01524_frog_eye_leaf_spot.jpg,frog_eye_leaf_spot,True,4000,2672,1.4970059880239521,876.2744140625
01525_frog_eye_leaf_spot.jpg,frog_eye_leaf_spot,True,4000,2672,1.4970059880239521,864.6474609375
01526_frog_eye_leaf_spot.jpg,frog_eye_leaf_spot,True,4000,2672,1.4970059880239521,734.5986328125
01527_frog_eye_leaf_spot.jpg,frog_eye_leaf_spot,True,4000,2672,1.4970059880239521,926.9248046875
01528_frog_eye_leaf_spot.jpg,frog_eye_leaf_spot,True,4000,2672,1.4970059880239521,761.6865234375
01529_frog_eye_leaf_spot.jpg,frog_eye_leaf_spot,True,4000,2672,1.4970059880239521,671.2861328125
01530_frog_eye_leaf_spot.jpg,frog_eye_leaf_spot,True,4000,2672,1.4970059880239521,899.625
01531_frog_eye_leaf_spot.jpg,frog_eye_leaf_spot,True,4000,2672,1.4970059880239521,653.57421875
01532_frog_eye_leaf_spot.jpg,frog_eye_leaf_spot,True,4000,2672,1.4970059880239521,766.2548828125
01533_frog_eye_leaf_spot.jpg,frog_eye_leaf_spot,True,4000,2672,1.4970059880239521,874.78515625
01534_frog_eye_leaf_spot.jpg,frog_eye_leaf_spot,True,4000,2672,1.4970059880239521,844.212890625
01535_frog_eye_leaf_spot.jpg,frog_eye_leaf_spot,True,4000,2672,1.4970059880239521,1153.4326171875
01536_frog_eye_leaf_spot.jpg,frog_eye_leaf_spot,True,4000,2672,1.4970059880239521,854.1494140625
01537_frog_eye_leaf_spot.jpg,frog_eye_leaf_spot,True,4000,2672,1.4970059880239521,895.263671875
01538_frog_eye_leaf_spot.jpg,frog_eye_leaf_spot,True,4000,2672,1.4970059880239521,804.1259765625
01539_frog_eye_leaf_spot.jpg,frog_eye_leaf_spot,True,4000,2672,1.4970059880239521,831.37890625
01540_frog_eye_leaf_spot.jpg,frog_eye_leaf_spot,True,4000,2672,1.4970059880239521,579.494140625
01541_frog_eye_leaf_spot.jpg,frog_eye_leaf_spot,True,4000,2672,1.4970059880239521,775.125
01542_frog_eye_leaf_spot.jpg,frog_eye_leaf_spot,True,4000,2672,1.4970059880239521,765.25
01543_frog_eye_leaf_spot.jpg,frog_eye_leaf_spot,True,4000,2672,1.4970059880239521,732.171875
01544_frog_eye_leaf_spot.jpg,frog_eye_leaf_spot,True,4000,2672,1.4970059880239521,757.7080078125
01545_frog_eye_leaf_spot.jpg,frog_eye_leaf_spot,True,4000,2672,1.4970059880239521,876.931640625
01546_frog_eye_leaf_spot.jpg,frog_eye_leaf_spot,True,4000,2672,1.4970059880239521,803.6181640625
01547_frog_eye_leaf_spot.jpg,frog_eye_leaf_spot,True,4000,2672,1.4970059880239521,787.3994140625
01548_frog_eye_leaf_spot.jpg,frog_eye_leaf_spot,True,4000,2672,1.4970059880239521,542.939453125
01549_frog_eye_leaf_spot.jpg,frog_eye_leaf_spot,True,4000,2672,1.4970059880239521,734.50390625
01550_frog_eye_leaf_spot.jpg,frog_eye_leaf_spot,True,4000,2672,1.4970059880239521,775.109375
01551_frog_eye_leaf_spot.jpg,frog_eye_leaf_spot,True,4000,2672,1.4970059880239521,844.3251953125
01552_frog_eye_leaf_spot.jpg,frog_eye_leaf_spot,True,4000,2672,1.4970059880239521,837.724609375
01553_frog_eye_leaf_spot.jpg,frog_eye_leaf_spot,True,4000,2672,1.4970059880239521,956.0302734375
01554_frog_eye_leaf_spot.jpg,frog_eye_leaf_spot,True,4000,2672,1.4970059880239521,888.609375
01555_frog_eye_leaf_spot.jpg,frog_eye_leaf_spot,True,4000,2672,1.4970059880239521,785.482421875
01556_frog_eye_leaf_spot.jpg,frog_eye_leaf_spot,True,4000,2672,1.4970059880239521,707.029296875
01557_frog_eye_leaf_spot.jpg,frog_eye_leaf_spot,True,4000,2672,1.4970059880239521,503.21484375
01558_frog_eye_leaf_spot.jpg,frog_eye_leaf_spot,True,4000,2672,1.4970059880239521,598.9560546875
01559_frog_eye_leaf_spot.jpg,frog_eye_leaf_spot,True,4000,2672,1.4970059880239521,609.5419921875
01560_frog_eye_leaf_spot.jpg,frog_eye_leaf_spot,True,4000,2672,1.4970059880239521,749.283203125
01561_frog_eye_leaf_spot.jpg,frog_eye_leaf_spot,True,4000,2672,1.4970059880239521,827.29296875
01562_frog_eye_leaf_spot.jpg,frog_eye_leaf_spot,True,4000,2672,1.4970059880239521,613.4736328125
01563_frog_eye_leaf_spot.jpg,frog_eye_leaf_spot,True,4000,2672,1.4970059880239521,760.52734375
01564_frog_eye_leaf_spot.jpg,frog_eye_leaf_spot,True,4000,2672,1.4970059880239521,990.1572265625
01565_frog_eye_leaf_spot.jpg,frog_eye_leaf_spot,True,4000,2672,1.4970059880239521,824.775390625
01566_frog_eye_leaf_spot.jpg,frog_eye_leaf_spot,True,4000,2672,1.4970059880239521,860.669921875
01567_frog_eye_leaf_spot.jpg,frog_eye_leaf_spot,True,4000,2672,1.4970059880239521,900.6201171875
01568_frog_eye_leaf_spot.jpg,frog_eye_leaf_spot,True,4000,2672,1.4970059880239521,901.7216796875
01569_frog_eye_leaf_spot.jpg,frog_eye_leaf_spot,True,4000,2672,1.4970059880239521,737.310546875
01570_frog_eye_leaf_spot.jpg,frog_eye_leaf_spot,True,4000,2672,1.4970059880239521,719.76171875
01571_frog_eye_leaf_spot.jpg,frog_eye_leaf_spot,True,4000,2672,1.4970059880239521,787.171875
01572_frog_eye_leaf_spot.jpg,frog_eye_leaf_spot,True,4000,2672,1.4970059880239521,798.296875
01573_frog_eye_leaf_spot.jpg,frog_eye_leaf_spot,True,4000,2672,1.4970059880239521,695.9990234375
01574_frog_eye_leaf_spot.jpg,frog_eye_leaf_spot,True,4000,2672,1.4970059880239521,1036.169921875
01575_frog_eye_leaf_spot.jpg,frog_eye_leaf_spot,True,4000,2672,1.4970059880239521,750.55078125
01576_frog_eye_leaf_spot.jpg,frog_eye_leaf_spot,True,4000,2672,1.4970059880239521,862.11328125
01577_frog_eye_leaf_spot.jpg,frog_eye_leaf_spot,True,4000,2672,1.4970059880239521,801.55078125
01578_frog_eye_leaf_spot.jpg,frog_eye_leaf_spot,True,4000,2672,1.4970059880239521,636.7451171875
01579_frog_eye_leaf_spot.jpg,frog_eye_leaf_spot,True,4000,2672,1.4970059880239521,829.6201171875
01580_frog_eye_leaf_spot.jpg,frog_eye_leaf_spot,True,4000,2672,1.4970059880239521,583.6416015625
01581_frog_eye_leaf_spot.jpg,frog_eye_leaf_spot,True,4000,2672,1.4970059880239521,853.7431640625
01582_frog_eye_leaf_spot.jpg,frog_eye_leaf_spot,True,4000,2672,1.4970059880239521,894.626953125
01583_frog_eye_leaf_spot.jpg,frog_eye_leaf_spot,True,4000,2672,1.4970059880239521,869.0068359375
01584_frog_eye_leaf_spot.jpg,frog_eye_leaf_spot,True,4000,2672,1.4970059880239521,802.841796875
01585_frog_eye_leaf_spot.jpg,frog_eye_leaf_spot,True,4000,2672,1.4970059880239521,876.677734375
01586_frog_eye_leaf_spot.jpg,frog_eye_leaf_spot,True,4000,2672,1.4970059880239521,1125.0703125
01587_frog_eye_leaf_spot.jpg,frog_eye_leaf_spot,True,4000,2672,1.4970059880239521,797.75
01588_frog_eye_leaf_spot.jpg,frog_eye_leaf_spot,True,2592,1728,1.5,306.8525390625
01589_frog_eye_leaf_spot.jpg,frog_eye_leaf_spot,True,4000,2672,1.4970059880239521,518.8798828125
01590_frog_eye_leaf_spot.jpg,frog_eye_leaf_spot,True,4000,2672,1.4970059880239521,776.220703125
01591_frog_eye_leaf_spot.jpg,frog_eye_leaf_spot,True,4000,2672,1.4970059880239521,1003.5283203125
01592_frog_eye_leaf_spot.jpg,frog_eye_leaf_spot,True,4000,2672,1.4970059880239521,796.3701171875
01593_frog_eye_leaf_spot.jpg,frog_eye_leaf_spot,True,4000,2672,1.4970059880239521,871.1083984375
01594_frog_eye_leaf_spot.jpg,frog_eye_leaf_spot,True,4000,2672,1.4970059880239521,807.22265625
01595_frog_eye_leaf_spot.jpg,frog_eye_leaf_spot,True,2592,1728,1.5,206.7099609375
01596_frog_eye_leaf_spot.jpg,frog_eye_leaf_spot,True,4000,2672,1.4970059880239521,844.5625
01597_frog_eye_leaf_spot.jpg,frog_eye_leaf_spot,True,4000,2672,1.4970059880239521,750.33203125
01598_frog_eye_leaf_spot.jpg,frog_eye_leaf_spot,True,4000,2672,1.4970059880239521,899.3984375
01599_frog_eye_leaf_spot.jpg,frog_eye_leaf_spot,True,4000,2672,1.4970059880239521,774.103515625
01600_frog_eye_leaf_spot.jpg,frog_eye_leaf_spot,True,4000,2672,1.4970059880239521,800.703125
01601_frog_eye_leaf_spot.jpg,frog_eye_leaf_spot,True,4000,2672,1.4970059880239521,745.1396484375
01602_frog_eye_leaf_spot.jpg,frog_eye_leaf_spot,True,4000,2672,1.4970059880239521,870.3837890625
01603_frog_eye_leaf_spot.jpg,frog_eye_leaf_spot,True,4000,2672,1.4970059880239521,935.34375
01604_frog_eye_leaf_spot.jpg,frog_eye_leaf_spot,True,4000,2672,1.4970059880239521,723.537109375
01605_frog_eye_leaf_spot.jpg,frog_eye_leaf_spot,True,4000,2672,1.4970059880239521,776.9013671875
01606_frog_eye_leaf_spot.jpg,frog_eye_leaf_spot,True,4000,2672,1.4970059880239521,1105.66796875
01607_frog_eye_leaf_spot.jpg,frog_eye_leaf_spot,True,4000,2672,1.4970059880239521,799.8583984375
01608_frog_eye_leaf_spot.jpg,frog_eye_leaf_spot,True,4000,2672,1.4970059880239521,628.3017578125
01609_frog_eye_leaf_spot.jpg,frog_eye_leaf_spot,True,4000,2672,1.4970059880239521,1089.9072265625
01610_frog_eye_leaf_spot.jpg,frog_eye_leaf_spot,True,4000,2672,1.4970059880239521,856.9970703125
01611_frog_eye_leaf_spot.jpg,frog_eye_leaf_spot,True,4000,2672,1.4970059880239521,781.330078125
01612_frog_eye_leaf_spot.jpg,frog_eye_leaf_spot,True,4000,2672,1.4970059880239521,898.48046875
01613_frog_eye_leaf_spot.jpg,frog_eye_leaf_spot,True,4000,2672,1.4970059880239521,681.2998046875
01614_frog_eye_leaf_spot.jpg,frog_eye_leaf_spot,True,4000,2672,1.4970059880239521,898.2919921875
01615_frog_eye_leaf_spot.jpg,frog_eye_leaf_spot,True,4000,2672,1.4970059880239521,959.9794921875
01616_frog_eye_leaf_spot.jpg,frog_eye_leaf_spot,True,4000,2672,1.4970059880239521,1026.369140625
01617_frog_eye_leaf_spot.jpg,frog_eye_leaf_spot,True,4000,2672,1.4970059880239521,815.2451171875
01618_frog_eye_leaf_spot.jpg,frog_eye_leaf_spot,True,4000,2672,1.4970059880239521,796.0244140625
01619_frog_eye_leaf_spot.jpg,frog_eye_leaf_spot,True,4000,2672,1.4970059880239521,779.9091796875
01620_frog_eye_leaf_spot.jpg,frog_eye_leaf_spot,True,4000,2672,1.4970059880239521,773.7783203125
01621_frog_eye_leaf_spot.jpg,frog_eye_leaf_spot,True,4000,2672,1.4970059880239521,803.5322265625
01622_frog_eye_leaf_spot.jpg,frog_eye_leaf_spot,True,4000,2672,1.4970059880239521,900.6201171875
01623_frog_eye_leaf_spot.jpg,frog_eye_leaf_spot,True,2592,1728,1.5,239.5078125
01624_frog_eye_leaf_spot.jpg,frog_eye_leaf_spot,True,4000,2672,1.4970059880239521,860.2626953125
01625_frog_eye_leaf_spot.jpg,frog_eye_leaf_spot,True,4000,2672,1.4970059880239521,870.2568359375
01626_frog_eye_leaf_spot.jpg,frog_eye_leaf_spot,True,4000,2672,1.4970059880239521,754.775390625
01627_frog_eye_leaf_spot.jpg,frog_eye_leaf_spot,True,4000,2672,1.4970059880239521,778.5009765625
01628_frog_eye_leaf_spot.jpg,frog_eye_leaf_spot,True,4000,2672,1.4970059880239521,1014.9697265625
01629_frog_eye_leaf_spot.jpg,frog_eye_leaf_spot,True,4000,2672,1.4970059880239521,782.47265625
01630_frog_eye_leaf_spot.jpg,frog_eye_leaf_spot,True,4000,2672,1.4970059880239521,881.6494140625
01631_frog_eye_leaf_spot.jpg,frog_eye_leaf_spot,True,4000,2672,1.4970059880239521,698.9892578125
01632_frog_eye_leaf_spot.jpg,frog_eye_leaf_spot,True,4000,2672,1.4970059880239521,788.587890625
01633_frog_eye_leaf_spot.jpg,frog_eye_leaf_spot,True,4000,2672,1.4970059880239521,924.1328125
01634_frog_eye_leaf_spot.jpg,frog_eye_leaf_spot,True,4000,2672,1.4970059880239521,872.4912109375
01635_frog_eye_leaf_spot.jpg,frog_eye_leaf_spot,True,4000,2672,1.4970059880239521,581.19921875
01636_frog_eye_leaf_spot.jpg,frog_eye_leaf_spot,True,4000,2672,1.4970059880239521,702.078125
01637_frog_eye_leaf_spot.jpg,frog_eye_leaf_spot,True,4000,2672,1.4970059880239521,703.0966796875
01638_frog_eye_leaf_spot.jpg,frog_eye_leaf_spot,True,4000,2672,1.4970059880239521,1014.982421875
01639_frog_eye_leaf_spot.jpg,frog_eye_leaf_spot,True,4000,2672,1.4970059880239521,891.84375
01640_frog_eye_leaf_spot.jpg,frog_eye_leaf_spot,True,4000,2672,1.4970059880239521,962.9375
01641_frog_eye_leaf_spot.jpg,frog_eye_leaf_spot,True,4000,2672,1.4970059880239521,761.9736328125
01642_frog_eye_leaf_spot.jpg,frog_eye_leaf_spot,True,4000,2672,1.4970059880239521,940.904296875
01643_frog_eye_leaf_spot.jpg,frog_eye_leaf_spot,True,4000,2672,1.4970059880239521,851.458984375
01644_frog_eye_leaf_spot.jpg,frog_eye_leaf_spot,True,4000,2672,1.4970059880239521,1247.7353515625
01645_frog_eye_leaf_spot.jpg,frog_eye_leaf_spot,True,4000,2672,1.4970059880239521,695.6201171875
01646_frog_eye_leaf_spot.jpg,frog_eye_leaf_spot,True,4000,2672,1.4970059880239521,956.8388671875
01647_frog_eye_leaf_spot.jpg,frog_eye_leaf_spot,True,4000,2672,1.4970059880239521,882.0205078125
01648_frog_eye_leaf_spot.jpg,frog_eye_leaf_spot,True,4000,2672,1.4970059880239521,1028.736328125
01649_frog_eye_leaf_spot.jpg,frog_eye_leaf_spot,True,4000,2672,1.4970059880239521,814.90625
01650_frog_eye_leaf_spot.jpg,frog_eye_leaf_spot,True,4000,2672,1.4970059880239521,687.2958984375
01651_frog_eye_leaf_spot.jpg,frog_eye_leaf_spot,True,4000,2672,1.4970059880239521,791.484375
01652_frog_eye_leaf_spot.jpg,frog_eye_leaf_spot,True,4000,2672,1.4970059880239521,806.5966796875
01653_frog_eye_leaf_spot.jpg,frog_eye_leaf_spot,True,4000,2672,1.4970059880239521,766.58984375
01654_frog_eye_leaf_spot.jpg,frog_eye_leaf_spot,True,4000,2672,1.4970059880239521,870.1328125
01655_frog_eye_leaf_spot.jpg,frog_eye_leaf_spot,True,4000,2672,1.4970059880239521,716.322265625
01656_frog_eye_leaf_spot.jpg,frog_eye_leaf_spot,True,4000,2672,1.4970059880239521,757.5595703125
01657_frog_eye_leaf_spot.jpg,frog_eye_leaf_spot,True,4000,2672,1.4970059880239521,825.5078125
01658_frog_eye_leaf_spot.jpg,frog_eye_leaf_spot,True,4000,2672,1.4970059880239521,751.7177734375
01659_frog_eye_leaf_spot.jpg,frog_eye_leaf_spot,True,4000,2672,1.4970059880239521,868.9375
01660_frog_eye_leaf_spot.jpg,frog_eye_leaf_spot,True,4000,2672,1.4970059880239521,625.9794921875
01661_frog_eye_leaf_spot.jpg,frog_eye_leaf_spot,True,4000,2672,1.4970059880239521,953.1201171875
01662_frog_eye_leaf_spot.jpg,frog_eye_leaf_spot,True,4000,2672,1.4970059880239521,926.5498046875
01663_frog_eye_leaf_spot.jpg,frog_eye_leaf_spot,True,4000,2672,1.4970059880239521,767.001953125
01664_frog_eye_leaf_spot.jpg,frog_eye_leaf_spot,True,4000,2672,1.4970059880239521,694.6376953125
01665_frog_eye_leaf_spot.jpg,frog_eye_leaf_spot,True,4000,2672,1.4970059880239521,963.228515625
01666_frog_eye_leaf_spot.jpg,frog_eye_leaf_spot,True,4000,2672,1.4970059880239521,818.822265625
01667_frog_eye_leaf_spot.jpg,frog_eye_leaf_spot,True,4000,2672,1.4970059880239521,740.9755859375
01668_frog_eye_leaf_spot.jpg,frog_eye_leaf_spot,True,4000,2672,1.4970059880239521,1003.0
01669_frog_eye_leaf_spot.jpg,frog_eye_leaf_spot,True,4000,2672,1.4970059880239521,906.79296875
01670_frog_eye_leaf_spot.jpg,frog_eye_leaf_spot,True,4000,2672,1.4970059880239521,1089.0341796875
01671_frog_eye_leaf_spot.jpg,frog_eye_leaf_spot,True,4000,2672,1.4970059880239521,612.0458984375
01672_frog_eye_leaf_spot.jpg,frog_eye_leaf_spot,True,4000,2672,1.4970059880239521,819.630859375
01673_frog_eye_leaf_spot.jpg,frog_eye_leaf_spot,True,4000,2672,1.4970059880239521,935.6484375
01674_frog_eye_leaf_spot.jpg,frog_eye_leaf_spot,True,4000,2672,1.4970059880239521,751.341796875
01675_frog_eye_leaf_spot.jpg,frog_eye_leaf_spot,True,4000,2672,1.4970059880239521,776.1630859375
01676_frog_eye_leaf_spot.jpg,frog_eye_leaf_spot,True,4000,2672,1.4970059880239521,961.806640625
01677_frog_eye_leaf_spot.jpg,frog_eye_leaf_spot,True,4000,2672,1.4970059880239521,873.3447265625
01678_frog_eye_leaf_spot.jpg,frog_eye_leaf_spot,True,4000,2672,1.4970059880239521,764.0419921875
01679_frog_eye_leaf_spot.jpg,frog_eye_leaf_spot,True,4000,2672,1.4970059880239521,835.04296875
01680_frog_eye_leaf_spot.jpg,frog_eye_leaf_spot,True,4000,2672,1.4970059880239521,1077.0361328125
01681_frog_eye_leaf_spot.jpg,frog_eye_leaf_spot,True,4000,2672,1.4970059880239521,742.5029296875
01682_frog_eye_leaf_spot.jpg,frog_eye_leaf_spot,True,4000,2672,1.4970059880239521,656.203125
01683_frog_eye_leaf_spot.jpg,frog_eye_leaf_spot,True,4000,2672,1.4970059880239521,1040.6103515625
01684_frog_eye_leaf_spot.jpg,frog_eye_leaf_spot,True,4000,2672,1.4970059880239521,710.6552734375
01685_frog_eye_leaf_spot.jpg,frog_eye_leaf_spot,True,4000,2672,1.4970059880239521,787.4970703125
01686_frog_eye_leaf_spot.jpg,frog_eye_leaf_spot,True,4000,2672,1.4970059880239521,609.40234375
01687_frog_eye_leaf_spot.jpg,frog_eye_leaf_spot,True,4000,2672,1.4970059880239521,776.732421875
01688_frog_eye_leaf_spot.jpg,frog_eye_leaf_spot,True,4000,2672,1.4970059880239521,641.3173828125
01689_frog_eye_leaf_spot.jpg,frog_eye_leaf_spot,True,4000,2672,1.4970059880239521,813.43359375
01690_frog_eye_leaf_spot.jpg,frog_eye_leaf_spot,True,4000,2672,1.4970059880239521,830.587890625
01691_frog_eye_leaf_spot.jpg,frog_eye_leaf_spot,True,4000,2672,1.4970059880239521,962.890625
01692_frog_eye_leaf_spot.jpg,frog_eye_leaf_spot,True,4000,2672,1.4970059880239521,866.8388671875
01693_frog_eye_leaf_spot.jpg,frog_eye_leaf_spot,True,4000,2672,1.4970059880239521,767.333984375
01694_frog_eye_leaf_spot.jpg,frog_eye_leaf_spot,True,4000,2672,1.4970059880239521,941.595703125
01695_frog_eye_leaf_spot.jpg,frog_eye_leaf_spot,True,4000,2672,1.4970059880239521,889.8955078125
01696_frog_eye_leaf_spot.jpg,frog_eye_leaf_spot,True,4000,2672,1.4970059880239521,982.5234375
01697_frog_eye_leaf_spot.jpg,frog_eye_leaf_spot,True,4000,2672,1.4970059880239521,702.9716796875
01698_frog_eye_leaf_spot.jpg,frog_eye_leaf_spot,True,4000,2672,1.4970059880239521,790.080078125
01699_frog_eye_leaf_spot.jpg,frog_eye_leaf_spot,True,2592,1728,1.5,235.2734375
01700_frog_eye_leaf_spot.jpg,frog_eye_leaf_spot,True,4000,2672,1.4970059880239521,876.5888671875
01701_frog_eye_leaf_spot.jpg,frog_eye_leaf_spot,True,4000,2672,1.4970059880239521,1086.5888671875
01702_frog_eye_leaf_spot.jpg,frog_eye_leaf_spot,True,4000,2672,1.4970059880239521,713.9208984375
01703_frog_eye_leaf_spot.jpg,frog_eye_leaf_spot,True,4000,2672,1.4970059880239521,766.5654296875
01704_frog_eye_leaf_spot.jpg,frog_eye_leaf_spot,True,4000,2672,1.4970059880239521,819.8046875
01705_frog_eye_leaf_spot.jpg,frog_eye_leaf_spot,True,4000,2672,1.4970059880239521,679.1025390625
01706_frog_eye_leaf_spot.jpg,frog_eye_leaf_spot,True,4000,2672,1.4970059880239521,728.0166015625
01707_frog_eye_leaf_spot.jpg,frog_eye_leaf_spot,True,4000,2672,1.4970059880239521,592.58203125
01708_frog_eye_leaf_spot.jpg,frog_eye_leaf_spot,True,4000,2672,1.4970059880239521,931.3408203125
01709_frog_eye_leaf_spot.jpg,frog_eye_leaf_spot,True,4000,2672,1.4970059880239521,862.2880859375
01710_frog_eye_leaf_spot.jpg,frog_eye_leaf_spot,True,4000,2672,1.4970059880239521,958.3828125
01711_frog_eye_leaf_spot.jpg,frog_eye_leaf_spot,True,4000,2672,1.4970059880239521,806.2119140625
01712_frog_eye_leaf_spot.jpg,frog_eye_leaf_spot,True,4000,2672,1.4970059880239521,899.05078125
01713_frog_eye_leaf_spot.jpg,frog_eye_leaf_spot,True,4000,2672,1.4970059880239521,970.1123046875
01714_frog_eye_leaf_spot.jpg,frog_eye_leaf_spot,True,4000,2672,1.4970059880239521,754.2734375
01715_frog_eye_leaf_spot.jpg,frog_eye_leaf_spot,True,4000,2672,1.4970059880239521,753.5869140625
01716_frog_eye_leaf_spot.jpg,frog_eye_leaf_spot,True,4000,2672,1.4970059880239521,687.166015625
01717_frog_eye_leaf_spot.jpg,frog_eye_leaf_spot,True,4000,2672,1.4970059880239521,688.095703125
01718_frog_eye_leaf_spot.jpg,frog_eye_leaf_spot,True,2592,1728,1.5,340.484375
01719_frog_eye_leaf_spot.jpg,frog_eye_leaf_spot,True,4000,2672,1.4970059880239521,911.8291015625
01720_frog_eye_leaf_spot.jpg,frog_eye_leaf_spot,True,4000,2672,1.4970059880239521,766.21484375
01721_frog_eye_leaf_spot.jpg,frog_eye_leaf_spot,True,4000,2672,1.4970059880239521,1013.5869140625
01722_frog_eye_leaf_spot.jpg,frog_eye_leaf_spot,True,4000,2672,1.4970059880239521,913.544921875
01723_frog_eye_leaf_spot.jpg,frog_eye_leaf_spot,True,4000,2672,1.4970059880239521,941.5185546875
01724_frog_eye_leaf_spot.jpg,frog_eye_leaf_spot,True,4000,2672,1.4970059880239521,746.74609375
01725_frog_eye_leaf_spot.jpg,frog_eye_leaf_spot,True,4000,2672,1.4970059880239521,668.958984375
01726_frog_eye_leaf_spot.jpg,frog_eye_leaf_spot,True,4000,2672,1.4970059880239521,767.9296875
01727_frog_eye_leaf_spot.jpg,frog_eye_leaf_spot,True,4000,2672,1.4970059880239521,754.8076171875
01728_frog_eye_leaf_spot.jpg,frog_eye_leaf_spot,True,4000,2672,1.4970059880239521,718.46875
01729_frog_eye_leaf_spot.jpg,frog_eye_leaf_spot,True,4000,2672,1.4970059880239521,906.9326171875
01730_frog_eye_leaf_spot.jpg,frog_eye_leaf_spot,True,4000,2672,1.4970059880239521,864.2236328125
01731_frog_eye_leaf_spot.jpg,frog_eye_leaf_spot,True,4000,2672,1.4970059880239521,789.9521484375
01732_frog_eye_leaf_spot.jpg,frog_eye_leaf_spot,True,4000,2672,1.4970059880239521,807.8837890625
01733_frog_eye_leaf_spot.jpg,frog_eye_leaf_spot,True,4000,2672,1.4970059880239521,879.6435546875
01734_frog_eye_leaf_spot.jpg,frog_eye_leaf_spot,True,4000,2672,1.4970059880239521,779.8251953125
01735_frog_eye_leaf_spot.jpg,frog_eye_leaf_spot,True,4000,2672,1.4970059880239521,584.8408203125
01736_frog_eye_leaf_spot.jpg,frog_eye_leaf_spot,True,4000,2672,1.4970059880239521,1036.150390625
01737_frog_eye_leaf_spot.jpg,frog_eye_leaf_spot,True,4000,2672,1.4970059880239521,813.4755859375
01738_frog_eye_leaf_spot.jpg,frog_eye_leaf_spot,True,4000,2672,1.4970059880239521,1061.337890625
01739_frog_eye_leaf_spot.jpg,frog_eye_leaf_spot,True,4000,2672,1.4970059880239521,853.9345703125
01740_frog_eye_leaf_spot.jpg,frog_eye_leaf_spot,True,4000,2672,1.4970059880239521,821.9921875
01741_frog_eye_leaf_spot.jpg,frog_eye_leaf_spot,True,4000,2672,1.4970059880239521,768.6279296875
01742_frog_eye_leaf_spot.jpg,frog_eye_leaf_spot,True,4000,2672,1.4970059880239521,990.724609375
01743_frog_eye_leaf_spot.jpg,frog_eye_leaf_spot,True,4000,2672,1.4970059880239521,729.8544921875
01744_frog_eye_leaf_spot.jpg,frog_eye_leaf_spot,True,4000,2672,1.4970059880239521,943.892578125
01745_frog_eye_leaf_spot.jpg,frog_eye_leaf_spot,True,4000,2672,1.4970059880239521,972.294921875
01746_frog_eye_leaf_spot.jpg,frog_eye_leaf_spot,True,4000,2672,1.4970059880239521,635.1845703125
01747_frog_eye_leaf_spot.jpg,frog_eye_leaf_spot,True,4000,2672,1.4970059880239521,825.7998046875
01748_frog_eye_leaf_spot.jpg,frog_eye_leaf_spot,True,4000,2672,1.4970059880239521,937.568359375
01749_frog_eye_leaf_spot.jpg,frog_eye_leaf_spot,True,4000,2672,1.4970059880239521,792.3818359375
01750_frog_eye_leaf_spot.jpg,frog_eye_leaf_spot,True,4000,2672,1.4970059880239521,784.9130859375
01751_frog_eye_leaf_spot.jpg,frog_eye_leaf_spot,True,4000,2672,1.4970059880239521,764.1259765625
01752_frog_eye_leaf_spot.jpg,frog_eye_leaf_spot,True,4000,2672,1.4970059880239521,583.853515625
01753_frog_eye_leaf_spot.jpg,frog_eye_leaf_spot,True,4000,2672,1.4970059880239521,772.728515625
01754_frog_eye_leaf_spot.jpg,frog_eye_leaf_spot,True,4000,2672,1.4970059880239521,971.830078125
01755_frog_eye_leaf_spot.jpg,frog_eye_leaf_spot,True,4000,2672,1.4970059880239521,1018.0771484375
01756_frog_eye_leaf_spot.jpg,frog_eye_leaf_spot,True,4000,2672,1.4970059880239521,855.056640625
01757_frog_eye_leaf_spot.jpg,frog_eye_leaf_spot,True,4000,2672,1.4970059880239521,1028.1474609375
01758_frog_eye_leaf_spot.jpg,frog_eye_leaf_spot,True,4000,2672,1.4970059880239521,717.4599609375
01759_frog_eye_leaf_spot.jpg,frog_eye_leaf_spot,True,4000,2672,1.4970059880239521,732.7939453125
01760_frog_eye_leaf_spot.jpg,frog_eye_leaf_spot,True,4000,2672,1.4970059880239521,779.8759765625
01761_frog_eye_leaf_spot.jpg,frog_eye_leaf_spot,True,4000,2672,1.4970059880239521,782.8955078125
01762_frog_eye_leaf_spot.jpg,frog_eye_leaf_spot,True,4000,2672,1.4970059880239521,708.125
01763_frog_eye_leaf_spot.jpg,frog_eye_leaf_spot,True,4000,2672,1.4970059880239521,678.51171875
01764_frog_eye_leaf_spot.jpg,frog_eye_leaf_spot,True,4000,2672,1.4970059880239521,731.671875
01765_frog_eye_leaf_spot.jpg,frog_eye_leaf_spot,True,4000,2672,1.4970059880239521,818.4296875
01766_frog_eye_leaf_spot.jpg,frog_eye_leaf_spot,True,4000,2672,1.4970059880239521,791.1572265625
01767_frog_eye_leaf_spot.jpg,frog_eye_leaf_spot,True,4000,2672,1.4970059880239521,939.3017578125
01768_frog_eye_leaf_spot.jpg,frog_eye_leaf_spot,True,4000,2672,1.4970059880239521,770.1259765625
01769_frog_eye_leaf_spot.jpg,frog_eye_leaf_spot,True,4000,2672,1.4970059880239521,902.1044921875
01770_frog_eye_leaf_spot.jpg,frog_eye_leaf_spot,True,4000,2672,1.4970059880239521,905.1484375
01771_frog_eye_leaf_spot.jpg,frog_eye_leaf_spot,True,4000,2672,1.4970059880239521,825.9130859375
01772_frog_eye_leaf_spot.jpg,frog_eye_leaf_spot,True,4000,2672,1.4970059880239521,768.056640625
01773_frog_eye_leaf_spot.jpg,frog_eye_leaf_spot,True,4000,2672,1.4970059880239521,916.82421875
01774_frog_eye_leaf_spot.jpg,frog_eye_leaf_spot,True,4000,2672,1.4970059880239521,738.669921875
01775_frog_eye_leaf_spot.jpg,frog_eye_leaf_spot,True,4000,2672,1.4970059880239521,621.1171875
01776_frog_eye_leaf_spot.jpg,frog_eye_leaf_spot,True,4000,2672,1.4970059880239521,653.759765625
01777_frog_eye_leaf_spot.jpg,frog_eye_leaf_spot,True,4000,2672,1.4970059880239521,901.599609375
01778_frog_eye_leaf_spot.jpg,frog_eye_leaf_spot,True,4000,2672,1.4970059880239521,731.4599609375
01779_frog_eye_leaf_spot.jpg,frog_eye_leaf_spot,True,4000,2672,1.4970059880239521,851.455078125
01780_frog_eye_leaf_spot.jpg,frog_eye_leaf_spot,True,4000,2672,1.4970059880239521,873.490234375
01781_frog_eye_leaf_spot.jpg,frog_eye_leaf_spot,True,4000,2672,1.4970059880239521,1022.6162109375
01782_frog_eye_leaf_spot.jpg,frog_eye_leaf_spot,True,4000,2672,1.4970059880239521,770.650390625
01783_frog_eye_leaf_spot.jpg,frog_eye_leaf_spot,True,4000,2672,1.4970059880239521,812.92578125
01784_frog_eye_leaf_spot.jpg,frog_eye_leaf_spot,True,4000,2672,1.4970059880239521,1070.8447265625
01785_frog_eye_leaf_spot.jpg,frog_eye_leaf_spot,True,4000,2672,1.4970059880239521,727.7587890625
01786_frog_eye_leaf_spot.jpg,frog_eye_leaf_spot,True,4000,2672,1.4970059880239521,879.14453125
01787_frog_eye_leaf_spot.jpg,frog_eye_leaf_spot,True,4000,2672,1.4970059880239521,956.3857421875
01788_frog_eye_leaf_spot.jpg,frog_eye_leaf_spot,True,4000,2672,1.4970059880239521,656.80078125
01789_frog_eye_leaf_spot.jpg,frog_eye_leaf_spot,True,4000,2672,1.4970059880239521,859.73046875
01790_frog_eye_leaf_spot.jpg,frog_eye_leaf_spot,True,4000,2672,1.4970059880239521,764.9970703125
01791_frog_eye_leaf_spot.jpg,frog_eye_leaf_spot,True,4000,2672,1.4970059880239521,636.7333984375
01792_frog_eye_leaf_spot.jpg,frog_eye_leaf_spot,True,4000,2672,1.4970059880239521,657.7529296875
01793_frog_eye_leaf_spot.jpg,frog_eye_leaf_spot,True,4000,2672,1.4970059880239521,928.271484375
01794_frog_eye_leaf_spot.jpg,frog_eye_leaf_spot,True,4000,2672,1.4970059880239521,702.68359375
01795_frog_eye_leaf_spot.jpg,frog_eye_leaf_spot,True,4000,2672,1.4970059880239521,1110.6669921875
01796_frog_eye_leaf_spot.jpg,frog_eye_leaf_spot,True,2592,1728,1.5,201.5185546875
01797_frog_eye_leaf_spot.jpg,frog_eye_leaf_spot,True,4000,2672,1.4970059880239521,745.552734375
01798_frog_eye_leaf_spot.jpg,frog_eye_leaf_spot,True,4000,2672,1.4970059880239521,866.6376953125
01799_frog_eye_leaf_spot.jpg,frog_eye_leaf_spot,True,4000,2672,1.4970059880239521,778.0458984375
01800_frog_eye_leaf_spot.jpg,frog_eye_leaf_spot,True,4000,2672,1.4970059880239521,799.8212890625
01801_frog_eye_leaf_spot.jpg,frog_eye_leaf_spot,True,4000,2672,1.4970059880239521,578.53515625
01802_frog_eye_leaf_spot.jpg,frog_eye_leaf_spot,True,4000,2672,1.4970059880239521,778.5859375
01803_frog_eye_leaf_spot.jpg,frog_eye_leaf_spot,True,4000,2672,1.4970059880239521,761.4853515625
01804_frog_eye_leaf_spot.jpg,frog_eye_leaf_spot,True,4000,2672,1.4970059880239521,600.4765625
01805_frog_eye_leaf_spot.jpg,frog_eye_leaf_spot,True,4000,2672,1.4970059880239521,727.7236328125
01806_frog_eye_leaf_spot.jpg,frog_eye_leaf_spot,True,4000,2672,1.4970059880239521,736.689453125
01807_frog_eye_leaf_spot.jpg,frog_eye_leaf_spot,True,4000,2672,1.4970059880239521,607.7451171875
01808_frog_eye_leaf_spot.jpg,frog_eye_leaf_spot,True,4000,2672,1.4970059880239521,690.9462890625
01809_frog_eye_leaf_spot.jpg,frog_eye_leaf_spot,True,4000,2672,1.4970059880239521,813.3037109375
01810_frog_eye_leaf_spot.jpg,frog_eye_leaf_spot,True,4000,2672,1.4970059880239521,780.66796875
01811_frog_eye_leaf_spot.jpg,frog_eye_leaf_spot,True,4000,2672,1.4970059880239521,851.0478515625
01812_frog_eye_leaf_spot.jpg,frog_eye_leaf_spot,True,4000,2672,1.4970059880239521,741.759765625
01813_frog_eye_leaf_spot.jpg,frog_eye_leaf_spot,True,4000,2672,1.4970059880239521,721.8544921875
01814_frog_eye_leaf_spot.jpg,frog_eye_leaf_spot,True,4000,2672,1.4970059880239521,806.7666015625
01815_frog_eye_leaf_spot.jpg,frog_eye_leaf_spot,True,4000,2672,1.4970059880239521,1097.55859375
01816_frog_eye_leaf_spot.jpg,frog_eye_leaf_spot,True,4000,2672,1.4970059880239521,594.048828125
01817_frog_eye_leaf_spot.jpg,frog_eye_leaf_spot,True,4000,2672,1.4970059880239521,798.4873046875
01818_frog_eye_leaf_spot.jpg,frog_eye_leaf_spot,True,4000,2672,1.4970059880239521,1022.318359375
01819_frog_eye_leaf_spot.jpg,frog_eye_leaf_spot,True,4000,2672,1.4970059880239521,864.833984375
01820_frog_eye_leaf_spot.jpg,frog_eye_leaf_spot,True,4000,2672,1.4970059880239521,729.8388671875
01821_frog_eye_leaf_spot.jpg,frog_eye_leaf_spot,True,4000,2672,1.4970059880239521,842.900390625
01822_frog_eye_leaf_spot.jpg,frog_eye_leaf_spot,True,4000,2672,1.4970059880239521,782.478515625
01823_frog_eye_leaf_spot.jpg,frog_eye_leaf_spot,True,4000,2672,1.4970059880239521,792.314453125
01824_frog_eye_leaf_spot.jpg,frog_eye_leaf_spot,True,4000,2672,1.4970059880239521,773.5732421875
01825_frog_eye_leaf_spot.jpg,frog_eye_leaf_spot,True,4000,2672,1.4970059880239521,859.7783203125
01826_frog_eye_leaf_spot.jpg,frog_eye_leaf_spot,True,4000,2672,1.4970059880239521,764.513671875
01827_frog_eye_leaf_spot.jpg,frog_eye_leaf_spot,True,4000,2672,1.4970059880239521,822.1201171875
01828_frog_eye_leaf_spot.jpg,frog_eye_leaf_spot,True,4000,2672,1.4970059880239521,1011.58984375
01829_frog_eye_leaf_spot.jpg,frog_eye_leaf_spot,True,4000,2672,1.4970059880239521,859.0595703125
01830_frog_eye_leaf_spot.jpg,frog_eye_leaf_spot,True,4000,2672,1.4970059880239521,574.7451171875
01831_frog_eye_leaf_spot.jpg,frog_eye_leaf_spot,True,4000,2672,1.4970059880239521,815.2998046875
01832_frog_eye_leaf_spot.jpg,frog_eye_leaf_spot,True,4000,2672,1.4970059880239521,576.36328125
01833_frog_eye_leaf_spot.jpg,frog_eye_leaf_spot,True,4000,2672,1.4970059880239521,904.9609375
01834_frog_eye_leaf_spot.jpg,frog_eye_leaf_spot,True,4000,2672,1.4970059880239521,786.759765625
01835_frog_eye_leaf_spot.jpg,frog_eye_leaf_spot,True,4000,2672,1.4970059880239521,888.2783203125
01836_frog_eye_leaf_spot.jpg,frog_eye_leaf_spot,True,4000,2672,1.4970059880239521,826.830078125
01837_frog_eye_leaf_spot.jpg,frog_eye_leaf_spot,True,4000,2672,1.4970059880239521,713.5625
01838_frog_eye_leaf_spot.jpg,frog_eye_leaf_spot,True,4000,2672,1.4970059880239521,904.20703125
01839_frog_eye_leaf_spot.jpg,frog_eye_leaf_spot,True,4000,2672,1.4970059880239521,1021.212890625
01840_frog_eye_leaf_spot.jpg,frog_eye_leaf_spot,True,4000,2672,1.4970059880239521,847.279296875
01841_frog_eye_leaf_spot.jpg,frog_eye_leaf_spot,True,4000,2672,1.4970059880239521,944.1943359375
01842_frog_eye_leaf_spot.jpg,frog_eye_leaf_spot,True,4000,2672,1.4970059880239521,732.09765625
01843_frog_eye_leaf_spot.jpg,frog_eye_leaf_spot,True,4000,2672,1.4970059880239521,905.5615234375
01844_frog_eye_leaf_spot.jpg,frog_eye_leaf_spot,True,4000,2672,1.4970059880239521,845.5361328125
01845_frog_eye_leaf_spot.jpg,frog_eye_leaf_spot,True,4000,2672,1.4970059880239521,703.8447265625
01846_frog_eye_leaf_spot.jpg,frog_eye_leaf_spot,True,4000,2672,1.4970059880239521,811.6181640625
01847_frog_eye_leaf_spot.jpg,frog_eye_leaf_spot,True,4000,2672,1.4970059880239521,817.5390625
01848_frog_eye_leaf_spot.jpg,frog_eye_leaf_spot,True,4000,2672,1.4970059880239521,1032.3740234375
01849_frog_eye_leaf_spot.jpg,frog_eye_leaf_spot,True,4000,2672,1.4970059880239521,668.7900390625
01850_frog_eye_leaf_spot.jpg,frog_eye_leaf_spot,True,4000,2672,1.4970059880239521,742.830078125
01851_frog_eye_leaf_spot.jpg,frog_eye_leaf_spot,True,4000,2672,1.4970059880239521,780.5615234375
01852_frog_eye_leaf_spot.jpg,frog_eye_leaf_spot,True,4000,2672,1.4970059880239521,698.0361328125
01853_frog_eye_leaf_spot.jpg,frog_eye_leaf_spot,True,4000,2672,1.4970059880239521,792.4814453125
01854_frog_eye_leaf_spot.jpg,frog_eye_leaf_spot,True,4000,2672,1.4970059880239521,923.478515625
01855_frog_eye_leaf_spot.jpg,frog_eye_leaf_spot,True,4000,2672,1.4970059880239521,896.044921875
01856_frog_eye_leaf_spot.jpg,frog_eye_leaf_spot,True,4000,2672,1.4970059880239521,992.1572265625
01857_frog_eye_leaf_spot.jpg,frog_eye_leaf_spot,True,4000,2672,1.4970059880239521,974.689453125
01858_frog_eye_leaf_spot.jpg,frog_eye_leaf_spot,True,4000,2672,1.4970059880239521,894.0341796875
01859_frog_eye_leaf_spot.jpg,frog_eye_leaf_spot,True,4000,2672,1.4970059880239521,1023.6787109375
01860_frog_eye_leaf_spot.jpg,frog_eye_leaf_spot,True,4000,2672,1.4970059880239521,789.552734375
01861_frog_eye_leaf_spot.jpg,frog_eye_leaf_spot,True,4000,2672,1.4970059880239521,811.177734375
01862_frog_eye_leaf_spot.jpg,frog_eye_leaf_spot,True,4000,2672,1.4970059880239521,815.9443359375
01863_frog_eye_leaf_spot.jpg,frog_eye_leaf_spot,True,4000,2672,1.4970059880239521,1026.8544921875
01864_frog_eye_leaf_spot.jpg,frog_eye_leaf_spot,True,4000,2672,1.4970059880239521,959.5
01865_frog_eye_leaf_spot.jpg,frog_eye_leaf_spot,True,4000,2672,1.4970059880239521,821.884765625
01866_frog_eye_leaf_spot.jpg,frog_eye_leaf_spot,True,4000,2672,1.4970059880239521,643.6435546875
01867_frog_eye_leaf_spot.jpg,frog_eye_leaf_spot,True,4000,2672,1.4970059880239521,947.2509765625
01868_frog_eye_leaf_spot.jpg,frog_eye_leaf_spot,True,4000,2672,1.4970059880239521,1020.84765625
01869_frog_eye_leaf_spot.jpg,frog_eye_leaf_spot,True,4000,2672,1.4970059880239521,848.8994140625
01870_frog_eye_leaf_spot.jpg,frog_eye_leaf_spot,True,4000,2672,1.4970059880239521,943.8212890625
01871_frog_eye_leaf_spot.jpg,frog_eye_leaf_spot,True,4000,2672,1.4970059880239521,696.046875
01872_frog_eye_leaf_spot.jpg,frog_eye_leaf_spot,True,4000,3000,1.3333333333333333,975.376953125
01873_frog_eye_leaf_spot.jpg,frog_eye_leaf_spot,True,4000,2672,1.4970059880239521,766.4697265625
01874_frog_eye_leaf_spot.jpg,frog_eye_leaf_spot,True,4000,2672,1.4970059880239521,721.5400390625
01875_frog_eye_leaf_spot.jpg,frog_eye_leaf_spot,True,4000,2672,1.4970059880239521,999.34765625
01876_frog_eye_leaf_spot.jpg,frog_eye_leaf_spot,True,4000,2672,1.4970059880239521,1053.00390625
01877_frog_eye_leaf_spot.jpg,frog_eye_leaf_spot,True,4000,2672,1.4970059880239521,660.5166015625
01878_frog_eye_leaf_spot.jpg,frog_eye_leaf_spot,True,4000,2672,1.4970059880239521,870.0361328125
01879_frog_eye_leaf_spot.jpg,frog_eye_leaf_spot,True,4000,2672,1.4970059880239521,780.013671875
01880_frog_eye_leaf_spot.jpg,frog_eye_leaf_spot,True,4000,2672,1.4970059880239521,792.509765625
01881_frog_eye_leaf_spot.jpg,frog_eye_leaf_spot,True,4000,2672,1.4970059880239521,681.072265625
01882_frog_eye_leaf_spot.jpg,frog_eye_leaf_spot,True,4000,2672,1.4970059880239521,756.095703125
01883_frog_eye_leaf_spot.jpg,frog_eye_leaf_spot,True,4000,2672,1.4970059880239521,722.9873046875
01884_frog_eye_leaf_spot.jpg,frog_eye_leaf_spot,True,4000,2672,1.4970059880239521,737.1328125
01885_frog_eye_leaf_spot.jpg,frog_eye_leaf_spot,True,4000,2672,1.4970059880239521,568.1123046875
01886_frog_eye_leaf_spot.jpg,frog_eye_leaf_spot,True,4000,2672,1.4970059880239521,1000.228515625
01887_frog_eye_leaf_spot.jpg,frog_eye_leaf_spot,True,4000,2672,1.4970059880239521,833.34375
01888_frog_eye_leaf_spot.jpg,frog_eye_leaf_spot,True,4000,2672,1.4970059880239521,660.283203125
01889_frog_eye_leaf_spot.jpg,frog_eye_leaf_spot,True,4000,2672,1.4970059880239521,708.7529296875
01890_frog_eye_leaf_spot.jpg,frog_eye_leaf_spot,True,4000,2672,1.4970059880239521,800.796875
01891_frog_eye_leaf_spot.jpg,frog_eye_leaf_spot,True,4000,2672,1.4970059880239521,909.0283203125
01892_frog_eye_leaf_spot.jpg,frog_eye_leaf_spot,True,4000,2672,1.4970059880239521,822.28515625
01893_frog_eye_leaf_spot.jpg,frog_eye_leaf_spot,True,4000,2672,1.4970059880239521,1025.0107421875
01894_frog_eye_leaf_spot.jpg,frog_eye_leaf_spot,True,4000,2672,1.4970059880239521,883.291015625
01895_frog_eye_leaf_spot.jpg,frog_eye_leaf_spot,True,4000,2672,1.4970059880239521,859.2744140625
01896_frog_eye_leaf_spot.jpg,frog_eye_leaf_spot,True,4000,2672,1.4970059880239521,934.5537109375
01897_frog_eye_leaf_spot.jpg,frog_eye_leaf_spot,True,4000,2672,1.4970059880239521,938.521484375
01898_frog_eye_leaf_spot.jpg,frog_eye_leaf_spot,True,4000,2672,1.4970059880239521,840.037109375
01899_frog_eye_leaf_spot.jpg,frog_eye_leaf_spot,True,4000,2672,1.4970059880239521,892.271484375
01900_frog_eye_leaf_spot.jpg,frog_eye_leaf_spot,True,4000,2672,1.4970059880239521,902.7373046875
01901_frog_eye_leaf_spot.jpg,frog_eye_leaf_spot,True,4000,2672,1.4970059880239521,692.8037109375
01902_frog_eye_leaf_spot.jpg,frog_eye_leaf_spot,True,4000,2672,1.4970059880239521,734.2470703125
01903_frog_eye_leaf_spot.jpg,frog_eye_leaf_spot,True,4000,2672,1.4970059880239521,819.3505859375
01904_frog_eye_leaf_spot.jpg,frog_eye_leaf_spot,True,4000,2672,1.4970059880239521,841.0927734375
01905_frog_eye_leaf_spot.jpg,frog_eye_leaf_spot,True,4000,3000,1.3333333333333333,1000.0283203125
01906_frog_eye_leaf_spot.jpg,frog_eye_leaf_spot,True,4000,2672,1.4970059880239521,948.7197265625
01907_frog_eye_leaf_spot.jpg,frog_eye_leaf_spot,True,4000,2672,1.4970059880239521,1035.7939453125
01908_frog_eye_leaf_spot.jpg,frog_eye_leaf_spot,True,4000,2672,1.4970059880239521,941.4560546875
01909_frog_eye_leaf_spot.jpg,frog_eye_leaf_spot,True,4000,2672,1.4970059880239521,694.75390625
01910_frog_eye_leaf_spot.jpg,frog_eye_leaf_spot,True,4000,2672,1.4970059880239521,716.3330078125
01911_frog_eye_leaf_spot.jpg,frog_eye_leaf_spot,True,4000,2672,1.4970059880239521,735.8046875
01912_frog_eye_leaf_spot.jpg,frog_eye_leaf_spot,True,4000,2672,1.4970059880239521,909.513671875
01913_frog_eye_leaf_spot.jpg,frog_eye_leaf_spot,True,4000,2672,1.4970059880239521,855.265625
01914_frog_eye_leaf_spot.jpg,frog_eye_leaf_spot,True,4000,2672,1.4970059880239521,535.6591796875
01915_frog_eye_leaf_spot.jpg,frog_eye_leaf_spot,True,4000,2672,1.4970059880239521,927.958984375
01916_frog_eye_leaf_spot.jpg,frog_eye_leaf_spot,True,4000,2672,1.4970059880239521,962.6904296875
01917_frog_eye_leaf_spot.jpg,frog_eye_leaf_spot,True,4000,2672,1.4970059880239521,648.2724609375
01918_frog_eye_leaf_spot.jpg,frog_eye_leaf_spot,True,4000,2672,1.4970059880239521,783.349609375
01919_frog_eye_leaf_spot.jpg,frog_eye_leaf_spot,True,4000,2672,1.4970059880239521,784.501953125
01920_frog_eye_leaf_spot.jpg,frog_eye_leaf_spot,True,4000,2672,1.4970059880239521,885.64453125
01921_frog_eye_leaf_spot.jpg,frog_eye_leaf_spot,True,4000,2672,1.4970059880239521,539.78515625
01922_frog_eye_leaf_spot.jpg,frog_eye_leaf_spot,True,4000,2672,1.4970059880239521,938.32421875
01923_frog_eye_leaf_spot.jpg,frog_eye_leaf_spot,True,4000,2672,1.4970059880239521,853.8125
01924_frog_eye_leaf_spot.jpg,frog_eye_leaf_spot,True,4000,2672,1.4970059880239521,762.4912109375
01925_frog_eye_leaf_spot.jpg,frog_eye_leaf_spot,True,4000,2672,1.4970059880239521,1126.6728515625
01926_frog_eye_leaf_spot.jpg,frog_eye_leaf_spot,True,4000,2672,1.4970059880239521,877.298828125
01927_frog_eye_leaf_spot.jpg,frog_eye_leaf_spot,True,4000,2672,1.4970059880239521,943.53125
01928_frog_eye_leaf_spot.jpg,frog_eye_leaf_spot,True,4000,2672,1.4970059880239521,596.6181640625
01929_frog_eye_leaf_spot.jpg,frog_eye_leaf_spot,True,4000,2672,1.4970059880239521,691.8251953125
01930_frog_eye_leaf_spot.jpg,frog_eye_leaf_spot,True,4000,2672,1.4970059880239521,873.0185546875
01931_frog_eye_leaf_spot.jpg,frog_eye_leaf_spot,True,4000,2672,1.4970059880239521,809.7548828125
01932_frog_eye_leaf_spot.jpg,frog_eye_leaf_spot,True,4000,2672,1.4970059880239521,790.7978515625
01933_frog_eye_leaf_spot.jpg,frog_eye_leaf_spot,True,4000,2672,1.4970059880239521,942.86328125
01934_frog_eye_leaf_spot.jpg,frog_eye_leaf_spot,True,4000,2672,1.4970059880239521,881.986328125
01935_frog_eye_leaf_spot.jpg,frog_eye_leaf_spot,True,4000,2672,1.4970059880239521,823.578125
01936_frog_eye_leaf_spot.jpg,frog_eye_leaf_spot,True,4000,2672,1.4970059880239521,988.93359375
01937_frog_eye_leaf_spot.jpg,frog_eye_leaf_spot,True,4000,2672,1.4970059880239521,782.0009765625
01938_frog_eye_leaf_spot.jpg,frog_eye_leaf_spot,True,4000,2672,1.4970059880239521,782.9375
01939_frog_eye_leaf_spot.jpg,frog_eye_leaf_spot,True,4000,2672,1.4970059880239521,814.3447265625
01940_frog_eye_leaf_spot.jpg,frog_eye_leaf_spot,True,4000,2672,1.4970059880239521,737.671875
01941_frog_eye_leaf_spot.jpg,frog_eye_leaf_spot,True,4000,2672,1.4970059880239521,1035.7421875
01942_frog_eye_leaf_spot.jpg,frog_eye_leaf_spot,True,4000,2672,1.4970059880239521,868.134765625
01943_frog_eye_leaf_spot.jpg,frog_eye_leaf_spot,True,4000,2672,1.4970059880239521,906.0048828125
01944_frog_eye_leaf_spot.jpg,frog_eye_leaf_spot,True,4000,2672,1.4970059880239521,719.482421875
01945_frog_eye_leaf_spot.jpg,frog_eye_leaf_spot,True,4000,2672,1.4970059880239521,775.5693359375
01946_frog_eye_leaf_spot.jpg,frog_eye_leaf_spot,True,4000,2672,1.4970059880239521,976.2646484375
01947_frog_eye_leaf_spot.jpg,frog_eye_leaf_spot,True,4000,2672,1.4970059880239521,661.47265625
01948_frog_eye_leaf_spot.jpg,frog_eye_leaf_spot,True,4000,2672,1.4970059880239521,732.7998046875
01949_frog_eye_leaf_spot.jpg,frog_eye_leaf_spot,True,4000,2672,1.4970059880239521,734.560546875
01950_frog_eye_leaf_spot.jpg,frog_eye_leaf_spot,True,4000,2672,1.4970059880239521,755.853515625
01951_frog_eye_leaf_spot.jpg,frog_eye_leaf_spot,True,4000,2672,1.4970059880239521,891.42578125
01952_frog_eye_leaf_spot.jpg,frog_eye_leaf_spot,True,4000,2672,1.4970059880239521,786.0380859375
01953_frog_eye_leaf_spot.jpg,frog_eye_leaf_spot,True,4000,2672,1.4970059880239521,757.892578125
01954_frog_eye_leaf_spot.jpg,frog_eye_leaf_spot,True,4000,2672,1.4970059880239521,614.7919921875
01955_frog_eye_leaf_spot.jpg,frog_eye_leaf_spot,True,4000,2672,1.4970059880239521,1067.021484375
01956_frog_eye_leaf_spot.jpg,frog_eye_leaf_spot,True,4000,2672,1.4970059880239521,652.7109375
01957_frog_eye_leaf_spot.jpg,frog_eye_leaf_spot,True,4000,2672,1.4970059880239521,977.939453125
01958_frog_eye_leaf_spot.jpg,frog_eye_leaf_spot,True,4000,2672,1.4970059880239521,677.0546875
01959_frog_eye_leaf_spot.jpg,frog_eye_leaf_spot,True,4000,2672,1.4970059880239521,690.12890625
01960_frog_eye_leaf_spot.jpg,frog_eye_leaf_spot,True,4000,2672,1.4970059880239521,1140.1396484375
01961_frog_eye_leaf_spot.jpg,frog_eye_leaf_spot,True,4000,2672,1.4970059880239521,766.0078125
01962_frog_eye_leaf_spot.jpg,frog_eye_leaf_spot,True,4000,2672,1.4970059880239521,984.0283203125
01963_frog_eye_leaf_spot.jpg,frog_eye_leaf_spot,True,4000,2672,1.4970059880239521,878.5185546875
01964_frog_eye_leaf_spot.jpg,frog_eye_leaf_spot,True,4000,2672,1.4970059880239521,896.5546875
01965_frog_eye_leaf_spot.jpg,frog_eye_leaf_spot,True,4000,2672,1.4970059880239521,881.21484375
01966_frog_eye_leaf_spot.jpg,frog_eye_leaf_spot,True,4000,2672,1.4970059880239521,678.6083984375
01967_frog_eye_leaf_spot.jpg,frog_eye_leaf_spot,True,4000,2672,1.4970059880239521,871.095703125
01968_frog_eye_leaf_spot.jpg,frog_eye_leaf_spot,True,4000,2672,1.4970059880239521,844.1162109375
01969_frog_eye_leaf_spot.jpg,frog_eye_leaf_spot,True,4000,2672,1.4970059880239521,926.3583984375
01970_frog_eye_leaf_spot.jpg,frog_eye_leaf_spot,True,4000,2672,1.4970059880239521,752.53515625
01971_frog_eye_leaf_spot.jpg,frog_eye_leaf_spot,True,4000,2672,1.4970059880239521,774.3017578125
01972_frog_eye_leaf_spot.jpg,frog_eye_leaf_spot,True,4000,2672,1.4970059880239521,981.099609375
01973_frog_eye_leaf_spot.jpg,frog_eye_leaf_spot,True,4000,2672,1.4970059880239521,808.2939453125
01974_frog_eye_leaf_spot.jpg,frog_eye_leaf_spot,True,4000,2672,1.4970059880239521,911.353515625
01975_frog_eye_leaf_spot.jpg,frog_eye_leaf_spot,True,4000,2672,1.4970059880239521,806.5458984375
01976_frog_eye_leaf_spot.jpg,frog_eye_leaf_spot,True,4000,2672,1.4970059880239521,807.4375
01977_frog_eye_leaf_spot.jpg,frog_eye_leaf_spot,True,4000,2672,1.4970059880239521,969.900390625
01978_frog_eye_leaf_spot.jpg,frog_eye_leaf_spot,True,4000,2672,1.4970059880239521,980.1201171875
01979_frog_eye_leaf_spot.jpg,frog_eye_leaf_spot,True,4000,2672,1.4970059880239521,1063.9482421875
01980_frog_eye_leaf_spot.jpg,frog_eye_leaf_spot,True,4000,2672,1.4970059880239521,704.39453125
01981_frog_eye_leaf_spot.jpg,frog_eye_leaf_spot,True,4000,2672,1.4970059880239521,955.712890625
01982_frog_eye_leaf_spot.jpg,frog_eye_leaf_spot,True,4000,2672,1.4970059880239521,794.1357421875
01983_frog_eye_leaf_spot.jpg,frog_eye_leaf_spot,True,4000,2672,1.4970059880239521,684.466796875
01984_frog_eye_leaf_spot.jpg,frog_eye_leaf_spot,True,4000,2672,1.4970059880239521,1060.8271484375
01985_frog_eye_leaf_spot.jpg,frog_eye_leaf_spot,True,4000,2672,1.4970059880239521,940.63671875
01986_frog_eye_leaf_spot.jpg,frog_eye_leaf_spot,True,4000,2672,1.4970059880239521,1033.12890625
01987_frog_eye_leaf_spot.jpg,frog_eye_leaf_spot,True,4000,2672,1.4970059880239521,885.66796875
01988_frog_eye_leaf_spot.jpg,frog_eye_leaf_spot,True,4000,2672,1.4970059880239521,869.07421875
01989_frog_eye_leaf_spot.jpg,frog_eye_leaf_spot,True,4000,2672,1.4970059880239521,765.275390625
01990_frog_eye_leaf_spot.jpg,frog_eye_leaf_spot,True,4000,2672,1.4970059880239521,723.9287109375
01991_frog_eye_leaf_spot.jpg,frog_eye_leaf_spot,True,4000,2672,1.4970059880239521,949.0009765625
01992_frog_eye_leaf_spot.jpg,frog_eye_leaf_spot,True,4000,2672,1.4970059880239521,794.6884765625
01993_frog_eye_leaf_spot.jpg,frog_eye_leaf_spot,True,4000,2672,1.4970059880239521,999.044921875
01994_frog_eye_leaf_spot.jpg,frog_eye_leaf_spot,True,4000,2672,1.4970059880239521,715.7216796875
01995_frog_eye_leaf_spot.jpg,frog_eye_leaf_spot,True,4000,2672,1.4970059880239521,638.8359375
01996_frog_eye_leaf_spot.jpg,frog_eye_leaf_spot,True,4000,2672,1.4970059880239521,782.1337890625
01997_frog_eye_leaf_spot.jpg,frog_eye_leaf_spot,True,4000,2672,1.4970059880239521,768.43359375
01998_frog_eye_leaf_spot.jpg,frog_eye_leaf_spot,True,4000,2672,1.4970059880239521,869.876953125
01999_frog_eye_leaf_spot.jpg,frog_eye_leaf_spot,True,4000,2672,1.4970059880239521,924.96875
02000_frog_eye_leaf_spot.jpg,frog_eye_leaf_spot,True,4000,2672,1.4970059880239521,859.7080078125
02001_frog_eye_leaf_spot.jpg,frog_eye_leaf_spot,True,4000,2672,1.4970059880239521,867.0146484375
02002_frog_eye_leaf_spot.jpg,frog_eye_leaf_spot,True,4000,2672,1.4970059880239521,822.4736328125
02003_frog_eye_leaf_spot.jpg,frog_eye_leaf_spot,True,4000,2672,1.4970059880239521,802.626953125
02004_frog_eye_leaf_spot.jpg,frog_eye_leaf_spot,True,4000,2672,1.4970059880239521,979.486328125
02005_frog_eye_leaf_spot.jpg,frog_eye_leaf_spot,True,4000,2672,1.4970059880239521,951.236328125
02006_frog_eye_leaf_spot.jpg,frog_eye_leaf_spot,True,4000,2672,1.4970059880239521,797.8525390625
02007_frog_eye_leaf_spot.jpg,frog_eye_leaf_spot,True,4000,2672,1.4970059880239521,953.0751953125
02008_frog_eye_leaf_spot.jpg,frog_eye_leaf_spot,True,4000,2672,1.4970059880239521,992.98828125
02009_frog_eye_leaf_spot.jpg,frog_eye_leaf_spot,True,4000,2672,1.4970059880239521,845.6904296875
02010_frog_eye_leaf_spot.jpg,frog_eye_leaf_spot,True,4000,2672,1.4970059880239521,813.5107421875
02011_frog_eye_leaf_spot.jpg,frog_eye_leaf_spot,True,4000,2672,1.4970059880239521,803.8017578125
02012_frog_eye_leaf_spot.jpg,frog_eye_leaf_spot,True,4000,2672,1.4970059880239521,643.666015625
02013_frog_eye_leaf_spot.jpg,frog_eye_leaf_spot,True,4000,2672,1.4970059880239521,950.142578125
02014_frog_eye_leaf_spot.jpg,frog_eye_leaf_spot,True,4000,2672,1.4970059880239521,706.6865234375
02015_frog_eye_leaf_spot.jpg,frog_eye_leaf_spot,True,4000,2672,1.4970059880239521,872.9892578125
02016_frog_eye_leaf_spot.jpg,frog_eye_leaf_spot,True,4000,2672,1.4970059880239521,824.7666015625
02017_frog_eye_leaf_spot.jpg,frog_eye_leaf_spot,True,4000,2672,1.4970059880239521,766.0771484375
02018_frog_eye_leaf_spot.jpg,frog_eye_leaf_spot,True,4000,2672,1.4970059880239521,901.3701171875
02019_frog_eye_leaf_spot.jpg,frog_eye_leaf_spot,True,4000,2672,1.4970059880239521,817.4228515625
02020_frog_eye_leaf_spot.jpg,frog_eye_leaf_spot,True,4000,2672,1.4970059880239521,763.3828125
02021_frog_eye_leaf_spot.jpg,frog_eye_leaf_spot,True,4000,2672,1.4970059880239521,956.6328125
02022_frog_eye_leaf_spot.jpg,frog_eye_leaf_spot,True,4000,2672,1.4970059880239521,731.6845703125
02023_frog_eye_leaf_spot.jpg,frog_eye_leaf_spot,True,4000,2672,1.4970059880239521,717.701171875
02024_frog_eye_leaf_spot.jpg,frog_eye_leaf_spot,True,4000,2672,1.4970059880239521,1125.2265625
02025_frog_eye_leaf_spot.jpg,frog_eye_leaf_spot,True,4000,2672,1.4970059880239521,827.5771484375
02026_frog_eye_leaf_spot.jpg,frog_eye_leaf_spot,True,4000,2672,1.4970059880239521,724.5029296875
02027_frog_eye_leaf_spot.jpg,frog_eye_leaf_spot,True,4000,2672,1.4970059880239521,812.0830078125
02028_frog_eye_leaf_spot.jpg,frog_eye_leaf_spot,True,4000,2672,1.4970059880239521,859.4365234375
02029_frog_eye_leaf_spot.jpg,frog_eye_leaf_spot,True,4000,2672,1.4970059880239521,827.341796875
02030_frog_eye_leaf_spot.jpg,frog_eye_leaf_spot,True,4000,2672,1.4970059880239521,841.1982421875
02031_frog_eye_leaf_spot.jpg,frog_eye_leaf_spot,True,4000,2672,1.4970059880239521,803.1748046875
02032_frog_eye_leaf_spot.jpg,frog_eye_leaf_spot,True,4000,2672,1.4970059880239521,767.412109375
02033_frog_eye_leaf_spot.jpg,frog_eye_leaf_spot,True,4000,2672,1.4970059880239521,883.1123046875
02034_frog_eye_leaf_spot.jpg,frog_eye_leaf_spot,True,4000,2672,1.4970059880239521,691.90234375
02035_frog_eye_leaf_spot.jpg,frog_eye_leaf_spot,True,4000,2672,1.4970059880239521,768.2861328125
02036_frog_eye_leaf_spot.jpg,frog_eye_leaf_spot,True,4000,2672,1.4970059880239521,917.09765625
02037_frog_eye_leaf_spot.jpg,frog_eye_leaf_spot,True,4000,2672,1.4970059880239521,910.587890625
02038_frog_eye_leaf_spot.jpg,frog_eye_leaf_spot,True,4000,2672,1.4970059880239521,749.56640625
02039_frog_eye_leaf_spot.jpg,frog_eye_leaf_spot,True,4000,2672,1.4970059880239521,1001.822265625
02040_frog_eye_leaf_spot.jpg,frog_eye_leaf_spot,True,4000,2672,1.4970059880239521,923.79296875
02041_frog_eye_leaf_spot.jpg,frog_eye_leaf_spot,True,4000,2672,1.4970059880239521,785.84765625
02042_frog_eye_leaf_spot.jpg,frog_eye_leaf_spot,True,4000,2672,1.4970059880239521,819.986328125
02043_frog_eye_leaf_spot.jpg,frog_eye_leaf_spot,True,4000,2672,1.4970059880239521,719.9208984375
02044_frog_eye_leaf_spot.jpg,frog_eye_leaf_spot,True,4000,2672,1.4970059880239521,719.431640625
02045_frog_eye_leaf_spot.jpg,frog_eye_leaf_spot,True,4000,2672,1.4970059880239521,879.6787109375
02046_frog_eye_leaf_spot.jpg,frog_eye_leaf_spot,True,4000,2672,1.4970059880239521,844.6689453125
02047_frog_eye_leaf_spot.jpg,frog_eye_leaf_spot,True,4000,2672,1.4970059880239521,870.109375
02048_frog_eye_leaf_spot.jpg,frog_eye_leaf_spot,True,4000,2672,1.4970059880239521,964.7451171875
02049_frog_eye_leaf_spot.jpg,frog_eye_leaf_spot,True,4000,2672,1.4970059880239521,903.48828125
02050_frog_eye_leaf_spot.jpg,frog_eye_leaf_spot,True,4000,2672,1.4970059880239521,684.2490234375
02051_frog_eye_leaf_spot.jpg,frog_eye_leaf_spot,True,4000,2672,1.4970059880239521,567.8046875
02052_frog_eye_leaf_spot.jpg,frog_eye_leaf_spot,True,4000,2672,1.4970059880239521,736.1728515625
02053_frog_eye_leaf_spot.jpg,frog_eye_leaf_spot,True,4000,2672,1.4970059880239521,811.216796875
02054_frog_eye_leaf_spot.jpg,frog_eye_leaf_spot,True,4000,2672,1.4970059880239521,771.4306640625
02055_frog_eye_leaf_spot.jpg,frog_eye_leaf_spot,True,4000,2672,1.4970059880239521,972.763671875
02056_frog_eye_leaf_spot.jpg,frog_eye_leaf_spot,True,4000,2672,1.4970059880239521,1169.9775390625
02057_frog_eye_leaf_spot.jpg,frog_eye_leaf_spot,True,4000,2672,1.4970059880239521,761.3671875
02058_frog_eye_leaf_spot.jpg,frog_eye_leaf_spot,True,4000,2672,1.4970059880239521,869.7646484375
02059_frog_eye_leaf_spot.jpg,frog_eye_leaf_spot,True,4000,2672,1.4970059880239521,1196.75390625
02060_frog_eye_leaf_spot.jpg,frog_eye_leaf_spot,True,4000,2672,1.4970059880239521,794.3798828125
02061_frog_eye_leaf_spot.jpg,frog_eye_leaf_spot,True,4000,2672,1.4970059880239521,801.1923828125
02062_frog_eye_leaf_spot.jpg,frog_eye_leaf_spot,True,4000,2672,1.4970059880239521,1070.1748046875
02063_frog_eye_leaf_spot.jpg,frog_eye_leaf_spot,True,4000,2672,1.4970059880239521,891.0458984375
02064_frog_eye_leaf_spot.jpg,frog_eye_leaf_spot,True,4000,2672,1.4970059880239521,796.1787109375
02065_frog_eye_leaf_spot.jpg,frog_eye_leaf_spot,True,4000,2672,1.4970059880239521,800.779296875
02066_frog_eye_leaf_spot.jpg,frog_eye_leaf_spot,True,4000,2672,1.4970059880239521,821.8779296875
02067_frog_eye_leaf_spot.jpg,frog_eye_leaf_spot,True,4000,2672,1.4970059880239521,875.19140625
02068_frog_eye_leaf_spot.jpg,frog_eye_leaf_spot,True,4000,2672,1.4970059880239521,857.8349609375
02069_frog_eye_leaf_spot.jpg,frog_eye_leaf_spot,True,4000,2672,1.4970059880239521,1030.1904296875
02070_frog_eye_leaf_spot.jpg,frog_eye_leaf_spot,True,4000,2672,1.4970059880239521,933.2236328125
02071_frog_eye_leaf_spot.jpg,frog_eye_leaf_spot,True,4608,3456,1.3333333333333333,1427.7763671875
02072_frog_eye_leaf_spot.jpg,frog_eye_leaf_spot,True,4000,2672,1.4970059880239521,728.0009765625
02073_frog_eye_leaf_spot.jpg,frog_eye_leaf_spot,True,4000,2672,1.4970059880239521,1070.982421875
02074_frog_eye_leaf_spot.jpg,frog_eye_leaf_spot,True,4000,2672,1.4970059880239521,948.9501953125
02075_frog_eye_leaf_spot.jpg,frog_eye_leaf_spot,True,4000,2672,1.4970059880239521,894.2734375
02076_frog_eye_leaf_spot.jpg,frog_eye_leaf_spot,True,4000,2672,1.4970059880239521,741.96875
02077_frog_eye_leaf_spot.jpg,frog_eye_leaf_spot,True,4000,2672,1.4970059880239521,969.416015625
02078_frog_eye_leaf_spot.jpg,frog_eye_leaf_spot,True,4000,2672,1.4970059880239521,690.802734375
02079_frog_eye_leaf_spot.jpg,frog_eye_leaf_spot,True,4000,2672,1.4970059880239521,802.748046875
02080_frog_eye_leaf_spot.jpg,frog_eye_leaf_spot,True,4000,2672,1.4970059880239521,920.14453125
02081_frog_eye_leaf_spot.jpg,frog_eye_leaf_spot,True,4000,2672,1.4970059880239521,892.71484375
02082_frog_eye_leaf_spot.jpg,frog_eye_leaf_spot,True,4000,2672,1.4970059880239521,820.2822265625
02083_frog_eye_leaf_spot.jpg,frog_eye_leaf_spot,True,4000,2672,1.4970059880239521,918.884765625
02084_frog_eye_leaf_spot.jpg,frog_eye_leaf_spot,True,4000,2672,1.4970059880239521,1016.9482421875
02085_frog_eye_leaf_spot.jpg,frog_eye_leaf_spot,True,4000,2672,1.4970059880239521,794.0380859375
02086_frog_eye_leaf_spot.jpg,frog_eye_leaf_spot,True,4000,2672,1.4970059880239521,997.94140625
02087_frog_eye_leaf_spot.jpg,frog_eye_leaf_spot,True,4000,2672,1.4970059880239521,683.2734375
02088_frog_eye_leaf_spot.jpg,frog_eye_leaf_spot,True,4000,2672,1.4970059880239521,1006.8349609375
02089_frog_eye_leaf_spot.jpg,frog_eye_leaf_spot,True,4000,2672,1.4970059880239521,690.900390625
02090_frog_eye_leaf_spot.jpg,frog_eye_leaf_spot,True,4000,2672,1.4970059880239521,807.806640625
02091_frog_eye_leaf_spot.jpg,frog_eye_leaf_spot,True,4000,2672,1.4970059880239521,586.0400390625
02092_frog_eye_leaf_spot.jpg,frog_eye_leaf_spot,True,4000,2672,1.4970059880239521,1026.6474609375
02093_frog_eye_leaf_spot.jpg,frog_eye_leaf_spot,True,4000,2672,1.4970059880239521,1134.0048828125
02094_frog_eye_leaf_spot.jpg,frog_eye_leaf_spot,True,4000,2672,1.4970059880239521,944.3798828125
02095_frog_eye_leaf_spot.jpg,frog_eye_leaf_spot,True,4000,2672,1.4970059880239521,718.1279296875
02096_frog_eye_leaf_spot.jpg,frog_eye_leaf_spot,True,4000,2672,1.4970059880239521,868.9130859375
02097_frog_eye_leaf_spot.jpg,frog_eye_leaf_spot,True,4000,2672,1.4970059880239521,937.740234375
02098_frog_eye_leaf_spot.jpg,frog_eye_leaf_spot,True,2592,1728,1.5,219.171875
02099_frog_eye_leaf_spot.jpg,frog_eye_leaf_spot,True,4000,2672,1.4970059880239521,992.9443359375
02100_frog_eye_leaf_spot.jpg,frog_eye_leaf_spot,True,4000,2672,1.4970059880239521,726.63671875
02101_frog_eye_leaf_spot.jpg,frog_eye_leaf_spot,True,4000,2672,1.4970059880239521,819.34375
02102_frog_eye_leaf_spot.jpg,frog_eye_leaf_spot,True,4000,2672,1.4970059880239521,917.623046875
02103_frog_eye_leaf_spot.jpg,frog_eye_leaf_spot,True,4000,2672,1.4970059880239521,797.23828125
02104_frog_eye_leaf_spot.jpg,frog_eye_leaf_spot,True,4000,2672,1.4970059880239521,851.173828125
02105_frog_eye_leaf_spot.jpg,frog_eye_leaf_spot,True,4000,2672,1.4970059880239521,1036.64453125
02106_frog_eye_leaf_spot.jpg,frog_eye_leaf_spot,True,4000,2672,1.4970059880239521,855.0634765625
02107_frog_eye_leaf_spot.jpg,frog_eye_leaf_spot,True,4000,2672,1.4970059880239521,851.3916015625
02108_frog_eye_leaf_spot.jpg,frog_eye_leaf_spot,True,4000,2672,1.4970059880239521,874.3388671875
02109_frog_eye_leaf_spot.jpg,frog_eye_leaf_spot,True,4000,2672,1.4970059880239521,841.716796875
02110_frog_eye_leaf_spot.jpg,frog_eye_leaf_spot,True,4000,2672,1.4970059880239521,947.4384765625
02111_frog_eye_leaf_spot.jpg,frog_eye_leaf_spot,True,2592,1728,1.5,268.78125
02112_frog_eye_leaf_spot.jpg,frog_eye_leaf_spot,True,4000,2672,1.4970059880239521,890.8916015625
02113_frog_eye_leaf_spot.jpg,frog_eye_leaf_spot,True,4000,2672,1.4970059880239521,971.83203125
02114_frog_eye_leaf_spot.jpg,frog_eye_leaf_spot,True,4000,2672,1.4970059880239521,958.5966796875
02115_frog_eye_leaf_spot.jpg,frog_eye_leaf_spot,True,4000,2672,1.4970059880239521,894.7587890625
02116_frog_eye_leaf_spot.jpg,frog_eye_leaf_spot,True,4000,2672,1.4970059880239521,1051.1259765625
02117_frog_eye_leaf_spot.jpg,frog_eye_leaf_spot,True,4000,2672,1.4970059880239521,1060.3232421875
02118_frog_eye_leaf_spot.jpg,frog_eye_leaf_spot,True,4000,2672,1.4970059880239521,1044.439453125
02119_frog_eye_leaf_spot.jpg,frog_eye_leaf_spot,True,4000,2672,1.4970059880239521,877.8642578125
02120_frog_eye_leaf_spot.jpg,frog_eye_leaf_spot,True,4000,2672,1.4970059880239521,807.6865234375
02121_frog_eye_leaf_spot.jpg,frog_eye_leaf_spot,True,4000,2672,1.4970059880239521,1072.021484375
02122_frog_eye_leaf_spot.jpg,frog_eye_leaf_spot,True,4000,2672,1.4970059880239521,885.8623046875
02123_frog_eye_leaf_spot.jpg,frog_eye_leaf_spot,True,4000,2672,1.4970059880239521,1036.34375
02124_frog_eye_leaf_spot.jpg,frog_eye_leaf_spot,True,4000,2672,1.4970059880239521,838.4189453125
02125_frog_eye_leaf_spot.jpg,frog_eye_leaf_spot,True,4000,2672,1.4970059880239521,869.7509765625
02126_frog_eye_leaf_spot.jpg,frog_eye_leaf_spot,True,4000,2672,1.4970059880239521,1014.6650390625
02127_frog_eye_leaf_spot.jpg,frog_eye_leaf_spot,True,4000,2672,1.4970059880239521,809.9375
02128_frog_eye_leaf_spot.jpg,frog_eye_leaf_spot,True,4000,2672,1.4970059880239521,735.3623046875
02129_frog_eye_leaf_spot.jpg,frog_eye_leaf_spot,True,4000,2672,1.4970059880239521,866.1240234375
02130_frog_eye_leaf_spot.jpg,frog_eye_leaf_spot,True,4000,2672,1.4970059880239521,1057.9111328125
02131_frog_eye_leaf_spot.jpg,frog_eye_leaf_spot,True,4000,2672,1.4970059880239521,791.701171875
02132_frog_eye_leaf_spot.jpg,frog_eye_leaf_spot,True,4000,2672,1.4970059880239521,993.47265625
02133_frog_eye_leaf_spot.jpg,frog_eye_leaf_spot,True,4000,2672,1.4970059880239521,1061.23046875
02134_frog_eye_leaf_spot.jpg,frog_eye_leaf_spot,True,4000,2672,1.4970059880239521,1013.208984375
02135_frog_eye_leaf_spot.jpg,frog_eye_leaf_spot,True,4000,2672,1.4970059880239521,863.962890625
02136_frog_eye_leaf_spot.jpg,frog_eye_leaf_spot,True,4000,2672,1.4970059880239521,1007.2900390625
02137_frog_eye_leaf_spot.jpg,frog_eye_leaf_spot,True,4000,2672,1.4970059880239521,994.2041015625
02138_frog_eye_leaf_spot.jpg,frog_eye_leaf_spot,True,4000,2672,1.4970059880239521,1055.064453125
02139_frog_eye_leaf_spot.jpg,frog_eye_leaf_spot,True,4000,2672,1.4970059880239521,687.7109375
02140_frog_eye_leaf_spot.jpg,frog_eye_leaf_spot,True,4000,2672,1.4970059880239521,599.1552734375
02141_frog_eye_leaf_spot.jpg,frog_eye_leaf_spot,True,4000,2672,1.4970059880239521,989.068359375
02142_frog_eye_leaf_spot.jpg,frog_eye_leaf_spot,True,4000,2672,1.4970059880239521,786.48828125
02143_frog_eye_leaf_spot.jpg,frog_eye_leaf_spot,True,4000,2672,1.4970059880239521,1116.5673828125
02144_frog_eye_leaf_spot.jpg,frog_eye_leaf_spot,True,4000,2672,1.4970059880239521,999.830078125
02145_frog_eye_leaf_spot.jpg,frog_eye_leaf_spot,True,4000,2672,1.4970059880239521,1003.3525390625
02146_frog_eye_leaf_spot.jpg,frog_eye_leaf_spot,True,4000,2672,1.4970059880239521,795.4638671875
02147_frog_eye_leaf_spot.jpg,frog_eye_leaf_spot,True,4000,2672,1.4970059880239521,1013.2607421875
02148_frog_eye_leaf_spot.jpg,frog_eye_leaf_spot,True,4000,2672,1.4970059880239521,984.302734375
02149_frog_eye_leaf_spot.jpg,frog_eye_leaf_spot,True,4000,2672,1.4970059880239521,960.7734375
02150_frog_eye_leaf_spot.jpg,frog_eye_leaf_spot,True,4000,2672,1.4970059880239521,868.1171875
02151_frog_eye_leaf_spot.jpg,frog_eye_leaf_spot,True,4000,2672,1.4970059880239521,787.4716796875
02152_frog_eye_leaf_spot.jpg,frog_eye_leaf_spot,True,4000,2672,1.4970059880239521,1125.1240234375
02153_frog_eye_leaf_spot.jpg,frog_eye_leaf_spot,True,4000,2672,1.4970059880239521,940.86328125
02154_frog_eye_leaf_spot.jpg,frog_eye_leaf_spot,True,4000,2672,1.4970059880239521,1075.1611328125
02155_frog_eye_leaf_spot.jpg,frog_eye_leaf_spot,True,4000,2672,1.4970059880239521,808.81640625
02156_frog_eye_leaf_spot.jpg,frog_eye_leaf_spot,True,4000,2672,1.4970059880239521,715.681640625
02157_frog_eye_leaf_spot.jpg,frog_eye_leaf_spot,True,4000,2672,1.4970059880239521,932.1728515625
02158_frog_eye_leaf_spot.jpg,frog_eye_leaf_spot,True,4000,2672,1.4970059880239521,810.9130859375
02159_frog_eye_leaf_spot.jpg,frog_eye_leaf_spot,True,4000,2672,1.4970059880239521,814.9169921875
02160_frog_eye_leaf_spot.jpg,frog_eye_leaf_spot,True,4000,2672,1.4970059880239521,1083.125
02161_frog_eye_leaf_spot.jpg,frog_eye_leaf_spot,True,4000,2672,1.4970059880239521,922.4814453125
02162_frog_eye_leaf_spot.jpg,frog_eye_leaf_spot,True,4000,2672,1.4970059880239521,852.369140625
02163_frog_eye_leaf_spot.jpg,frog_eye_leaf_spot,True,4000,2672,1.4970059880239521,955.5947265625
02164_frog_eye_leaf_spot.jpg,frog_eye_leaf_spot,True,4000,2672,1.4970059880239521,890.7353515625
02165_frog_eye_leaf_spot.jpg,frog_eye_leaf_spot,True,4000,2672,1.4970059880239521,931.8525390625
02166_frog_eye_leaf_spot.jpg,frog_eye_leaf_spot,True,4000,2672,1.4970059880239521,566.6533203125
02167_frog_eye_leaf_spot.jpg,frog_eye_leaf_spot,True,4000,2672,1.4970059880239521,581.0029296875
02168_frog_eye_leaf_spot.jpg,frog_eye_leaf_spot,True,4000,2672,1.4970059880239521,1117.6611328125
02169_frog_eye_leaf_spot.jpg,frog_eye_leaf_spot,True,4000,2672,1.4970059880239521,651.7802734375
02170_frog_eye_leaf_spot.jpg,frog_eye_leaf_spot,True,4000,2672,1.4970059880239521,960.8681640625
02171_frog_eye_leaf_spot.jpg,frog_eye_leaf_spot,True,4000,2672,1.4970059880239521,793.8427734375
02172_frog_eye_leaf_spot.jpg,frog_eye_leaf_spot,True,4000,2672,1.4970059880239521,767.318359375
02173_frog_eye_leaf_spot.jpg,frog_eye_leaf_spot,True,4000,2672,1.4970059880239521,1007.5908203125
02174_frog_eye_leaf_spot.jpg,frog_eye_leaf_spot,True,4000,2672,1.4970059880239521,1060.80078125
02175_frog_eye_leaf_spot.jpg,frog_eye_leaf_spot,True,4000,2672,1.4970059880239521,933.1904296875
02176_frog_eye_leaf_spot.jpg,frog_eye_leaf_spot,True,4000,2672,1.4970059880239521,961.7822265625
02177_frog_eye_leaf_spot.jpg,frog_eye_leaf_spot,True,4000,2672,1.4970059880239521,748.4306640625
02178_frog_eye_leaf_spot.jpg,frog_eye_leaf_spot,True,4000,2672,1.4970059880239521,840.8681640625
02179_frog_eye_leaf_spot.jpg,frog_eye_leaf_spot,True,4000,2672,1.4970059880239521,981.9248046875
02180_frog_eye_leaf_spot.jpg,frog_eye_leaf_spot,True,4000,2672,1.4970059880239521,815.173828125
02181_frog_eye_leaf_spot.jpg,frog_eye_leaf_spot,True,4000,2672,1.4970059880239521,918.4599609375
02182_frog_eye_leaf_spot.jpg,frog_eye_leaf_spot,True,4000,2672,1.4970059880239521,810.9423828125
02183_frog_eye_leaf_spot.jpg,frog_eye_leaf_spot,True,4000,2672,1.4970059880239521,1086.27734375
02184_frog_eye_leaf_spot.jpg,frog_eye_leaf_spot,True,4000,2672,1.4970059880239521,939.7294921875
02185_frog_eye_leaf_spot.jpg,frog_eye_leaf_spot,True,4000,2672,1.4970059880239521,969.37890625
02186_frog_eye_leaf_spot.jpg,frog_eye_leaf_spot,True,4000,2672,1.4970059880239521,854.3740234375
02187_frog_eye_leaf_spot.jpg,frog_eye_leaf_spot,True,4000,2672,1.4970059880239521,996.7333984375
02188_frog_eye_leaf_spot.jpg,frog_eye_leaf_spot,True,4000,2672,1.4970059880239521,896.7763671875
02189_frog_eye_leaf_spot.jpg,frog_eye_leaf_spot,True,4000,2672,1.4970059880239521,800.0595703125
02190_frog_eye_leaf_spot.jpg,frog_eye_leaf_spot,True,4000,2672,1.4970059880239521,793.6455078125
02191_frog_eye_leaf_spot.jpg,frog_eye_leaf_spot,True,4000,2672,1.4970059880239521,804.35546875
02192_frog_eye_leaf_spot.jpg,frog_eye_leaf_spot,True,4000,2672,1.4970059880239521,964.8115234375
02193_frog_eye_leaf_spot.jpg,frog_eye_leaf_spot,True,4000,2672,1.4970059880239521,899.7255859375
02194_frog_eye_leaf_spot.jpg,frog_eye_leaf_spot,True,4000,2672,1.4970059880239521,937.09375
02195_frog_eye_leaf_spot.jpg,frog_eye_leaf_spot,True,4000,2672,1.4970059880239521,758.6103515625
02196_frog_eye_leaf_spot.jpg,frog_eye_leaf_spot,True,4000,2672,1.4970059880239521,986.5908203125
02197_frog_eye_leaf_spot.jpg,frog_eye_leaf_spot,True,4000,2672,1.4970059880239521,1013.6865234375
02198_frog_eye_leaf_spot.jpg,frog_eye_leaf_spot,True,4000,2672,1.4970059880239521,736.30078125
02199_frog_eye_leaf_spot.jpg,frog_eye_leaf_spot,True,4000,2672,1.4970059880239521,850.658203125
02200_frog_eye_leaf_spot.jpg,frog_eye_leaf_spot,True,4000,2672,1.4970059880239521,807.96484375
02201_frog_eye_leaf_spot.jpg,frog_eye_leaf_spot,True,4000,2672,1.4970059880239521,867.7763671875
02202_frog_eye_leaf_spot.jpg,frog_eye_leaf_spot,True,4000,2672,1.4970059880239521,1030.3466796875
02203_frog_eye_leaf_spot.jpg,frog_eye_leaf_spot,True,4000,2672,1.4970059880239521,801.716796875
02204_frog_eye_leaf_spot.jpg,frog_eye_leaf_spot,True,4000,2672,1.4970059880239521,988.015625
02205_frog_eye_leaf_spot.jpg,frog_eye_leaf_spot,True,4000,2672,1.4970059880239521,899.8046875
02206_frog_eye_leaf_spot.jpg,frog_eye_leaf_spot,True,4000,2672,1.4970059880239521,644.97265625
02207_frog_eye_leaf_spot.jpg,frog_eye_leaf_spot,True,4000,2672,1.4970059880239521,893.07421875
02208_frog_eye_leaf_spot.jpg,frog_eye_leaf_spot,True,4000,2672,1.4970059880239521,729.9306640625
02209_frog_eye_leaf_spot.jpg,frog_eye_leaf_spot,True,4000,2672,1.4970059880239521,869.9013671875
02210_frog_eye_leaf_spot.jpg,frog_eye_leaf_spot,True,4000,2672,1.4970059880239521,1030.982421875
02211_frog_eye_leaf_spot.jpg,frog_eye_leaf_spot,True,4000,2672,1.4970059880239521,996.2587890625
02212_frog_eye_leaf_spot.jpg,frog_eye_leaf_spot,True,4000,2672,1.4970059880239521,1041.44140625
02213_frog_eye_leaf_spot.jpg,frog_eye_leaf_spot,True,4000,2672,1.4970059880239521,797.1396484375
02214_frog_eye_leaf_spot.jpg,frog_eye_leaf_spot,True,4000,2672,1.4970059880239521,997.6796875
02215_frog_eye_leaf_spot.jpg,frog_eye_leaf_spot,True,4000,2672,1.4970059880239521,1015.1904296875
02216_frog_eye_leaf_spot.jpg,frog_eye_leaf_spot,True,4000,3000,1.3333333333333333,857.888671875
02217_frog_eye_leaf_spot.jpg,frog_eye_leaf_spot,True,4000,2672,1.4970059880239521,944.51953125
02218_frog_eye_leaf_spot.jpg,frog_eye_leaf_spot,True,4000,2672,1.4970059880239521,1127.06640625
02219_frog_eye_leaf_spot.jpg,frog_eye_leaf_spot,True,4000,2672,1.4970059880239521,639.662109375
02220_frog_eye_leaf_spot.jpg,frog_eye_leaf_spot,True,4000,2672,1.4970059880239521,921.951171875
02221_frog_eye_leaf_spot.jpg,frog_eye_leaf_spot,True,4000,2672,1.4970059880239521,665.7744140625
02222_frog_eye_leaf_spot.jpg,frog_eye_leaf_spot,True,4000,2672,1.4970059880239521,1014.3388671875
02223_frog_eye_leaf_spot.jpg,frog_eye_leaf_spot,True,4000,2672,1.4970059880239521,678.443359375
02224_frog_eye_leaf_spot.jpg,frog_eye_leaf_spot,True,4000,2672,1.4970059880239521,904.9853515625
02225_frog_eye_leaf_spot.jpg,frog_eye_leaf_spot,True,4000,2672,1.4970059880239521,800.2138671875
02226_frog_eye_leaf_spot.jpg,frog_eye_leaf_spot,True,4000,2672,1.4970059880239521,911.677734375
02227_frog_eye_leaf_spot.jpg,frog_eye_leaf_spot,True,4000,2672,1.4970059880239521,1107.1025390625
02228_frog_eye_leaf_spot.jpg,frog_eye_leaf_spot,True,4000,2672,1.4970059880239521,714.8115234375
02229_frog_eye_leaf_spot.jpg,frog_eye_leaf_spot,True,4000,2672,1.4970059880239521,875.9521484375
02230_frog_eye_leaf_spot.jpg,frog_eye_leaf_spot,True,4000,2672,1.4970059880239521,714.4091796875
02231_frog_eye_leaf_spot.jpg,frog_eye_leaf_spot,True,4000,2672,1.4970059880239521,829.236328125
02232_frog_eye_leaf_spot.jpg,frog_eye_leaf_spot,True,4000,2672,1.4970059880239521,1021.6591796875
02233_frog_eye_leaf_spot.jpg,frog_eye_leaf_spot,True,4000,2672,1.4970059880239521,806.4755859375
02234_frog_eye_leaf_spot.jpg,frog_eye_leaf_spot,True,4000,2672,1.4970059880239521,942.4287109375
02235_frog_eye_leaf_spot.jpg,frog_eye_leaf_spot,True,4000,2672,1.4970059880239521,961.9716796875
02236_frog_eye_leaf_spot.jpg,frog_eye_leaf_spot,True,5184,3456,1.5,1107.40625
02237_frog_eye_leaf_spot.jpg,frog_eye_leaf_spot,True,4000,2672,1.4970059880239521,963.6875
02238_frog_eye_leaf_spot.jpg,frog_eye_leaf_spot,True,4000,2672,1.4970059880239521,983.5068359375
02239_frog_eye_leaf_spot.jpg,frog_eye_leaf_spot,True,4000,2672,1.4970059880239521,916.591796875
02240_frog_eye_leaf_spot.jpg,frog_eye_leaf_spot,True,4000,2672,1.4970059880239521,962.1064453125
02241_frog_eye_leaf_spot.jpg,frog_eye_leaf_spot,True,4000,2672,1.4970059880239521,886.8251953125
02242_frog_eye_leaf_spot.jpg,frog_eye_leaf_spot,True,4000,2672,1.4970059880239521,851.25390625
02243_frog_eye_leaf_spot.jpg,frog_eye_leaf_spot,True,4000,2672,1.4970059880239521,887.5888671875
02244_frog_eye_leaf_spot.jpg,frog_eye_leaf_spot,True,4000,2672,1.4970059880239521,870.4326171875
02245_frog_eye_leaf_spot.jpg,frog_eye_leaf_spot,True,4000,2672,1.4970059880239521,1130.5166015625
02246_frog_eye_leaf_spot.jpg,frog_eye_leaf_spot,True,4000,2672,1.4970059880239521,978.4462890625
02247_frog_eye_leaf_spot.jpg,frog_eye_leaf_spot,True,4000,2672,1.4970059880239521,790.7578125
02248_frog_eye_leaf_spot.jpg,frog_eye_leaf_spot,True,4000,2672,1.4970059880239521,897.35546875
02249_frog_eye_leaf_spot.jpg,frog_eye_leaf_spot,True,4000,2672,1.4970059880239521,910.5830078125
02250_frog_eye_leaf_spot.jpg,frog_eye_leaf_spot,True,4000,2672,1.4970059880239521,948.6982421875
02251_frog_eye_leaf_spot.jpg,frog_eye_leaf_spot,True,4000,2672,1.4970059880239521,802.154296875
02252_frog_eye_leaf_spot.jpg,frog_eye_leaf_spot,True,4000,2672,1.4970059880239521,890.0078125
02253_frog_eye_leaf_spot.jpg,frog_eye_leaf_spot,True,4000,2672,1.4970059880239521,1000.064453125
02254_frog_eye_leaf_spot.jpg,frog_eye_leaf_spot,True,4000,2672,1.4970059880239521,936.580078125
02255_frog_eye_leaf_spot.jpg,frog_eye_leaf_spot,True,4000,2672,1.4970059880239521,509.7548828125
02256_frog_eye_leaf_spot.jpg,frog_eye_leaf_spot,True,4000,2672,1.4970059880239521,681.7216796875
02257_frog_eye_leaf_spot.jpg,frog_eye_leaf_spot,True,4000,2672,1.4970059880239521,1041.404296875
02258_frog_eye_leaf_spot.jpg,frog_eye_leaf_spot,True,4000,2672,1.4970059880239521,590.04296875
02259_frog_eye_leaf_spot.jpg,frog_eye_leaf_spot,True,4000,2672,1.4970059880239521,985.0244140625
02260_frog_eye_leaf_spot.jpg,frog_eye_leaf_spot,True,4000,2672,1.4970059880239521,850.1591796875
02261_frog_eye_leaf_spot.jpg,frog_eye_leaf_spot,True,4000,2672,1.4970059880239521,966.4736328125
02262_frog_eye_leaf_spot.jpg,frog_eye_leaf_spot,True,4000,2672,1.4970059880239521,948.4052734375
02263_frog_eye_leaf_spot.jpg,frog_eye_leaf_spot,True,4000,2672,1.4970059880239521,711.7470703125
02264_frog_eye_leaf_spot.jpg,frog_eye_leaf_spot,True,4000,2672,1.4970059880239521,1074.05078125
02265_frog_eye_leaf_spot.jpg,frog_eye_leaf_spot,True,4000,2672,1.4970059880239521,870.27734375
02266_frog_eye_leaf_spot.jpg,frog_eye_leaf_spot,True,4000,2672,1.4970059880239521,960.5888671875
02267_frog_eye_leaf_spot.jpg,frog_eye_leaf_spot,True,4000,2672,1.4970059880239521,806.9189453125
02268_frog_eye_leaf_spot.jpg,frog_eye_leaf_spot,True,4000,2672,1.4970059880239521,853.1279296875
02269_frog_eye_leaf_spot.jpg,frog_eye_leaf_spot,True,4000,2672,1.4970059880239521,996.6748046875
02270_frog_eye_leaf_spot.jpg,frog_eye_leaf_spot,True,4000,2672,1.4970059880239521,1014.912109375
02271_frog_eye_leaf_spot.jpg,frog_eye_leaf_spot,True,4000,2672,1.4970059880239521,1054.25
02272_frog_eye_leaf_spot.jpg,frog_eye_leaf_spot,True,4000,2672,1.4970059880239521,981.4013671875
02273_frog_eye_leaf_spot.jpg,frog_eye_leaf_spot,True,4000,2672,1.4970059880239521,1035.1552734375
02274_frog_eye_leaf_spot.jpg,frog_eye_leaf_spot,True,4000,2672,1.4970059880239521,1152.4912109375
02275_frog_eye_leaf_spot.jpg,frog_eye_leaf_spot,True,4000,2672,1.4970059880239521,851.7509765625
02276_frog_eye_leaf_spot.jpg,frog_eye_leaf_spot,True,4000,2672,1.4970059880239521,838.0751953125
02277_frog_eye_leaf_spot.jpg,frog_eye_leaf_spot,True,4000,2672,1.4970059880239521,744.5146484375
02278_frog_eye_leaf_spot.jpg,frog_eye_leaf_spot,True,4000,2672,1.4970059880239521,988.9287109375
02279_frog_eye_leaf_spot.jpg,frog_eye_leaf_spot,True,4000,2672,1.4970059880239521,756.46484375
02280_frog_eye_leaf_spot.jpg,frog_eye_leaf_spot,True,4000,2672,1.4970059880239521,878.08984375
02281_frog_eye_leaf_spot.jpg,frog_eye_leaf_spot,True,4000,2672,1.4970059880239521,763.4873046875
02282_frog_eye_leaf_spot.jpg,frog_eye_leaf_spot,True,4000,2672,1.4970059880239521,847.6943359375
02283_frog_eye_leaf_spot.jpg,frog_eye_leaf_spot,True,4000,2672,1.4970059880239521,798.3720703125
02284_frog_eye_leaf_spot.jpg,frog_eye_leaf_spot,True,4000,2672,1.4970059880239521,1096.046875
02285_frog_eye_leaf_spot.jpg,frog_eye_leaf_spot,True,4000,2672,1.4970059880239521,799.88671875
02286_frog_eye_leaf_spot.jpg,frog_eye_leaf_spot,True,4000,2672,1.4970059880239521,718.96875
02287_frog_eye_leaf_spot.jpg,frog_eye_leaf_spot,True,4000,2672,1.4970059880239521,764.3623046875
02288_frog_eye_leaf_spot.jpg,frog_eye_leaf_spot,True,4000,2672,1.4970059880239521,927.435546875
02289_frog_eye_leaf_spot.jpg,frog_eye_leaf_spot,True,4000,2672,1.4970059880239521,925.732421875
02290_frog_eye_leaf_spot.jpg,frog_eye_leaf_spot,True,4000,2672,1.4970059880239521,929.68359375
02291_frog_eye_leaf_spot.jpg,frog_eye_leaf_spot,True,4000,2672,1.4970059880239521,1014.30859375
02292_frog_eye_leaf_spot.jpg,frog_eye_leaf_spot,True,4000,2672,1.4970059880239521,998.81640625
02293_frog_eye_leaf_spot.jpg,frog_eye_leaf_spot,True,4000,2672,1.4970059880239521,857.029296875
02294_frog_eye_leaf_spot.jpg,frog_eye_leaf_spot,True,4000,2672,1.4970059880239521,672.5712890625
02295_frog_eye_leaf_spot.jpg,frog_eye_leaf_spot,True,4000,2672,1.4970059880239521,968.759765625
02296_frog_eye_leaf_spot.jpg,frog_eye_leaf_spot,True,4000,2672,1.4970059880239521,759.4921875
02297_frog_eye_leaf_spot.jpg,frog_eye_leaf_spot,True,4000,2672,1.4970059880239521,994.69921875
02298_frog_eye_leaf_spot.jpg,frog_eye_leaf_spot,True,4000,2672,1.4970059880239521,947.9833984375
02299_frog_eye_leaf_spot.jpg,frog_eye_leaf_spot,True,4000,2672,1.4970059880239521,991.681640625
02300_frog_eye_leaf_spot.jpg,frog_eye_leaf_spot,True,4000,2672,1.4970059880239521,920.482421875
02301_frog_eye_leaf_spot.jpg,frog_eye_leaf_spot,True,4000,2672,1.4970059880239521,781.79296875
02302_frog_eye_leaf_spot.jpg,frog_eye_leaf_spot,True,4000,2672,1.4970059880239521,929.748046875
02303_frog_eye_leaf_spot.jpg,frog_eye_leaf_spot,True,4000,2672,1.4970059880239521,932.1923828125
02304_frog_eye_leaf_spot.jpg,frog_eye_leaf_spot,True,4000,2672,1.4970059880239521,887.240234375
02305_frog_eye_leaf_spot.jpg,frog_eye_leaf_spot,True,4000,2672,1.4970059880239521,1004.4189453125
02306_frog_eye_leaf_spot.jpg,frog_eye_leaf_spot,True,4000,2672,1.4970059880239521,1105.87890625
02307_frog_eye_leaf_spot.jpg,frog_eye_leaf_spot,True,4000,2672,1.4970059880239521,769.1337890625
02308_frog_eye_leaf_spot.jpg,frog_eye_leaf_spot,True,4000,2672,1.4970059880239521,925.6904296875
02309_frog_eye_leaf_spot.jpg,frog_eye_leaf_spot,True,4000,2672,1.4970059880239521,731.3076171875
02310_frog_eye_leaf_spot.jpg,frog_eye_leaf_spot,True,4000,2672,1.4970059880239521,1035.8388671875
02311_frog_eye_leaf_spot.jpg,frog_eye_leaf_spot,True,4000,2672,1.4970059880239521,678.5087890625
02312_frog_eye_leaf_spot.jpg,frog_eye_leaf_spot,True,4000,2672,1.4970059880239521,888.421875
02313_frog_eye_leaf_spot.jpg,frog_eye_leaf_spot,True,4000,2672,1.4970059880239521,1008.1376953125
02314_frog_eye_leaf_spot.jpg,frog_eye_leaf_spot,True,4000,2672,1.4970059880239521,1046.720703125
02315_frog_eye_leaf_spot.jpg,frog_eye_leaf_spot,True,4000,2672,1.4970059880239521,941.041015625
02316_frog_eye_leaf_spot.jpg,frog_eye_leaf_spot,True,4000,2672,1.4970059880239521,977.7919921875
02317_frog_eye_leaf_spot.jpg,frog_eye_leaf_spot,True,4000,2672,1.4970059880239521,883.361328125
02318_frog_eye_leaf_spot.jpg,frog_eye_leaf_spot,True,4000,2672,1.4970059880239521,779.7685546875
02319_frog_eye_leaf_spot.jpg,frog_eye_leaf_spot,True,4000,2672,1.4970059880239521,914.505859375
02320_frog_eye_leaf_spot.jpg,frog_eye_leaf_spot,True,4000,2672,1.4970059880239521,891.9033203125
02321_frog_eye_leaf_spot.jpg,frog_eye_leaf_spot,True,4000,2672,1.4970059880239521,928.5849609375
02322_frog_eye_leaf_spot.jpg,frog_eye_leaf_spot,True,4000,2672,1.4970059880239521,951.3671875
02323_frog_eye_leaf_spot.jpg,frog_eye_leaf_spot,True,4000,2672,1.4970059880239521,746.9375
02324_frog_eye_leaf_spot.jpg,frog_eye_leaf_spot,True,4000,2672,1.4970059880239521,619.7333984375
02325_frog_eye_leaf_spot.jpg,frog_eye_leaf_spot,True,4000,2672,1.4970059880239521,1003.74609375
02326_frog_eye_leaf_spot.jpg,frog_eye_leaf_spot,True,4000,2672,1.4970059880239521,805.4951171875
02327_frog_eye_leaf_spot.jpg,frog_eye_leaf_spot,True,4000,2672,1.4970059880239521,941.3330078125
02328_frog_eye_leaf_spot.jpg,frog_eye_leaf_spot,True,4000,2672,1.4970059880239521,1021.3427734375
02329_frog_eye_leaf_spot.jpg,frog_eye_leaf_spot,True,4000,2672,1.4970059880239521,1020.3349609375
02330_frog_eye_leaf_spot.jpg,frog_eye_leaf_spot,True,4000,2672,1.4970059880239521,884.9736328125
02331_frog_eye_leaf_spot.jpg,frog_eye_leaf_spot,True,2592,1728,1.5,271.978515625
02332_frog_eye_leaf_spot.jpg,frog_eye_leaf_spot,True,4000,2672,1.4970059880239521,1073.748046875
02333_frog_eye_leaf_spot.jpg,frog_eye_leaf_spot,True,4000,2672,1.4970059880239521,868.8291015625
02334_frog_eye_leaf_spot.jpg,frog_eye_leaf_spot,True,4000,2672,1.4970059880239521,912.208984375
02335_frog_eye_leaf_spot.jpg,frog_eye_leaf_spot,True,4000,2672,1.4970059880239521,799.3408203125
02336_frog_eye_leaf_spot.jpg,frog_eye_leaf_spot,True,4000,2672,1.4970059880239521,939.703125
02337_frog_eye_leaf_spot.jpg,frog_eye_leaf_spot,True,4000,2672,1.4970059880239521,1047.501953125
02338_frog_eye_leaf_spot.jpg,frog_eye_leaf_spot,True,4000,2672,1.4970059880239521,861.736328125
02339_frog_eye_leaf_spot.jpg,frog_eye_leaf_spot,True,4000,2672,1.4970059880239521,1104.4365234375
02340_frog_eye_leaf_spot.jpg,frog_eye_leaf_spot,True,4000,2672,1.4970059880239521,1202.7041015625
02341_frog_eye_leaf_spot.jpg,frog_eye_leaf_spot,True,4000,2672,1.4970059880239521,739.759765625
02342_frog_eye_leaf_spot.jpg,frog_eye_leaf_spot,True,4000,2672,1.4970059880239521,884.00390625
02343_frog_eye_leaf_spot.jpg,frog_eye_leaf_spot,True,4000,2672,1.4970059880239521,1054.9345703125
02344_frog_eye_leaf_spot.jpg,frog_eye_leaf_spot,True,4000,2672,1.4970059880239521,1055.7529296875
02345_frog_eye_leaf_spot.jpg,frog_eye_leaf_spot,True,4000,2672,1.4970059880239521,875.939453125
02346_frog_eye_leaf_spot.jpg,frog_eye_leaf_spot,True,4000,2672,1.4970059880239521,959.833984375
02347_frog_eye_leaf_spot.jpg,frog_eye_leaf_spot,True,4000,2672,1.4970059880239521,864.2421875
02348_frog_eye_leaf_spot.jpg,frog_eye_leaf_spot,True,4000,2672,1.4970059880239521,960.8056640625
02349_frog_eye_leaf_spot.jpg,frog_eye_leaf_spot,True,4000,2672,1.4970059880239521,993.1845703125
02350_frog_eye_leaf_spot.jpg,frog_eye_leaf_spot,True,4000,2672,1.4970059880239521,898.3720703125
02351_frog_eye_leaf_spot.jpg,frog_eye_leaf_spot,True,4000,2672,1.4970059880239521,957.6328125
02352_frog_eye_leaf_spot.jpg,frog_eye_leaf_spot,True,4000,2672,1.4970059880239521,975.0048828125
02353_frog_eye_leaf_spot.jpg,frog_eye_leaf_spot,True,4000,2672,1.4970059880239521,792.916015625
02354_frog_eye_leaf_spot.jpg,frog_eye_leaf_spot,True,4000,2672,1.4970059880239521,1044.7900390625
02355_frog_eye_leaf_spot.jpg,frog_eye_leaf_spot,True,4000,2672,1.4970059880239521,885.119140625
02356_frog_eye_leaf_spot.jpg,frog_eye_leaf_spot,True,4000,2672,1.4970059880239521,971.6767578125
02357_frog_eye_leaf_spot.jpg,frog_eye_leaf_spot,True,4000,2672,1.4970059880239521,751.9423828125
02358_frog_eye_leaf_spot.jpg,frog_eye_leaf_spot,True,4000,2672,1.4970059880239521,1087.505859375
02359_frog_eye_leaf_spot.jpg,frog_eye_leaf_spot,True,4000,2672,1.4970059880239521,967.7724609375
02360_frog_eye_leaf_spot.jpg,frog_eye_leaf_spot,True,4000,2672,1.4970059880239521,894.8759765625
02361_frog_eye_leaf_spot.jpg,frog_eye_leaf_spot,True,4000,2672,1.4970059880239521,1063.12890625
02362_frog_eye_leaf_spot.jpg,frog_eye_leaf_spot,True,4000,2672,1.4970059880239521,848.5556640625
02363_frog_eye_leaf_spot.jpg,frog_eye_leaf_spot,True,4000,2672,1.4970059880239521,1037.9892578125
02364_frog_eye_leaf_spot.jpg,frog_eye_leaf_spot,True,4000,2672,1.4970059880239521,744.603515625
02365_frog_eye_leaf_spot.jpg,frog_eye_leaf_spot,True,4000,2672,1.4970059880239521,918.642578125
02366_frog_eye_leaf_spot.jpg,frog_eye_leaf_spot,True,4000,2672,1.4970059880239521,748.3623046875
02367_frog_eye_leaf_spot.jpg,frog_eye_leaf_spot,True,4000,2672,1.4970059880239521,667.54296875
02368_frog_eye_leaf_spot.jpg,frog_eye_leaf_spot,True,4000,2672,1.4970059880239521,892.3271484375
02369_frog_eye_leaf_spot.jpg,frog_eye_leaf_spot,True,4000,2672,1.4970059880239521,927.18359375
02370_frog_eye_leaf_spot.jpg,frog_eye_leaf_spot,True,4000,2672,1.4970059880239521,548.1416015625
02371_frog_eye_leaf_spot.jpg,frog_eye_leaf_spot,True,4000,2672,1.4970059880239521,773.138671875
02372_frog_eye_leaf_spot.jpg,frog_eye_leaf_spot,True,4000,2672,1.4970059880239521,747.6416015625
02373_frog_eye_leaf_spot.jpg,frog_eye_leaf_spot,True,4000,2672,1.4970059880239521,827.5498046875
02374_frog_eye_leaf_spot.jpg,frog_eye_leaf_spot,True,4000,2672,1.4970059880239521,762.5244140625
02375_frog_eye_leaf_spot.jpg,frog_eye_leaf_spot,True,4000,2672,1.4970059880239521,1076.6884765625
02376_frog_eye_leaf_spot.jpg,frog_eye_leaf_spot,True,4000,2672,1.4970059880239521,848.060546875
02377_frog_eye_leaf_spot.jpg,frog_eye_leaf_spot,True,4000,2672,1.4970059880239521,982.2412109375
02378_frog_eye_leaf_spot.jpg,frog_eye_leaf_spot,True,2592,1728,1.5,351.306640625
02379_frog_eye_leaf_spot.jpg,frog_eye_leaf_spot,True,4000,2672,1.4970059880239521,900.0703125
02380_frog_eye_leaf_spot.jpg,frog_eye_leaf_spot,True,4000,2672,1.4970059880239521,883.22265625
02381_frog_eye_leaf_spot.jpg,frog_eye_leaf_spot,True,4000,2672,1.4970059880239521,864.744140625
02382_frog_eye_leaf_spot.jpg,frog_eye_leaf_spot,True,4000,2672,1.4970059880239521,1145.517578125
02383_frog_eye_leaf_spot.jpg,frog_eye_leaf_spot,True,4000,2672,1.4970059880239521,874.4736328125
02384_frog_eye_leaf_spot.jpg,frog_eye_leaf_spot,True,4000,2672,1.4970059880239521,937.8857421875
02385_frog_eye_leaf_spot.jpg,frog_eye_leaf_spot,True,4000,2672,1.4970059880239521,909.4150390625
02386_frog_eye_leaf_spot.jpg,frog_eye_leaf_spot,True,4000,2672,1.4970059880239521,784.986328125
02387_frog_eye_leaf_spot.jpg,frog_eye_leaf_spot,True,4000,2672,1.4970059880239521,981.8251953125
02388_frog_eye_leaf_spot.jpg,frog_eye_leaf_spot,True,4000,2672,1.4970059880239521,890.3310546875
02389_frog_eye_leaf_spot.jpg,frog_eye_leaf_spot,True,4000,2672,1.4970059880239521,1027.1201171875
02390_frog_eye_leaf_spot.jpg,frog_eye_leaf_spot,True,4000,2672,1.4970059880239521,715.3837890625
02391_frog_eye_leaf_spot.jpg,frog_eye_leaf_spot,True,4000,2672,1.4970059880239521,927.2080078125
02392_frog_eye_leaf_spot.jpg,frog_eye_leaf_spot,True,4000,2672,1.4970059880239521,1063.6748046875
02393_frog_eye_leaf_spot.jpg,frog_eye_leaf_spot,True,4000,2672,1.4970059880239521,1046.44921875
02394_frog_eye_leaf_spot.jpg,frog_eye_leaf_spot,True,4000,2672,1.4970059880239521,601.3017578125
02395_frog_eye_leaf_spot.jpg,frog_eye_leaf_spot,True,4000,2672,1.4970059880239521,700.3359375
02396_frog_eye_leaf_spot.jpg,frog_eye_leaf_spot,True,4000,2672,1.4970059880239521,867.6748046875
02397_frog_eye_leaf_spot.jpg,frog_eye_leaf_spot,True,4000,2672,1.4970059880239521,777.7265625
02398_frog_eye_leaf_spot.jpg,frog_eye_leaf_spot,True,4000,2672,1.4970059880239521,783.068359375
02399_frog_eye_leaf_spot.jpg,frog_eye_leaf_spot,True,4000,2672,1.4970059880239521,750.345703125
02400_frog_eye_leaf_spot.jpg,frog_eye_leaf_spot,True,4000,2672,1.4970059880239521,861.4833984375
02401_frog_eye_leaf_spot.jpg,frog_eye_leaf_spot,True,4000,2672,1.4970059880239521,821.4111328125
02402_frog_eye_leaf_spot.jpg,frog_eye_leaf_spot,True,4000,2672,1.4970059880239521,1027.416015625
02403_frog_eye_leaf_spot.jpg,frog_eye_leaf_spot,True,4000,2672,1.4970059880239521,630.5380859375
02404_frog_eye_leaf_spot.jpg,frog_eye_leaf_spot,True,4000,2672,1.4970059880239521,952.3798828125
02405_frog_eye_leaf_spot.jpg,frog_eye_leaf_spot,True,4000,2672,1.4970059880239521,788.3623046875
02406_frog_eye_leaf_spot.jpg,frog_eye_leaf_spot,True,4000,2672,1.4970059880239521,891.869140625
02407_frog_eye_leaf_spot.jpg,frog_eye_leaf_spot,True,4000,2672,1.4970059880239521,743.6416015625
02408_frog_eye_leaf_spot.jpg,frog_eye_leaf_spot,True,4000,2672,1.4970059880239521,759.5869140625
02409_frog_eye_leaf_spot.jpg,frog_eye_leaf_spot,True,4000,2672,1.4970059880239521,769.064453125
02410_frog_eye_leaf_spot.jpg,frog_eye_leaf_spot,True,4000,2672,1.4970059880239521,879.0673828125
02411_frog_eye_leaf_spot.jpg,frog_eye_leaf_spot,True,4000,2672,1.4970059880239521,1192.2109375
02412_frog_eye_leaf_spot.jpg,frog_eye_leaf_spot,True,4000,2672,1.4970059880239521,919.7001953125
02413_frog_eye_leaf_spot.jpg,frog_eye_leaf_spot,True,4000,2672,1.4970059880239521,809.1611328125
02414_frog_eye_leaf_spot.jpg,frog_eye_leaf_spot,True,4000,2672,1.4970059880239521,945.4658203125
02415_frog_eye_leaf_spot.jpg,frog_eye_leaf_spot,True,4000,2672,1.4970059880239521,876.0712890625
02416_frog_eye_leaf_spot.jpg,frog_eye_leaf_spot,True,4000,2672,1.4970059880239521,786.90625
02417_frog_eye_leaf_spot.jpg,frog_eye_leaf_spot,True,4000,2672,1.4970059880239521,1028.6240234375
02418_frog_eye_leaf_spot.jpg,frog_eye_leaf_spot,True,4000,2672,1.4970059880239521,980.8818359375
02419_frog_eye_leaf_spot.jpg,frog_eye_leaf_spot,True,4000,2672,1.4970059880239521,1015.1650390625
02420_frog_eye_leaf_spot.jpg,frog_eye_leaf_spot,True,4000,2672,1.4970059880239521,792.3603515625
02421_frog_eye_leaf_spot.jpg,frog_eye_leaf_spot,True,4000,2672,1.4970059880239521,785.2861328125
02422_frog_eye_leaf_spot.jpg,frog_eye_leaf_spot,True,4000,2672,1.4970059880239521,1180.1025390625
02423_frog_eye_leaf_spot.jpg,frog_eye_leaf_spot,True,4000,2672,1.4970059880239521,822.7373046875
02424_frog_eye_leaf_spot.jpg,frog_eye_leaf_spot,True,4000,2672,1.4970059880239521,915.5859375
02425_frog_eye_leaf_spot.jpg,frog_eye_leaf_spot,True,4000,2672,1.4970059880239521,861.55078125
02426_frog_eye_leaf_spot.jpg,frog_eye_leaf_spot,True,4000,2672,1.4970059880239521,1031.755859375
02427_frog_eye_leaf_spot.jpg,frog_eye_leaf_spot,True,4000,2672,1.4970059880239521,1214.234375
02428_frog_eye_leaf_spot.jpg,frog_eye_leaf_spot,True,4000,2672,1.4970059880239521,1007.8955078125
02429_frog_eye_leaf_spot.jpg,frog_eye_leaf_spot,True,4000,2672,1.4970059880239521,692.0478515625
02430_frog_eye_leaf_spot.jpg,frog_eye_leaf_spot,True,4000,2672,1.4970059880239521,588.978515625
02431_frog_eye_leaf_spot.jpg,frog_eye_leaf_spot,True,4000,2672,1.4970059880239521,985.828125
02432_frog_eye_leaf_spot.jpg,frog_eye_leaf_spot,True,4000,2672,1.4970059880239521,922.9208984375
02433_frog_eye_leaf_spot.jpg,frog_eye_leaf_spot,True,4000,2672,1.4970059880239521,722.37890625
02434_frog_eye_leaf_spot.jpg,frog_eye_leaf_spot,True,4000,2672,1.4970059880239521,1004.828125
02435_frog_eye_leaf_spot.jpg,frog_eye_leaf_spot,True,4000,2672,1.4970059880239521,1096.6953125
02436_frog_eye_leaf_spot.jpg,frog_eye_leaf_spot,True,4000,2672,1.4970059880239521,1055.490234375
02437_frog_eye_leaf_spot.jpg,frog_eye_leaf_spot,True,4000,2672,1.4970059880239521,877.5263671875
02438_frog_eye_leaf_spot.jpg,frog_eye_leaf_spot,True,4000,2672,1.4970059880239521,773.9443359375
02439_frog_eye_leaf_spot.jpg,frog_eye_leaf_spot,True,4000,2672,1.4970059880239521,1116.484375
02440_frog_eye_leaf_spot.jpg,frog_eye_leaf_spot,True,4000,2672,1.4970059880239521,1057.267578125
02441_frog_eye_leaf_spot.jpg,frog_eye_leaf_spot,True,4000,2672,1.4970059880239521,1019.6806640625
02442_frog_eye_leaf_spot.jpg,frog_eye_leaf_spot,True,4000,2672,1.4970059880239521,751.1865234375
02443_frog_eye_leaf_spot.jpg,frog_eye_leaf_spot,True,4000,2672,1.4970059880239521,1106.462890625
02444_frog_eye_leaf_spot.jpg,frog_eye_leaf_spot,True,4000,2672,1.4970059880239521,859.2724609375
02445_frog_eye_leaf_spot.jpg,frog_eye_leaf_spot,True,4000,2672,1.4970059880239521,892.3076171875
02446_frog_eye_leaf_spot.jpg,frog_eye_leaf_spot,True,4000,2672,1.4970059880239521,923.873046875
02447_frog_eye_leaf_spot.jpg,frog_eye_leaf_spot,True,4000,2672,1.4970059880239521,941.7626953125
02448_frog_eye_leaf_spot.jpg,frog_eye_leaf_spot,True,4000,2672,1.4970059880239521,864.13671875
02449_frog_eye_leaf_spot.jpg,frog_eye_leaf_spot,True,4000,2672,1.4970059880239521,995.3818359375
02450_frog_eye_leaf_spot.jpg,frog_eye_leaf_spot,True,4000,2672,1.4970059880239521,948.7822265625
02451_frog_eye_leaf_spot.jpg,frog_eye_leaf_spot,True,4000,2672,1.4970059880239521,944.76953125
02452_frog_eye_leaf_spot.jpg,frog_eye_leaf_spot,True,4000,2672,1.4970059880239521,789.8701171875
02453_frog_eye_leaf_spot.jpg,frog_eye_leaf_spot,True,4000,2672,1.4970059880239521,980.5263671875
02454_frog_eye_leaf_spot.jpg,frog_eye_leaf_spot,True,4000,2672,1.4970059880239521,676.6015625
02455_frog_eye_leaf_spot.jpg,frog_eye_leaf_spot,True,4000,3000,1.3333333333333333,993.037109375
02456_frog_eye_leaf_spot.jpg,frog_eye_leaf_spot,True,4000,2672,1.4970059880239521,1040.4296875
02457_frog_eye_leaf_spot.jpg,frog_eye_leaf_spot,True,4000,2672,1.4970059880239521,948.4130859375
02458_frog_eye_leaf_spot.jpg,frog_eye_leaf_spot,True,4000,2672,1.4970059880239521,794.7685546875
02459_frog_eye_leaf_spot.jpg,frog_eye_leaf_spot,True,4000,2672,1.4970059880239521,764.21484375
02460_frog_eye_leaf_spot.jpg,frog_eye_leaf_spot,True,4000,2672,1.4970059880239521,1041.671875
02461_frog_eye_leaf_spot.jpg,frog_eye_leaf_spot,True,4000,2672,1.4970059880239521,938.115234375
02462_frog_eye_leaf_spot.jpg,frog_eye_leaf_spot,True,4000,2672,1.4970059880239521,755.4130859375
02463_frog_eye_leaf_spot.jpg,frog_eye_leaf_spot,True,4000,2672,1.4970059880239521,1003.490234375
02464_frog_eye_leaf_spot.jpg,frog_eye_leaf_spot,True,4000,2672,1.4970059880239521,784.4609375
02465_frog_eye_leaf_spot.jpg,frog_eye_leaf_spot,True,4000,2672,1.4970059880239521,836.740234375
02466_frog_eye_leaf_spot.jpg,frog_eye_leaf_spot,True,4000,2672,1.4970059880239521,860.837890625
02467_frog_eye_leaf_spot.jpg,frog_eye_leaf_spot,True,4000,2672,1.4970059880239521,875.9345703125
02468_frog_eye_leaf_spot.jpg,frog_eye_leaf_spot,True,4000,2672,1.4970059880239521,976.1630859375
02469_frog_eye_leaf_spot.jpg,frog_eye_leaf_spot,True,4000,2672,1.4970059880239521,865.990234375
02470_frog_eye_leaf_spot.jpg,frog_eye_leaf_spot,True,4000,2672,1.4970059880239521,1028.259765625
02471_frog_eye_leaf_spot.jpg,frog_eye_leaf_spot,True,2592,1728,1.5,238.150390625
02472_frog_eye_leaf_spot.jpg,frog_eye_leaf_spot,True,4000,2672,1.4970059880239521,852.599609375
02473_frog_eye_leaf_spot.jpg,frog_eye_leaf_spot,True,4000,2672,1.4970059880239521,741.7470703125
02474_frog_eye_leaf_spot.jpg,frog_eye_leaf_spot,True,4000,2672,1.4970059880239521,919.7890625
02475_frog_eye_leaf_spot.jpg,frog_eye_leaf_spot,True,4000,2672,1.4970059880239521,758.3515625
02476_frog_eye_leaf_spot.jpg,frog_eye_leaf_spot,True,4000,2672,1.4970059880239521,886.0185546875
02477_frog_eye_leaf_spot.jpg,frog_eye_leaf_spot,True,4000,2672,1.4970059880239521,837.7294921875
02478_frog_eye_leaf_spot.jpg,frog_eye_leaf_spot,True,4000,2672,1.4970059880239521,1031.5869140625
02479_frog_eye_leaf_spot.jpg,frog_eye_leaf_spot,True,4000,2672,1.4970059880239521,857.0576171875
02480_frog_eye_leaf_spot.jpg,frog_eye_leaf_spot,True,4000,2672,1.4970059880239521,1016.7177734375
02481_frog_eye_leaf_spot.jpg,frog_eye_leaf_spot,True,4000,2672,1.4970059880239521,1009.32421875
02482_frog_eye_leaf_spot.jpg,frog_eye_leaf_spot,True,4000,2672,1.4970059880239521,999.5673828125
02483_frog_eye_leaf_spot.jpg,frog_eye_leaf_spot,True,4000,2672,1.4970059880239521,960.310546875
02484_frog_eye_leaf_spot.jpg,frog_eye_leaf_spot,True,4000,2672,1.4970059880239521,952.2158203125
02485_frog_eye_leaf_spot.jpg,frog_eye_leaf_spot,True,4000,2672,1.4970059880239521,729.3056640625
02486_frog_eye_leaf_spot.jpg,frog_eye_leaf_spot,True,4000,2672,1.4970059880239521,869.1044921875
02487_frog_eye_leaf_spot.jpg,frog_eye_leaf_spot,True,4000,2672,1.4970059880239521,1058.625
02488_frog_eye_leaf_spot.jpg,frog_eye_leaf_spot,True,4000,2672,1.4970059880239521,1002.7021484375
02489_frog_eye_leaf_spot.jpg,frog_eye_leaf_spot,True,4000,2672,1.4970059880239521,958.9443359375
02490_frog_eye_leaf_spot.jpg,frog_eye_leaf_spot,True,4000,2672,1.4970059880239521,744.982421875
02491_frog_eye_leaf_spot.jpg,frog_eye_leaf_spot,True,4000,2672,1.4970059880239521,889.4169921875
02492_frog_eye_leaf_spot.jpg,frog_eye_leaf_spot,True,4000,2672,1.4970059880239521,804.4736328125
02493_frog_eye_leaf_spot.jpg,frog_eye_leaf_spot,True,4000,2672,1.4970059880239521,989.37890625
02494_frog_eye_leaf_spot.jpg,frog_eye_leaf_spot,True,4000,2672,1.4970059880239521,689.123046875
02495_frog_eye_leaf_spot.jpg,frog_eye_leaf_spot,True,4000,2672,1.4970059880239521,1101.6064453125
02496_frog_eye_leaf_spot.jpg,frog_eye_leaf_spot,True,4000,2672,1.4970059880239521,849.935546875
02497_frog_eye_leaf_spot.jpg,frog_eye_leaf_spot,True,4000,2672,1.4970059880239521,956.435546875
02498_frog_eye_leaf_spot.jpg,frog_eye_leaf_spot,True,4000,2672,1.4970059880239521,735.337890625
02499_frog_eye_leaf_spot.jpg,frog_eye_leaf_spot,True,4000,2672,1.4970059880239521,890.33984375
02500_frog_eye_leaf_spot.jpg,frog_eye_leaf_spot,True,4000,2672,1.4970059880239521,1086.8056640625
02501_frog_eye_leaf_spot.jpg,frog_eye_leaf_spot,True,4000,2672,1.4970059880239521,903.8876953125
02502_frog_eye_leaf_spot.jpg,frog_eye_leaf_spot,True,4000,2672,1.4970059880239521,894.3759765625
02503_frog_eye_leaf_spot.jpg,frog_eye_leaf_spot,True,4000,2672,1.4970059880239521,938.3154296875
02504_frog_eye_leaf_spot.jpg,frog_eye_leaf_spot,True,4000,2672,1.4970059880239521,890.810546875
02505_frog_eye_leaf_spot.jpg,frog_eye_leaf_spot,True,4000,2672,1.4970059880239521,959.7373046875
02506_frog_eye_leaf_spot.jpg,frog_eye_leaf_spot,True,4000,2672,1.4970059880239521,939.021484375
02507_frog_eye_leaf_spot.jpg,frog_eye_leaf_spot,True,4000,2672,1.4970059880239521,995.541015625
02508_frog_eye_leaf_spot.jpg,frog_eye_leaf_spot,True,4000,2672,1.4970059880239521,942.0673828125
02509_frog_eye_leaf_spot.jpg,frog_eye_leaf_spot,True,4000,2672,1.4970059880239521,842.57421875
02510_frog_eye_leaf_spot.jpg,frog_eye_leaf_spot,True,4000,2672,1.4970059880239521,1065.744140625
02511_frog_eye_leaf_spot.jpg,frog_eye_leaf_spot,True,4000,2672,1.4970059880239521,960.0517578125
02512_frog_eye_leaf_spot.jpg,frog_eye_leaf_spot,True,4000,2672,1.4970059880239521,952.505859375
02513_frog_eye_leaf_spot.jpg,frog_eye_leaf_spot,True,4000,2672,1.4970059880239521,1004.35546875
02514_frog_eye_leaf_spot.jpg,frog_eye_leaf_spot,True,4000,2672,1.4970059880239521,1068.4296875
02515_frog_eye_leaf_spot.jpg,frog_eye_leaf_spot,True,4000,2672,1.4970059880239521,720.24609375
02516_frog_eye_leaf_spot.jpg,frog_eye_leaf_spot,True,4000,2672,1.4970059880239521,1106.2861328125
02517_frog_eye_leaf_spot.jpg,frog_eye_leaf_spot,True,4000,2672,1.4970059880239521,849.0068359375
02518_frog_eye_leaf_spot.jpg,frog_eye_leaf_spot,True,4000,2672,1.4970059880239521,902.380859375
02519_frog_eye_leaf_spot.jpg,frog_eye_leaf_spot,True,4000,2672,1.4970059880239521,924.1376953125
02520_frog_eye_leaf_spot.jpg,frog_eye_leaf_spot,True,4000,2672,1.4970059880239521,805.8779296875
02521_frog_eye_leaf_spot.jpg,frog_eye_leaf_spot,True,4000,2672,1.4970059880239521,576.603515625
02522_frog_eye_leaf_spot.jpg,frog_eye_leaf_spot,True,4000,2672,1.4970059880239521,790.658203125
02523_frog_eye_leaf_spot.jpg,frog_eye_leaf_spot,True,4000,2672,1.4970059880239521,983.787109375
02524_frog_eye_leaf_spot.jpg,frog_eye_leaf_spot,True,4000,2672,1.4970059880239521,860.919921875
02525_frog_eye_leaf_spot.jpg,frog_eye_leaf_spot,True,4000,2672,1.4970059880239521,1096.6416015625
02526_frog_eye_leaf_spot.jpg,frog_eye_leaf_spot,True,4000,2672,1.4970059880239521,879.3779296875
02527_frog_eye_leaf_spot.jpg,frog_eye_leaf_spot,True,4000,2672,1.4970059880239521,1016.1552734375
02528_frog_eye_leaf_spot.jpg,frog_eye_leaf_spot,True,4000,2672,1.4970059880239521,1053.7177734375
02529_frog_eye_leaf_spot.jpg,frog_eye_leaf_spot,True,4000,2672,1.4970059880239521,864.6513671875
02530_frog_eye_leaf_spot.jpg,frog_eye_leaf_spot,True,4000,2672,1.4970059880239521,886.283203125
02531_frog_eye_leaf_spot.jpg,frog_eye_leaf_spot,True,4000,2672,1.4970059880239521,843.375
02532_frog_eye_leaf_spot.jpg,frog_eye_leaf_spot,True,4000,2672,1.4970059880239521,857.2607421875
02533_frog_eye_leaf_spot.jpg,frog_eye_leaf_spot,True,4000,2672,1.4970059880239521,916.232421875
02534_frog_eye_leaf_spot.jpg,frog_eye_leaf_spot,True,4000,2672,1.4970059880239521,765.25390625
02535_frog_eye_leaf_spot.jpg,frog_eye_leaf_spot,True,4000,2672,1.4970059880239521,962.7578125
02536_frog_eye_leaf_spot.jpg,frog_eye_leaf_spot,True,4000,2672,1.4970059880239521,929.83984375
02537_frog_eye_leaf_spot.jpg,frog_eye_leaf_spot,True,4000,2672,1.4970059880239521,828.869140625
02538_frog_eye_leaf_spot.jpg,frog_eye_leaf_spot,True,4000,2672,1.4970059880239521,961.0107421875
02539_frog_eye_leaf_spot.jpg,frog_eye_leaf_spot,True,4000,2672,1.4970059880239521,748.73828125
02540_frog_eye_leaf_spot.jpg,frog_eye_leaf_spot,True,4000,2672,1.4970059880239521,862.7763671875
02541_frog_eye_leaf_spot.jpg,frog_eye_leaf_spot,True,4000,2672,1.4970059880239521,760.4580078125
02542_frog_eye_leaf_spot.jpg,frog_eye_leaf_spot,True,4000,2672,1.4970059880239521,1066.4599609375
02543_frog_eye_leaf_spot.jpg,frog_eye_leaf_spot,True,2592,1728,1.5,273.3232421875
02544_frog_eye_leaf_spot.jpg,frog_eye_leaf_spot,True,4000,2672,1.4970059880239521,1014.90234375
02545_frog_eye_leaf_spot.jpg,frog_eye_leaf_spot,True,4000,2672,1.4970059880239521,773.9462890625
02546_frog_eye_leaf_spot.jpg,frog_eye_leaf_spot,True,4000,2672,1.4970059880239521,1087.2919921875
02547_frog_eye_leaf_spot.jpg,frog_eye_leaf_spot,True,4000,2672,1.4970059880239521,800.212890625
02548_frog_eye_leaf_spot.jpg,frog_eye_leaf_spot,True,4000,2672,1.4970059880239521,853.068359375
02549_frog_eye_leaf_spot.jpg,frog_eye_leaf_spot,True,4000,2672,1.4970059880239521,943.7880859375
02550_frog_eye_leaf_spot.jpg,frog_eye_leaf_spot,True,4000,2672,1.4970059880239521,614.34765625
02551_frog_eye_leaf_spot.jpg,frog_eye_leaf_spot,True,4000,2672,1.4970059880239521,701.1904296875
02552_frog_eye_leaf_spot.jpg,frog_eye_leaf_spot,True,2592,1728,1.5,276.1201171875
02553_frog_eye_leaf_spot.jpg,frog_eye_leaf_spot,True,4000,2672,1.4970059880239521,854.642578125
02554_frog_eye_leaf_spot.jpg,frog_eye_leaf_spot,True,4000,2672,1.4970059880239521,1016.8828125
02555_frog_eye_leaf_spot.jpg,frog_eye_leaf_spot,True,4000,2672,1.4970059880239521,844.46875
02556_frog_eye_leaf_spot.jpg,frog_eye_leaf_spot,True,4000,2672,1.4970059880239521,686.908203125
02557_frog_eye_leaf_spot.jpg,frog_eye_leaf_spot,True,4000,2672,1.4970059880239521,874.517578125
02558_frog_eye_leaf_spot.jpg,frog_eye_leaf_spot,True,4000,2672,1.4970059880239521,565.521484375
02559_frog_eye_leaf_spot.jpg,frog_eye_leaf_spot,True,4000,2672,1.4970059880239521,825.69140625
02560_frog_eye_leaf_spot.jpg,frog_eye_leaf_spot,True,4000,2672,1.4970059880239521,735.8876953125
02561_frog_eye_leaf_spot.jpg,frog_eye_leaf_spot,True,4000,2672,1.4970059880239521,881.1865234375
02562_frog_eye_leaf_spot.jpg,frog_eye_leaf_spot,True,4000,2672,1.4970059880239521,853.80078125
02563_frog_eye_leaf_spot.jpg,frog_eye_leaf_spot,True,4000,2672,1.4970059880239521,1026.0986328125
02564_frog_eye_leaf_spot.jpg,frog_eye_leaf_spot,True,4000,2672,1.4970059880239521,1066.7197265625
02565_frog_eye_leaf_spot.jpg,frog_eye_leaf_spot,True,4000,2672,1.4970059880239521,848.3427734375
02566_frog_eye_leaf_spot.jpg,frog_eye_leaf_spot,True,4000,2672,1.4970059880239521,938.357421875
02567_frog_eye_leaf_spot.jpg,frog_eye_leaf_spot,True,4000,2672,1.4970059880239521,1036.4658203125
02568_frog_eye_leaf_spot.jpg,frog_eye_leaf_spot,True,2592,1728,1.5,169.6416015625
02569_frog_eye_leaf_spot.jpg,frog_eye_leaf_spot,True,4000,2672,1.4970059880239521,1057.0185546875
02570_frog_eye_leaf_spot.jpg,frog_eye_leaf_spot,True,4000,2672,1.4970059880239521,750.416015625
02571_frog_eye_leaf_spot.jpg,frog_eye_leaf_spot,True,4000,2672,1.4970059880239521,1066.615234375
02572_frog_eye_leaf_spot.jpg,frog_eye_leaf_spot,True,4000,2672,1.4970059880239521,1055.607421875
02573_frog_eye_leaf_spot.jpg,frog_eye_leaf_spot,True,4000,2672,1.4970059880239521,797.466796875
02574_frog_eye_leaf_spot.jpg,frog_eye_leaf_spot,True,4000,2672,1.4970059880239521,670.263671875
02575_frog_eye_leaf_spot.jpg,frog_eye_leaf_spot,True,4000,2672,1.4970059880239521,1093.109375
02576_frog_eye_leaf_spot.jpg,frog_eye_leaf_spot,True,4000,2672,1.4970059880239521,747.197265625
02577_frog_eye_leaf_spot.jpg,frog_eye_leaf_spot,True,4000,2672,1.4970059880239521,942.7138671875
02578_frog_eye_leaf_spot.jpg,frog_eye_leaf_spot,True,4000,2672,1.4970059880239521,851.37109375
02579_frog_eye_leaf_spot.jpg,frog_eye_leaf_spot,True,4000,2672,1.4970059880239521,968.2939453125
02580_frog_eye_leaf_spot.jpg,frog_eye_leaf_spot,True,4000,2672,1.4970059880239521,1018.3447265625
02581_frog_eye_leaf_spot.jpg,frog_eye_leaf_spot,True,4000,2672,1.4970059880239521,996.2158203125
02582_frog_eye_leaf_spot.jpg,frog_eye_leaf_spot,True,4000,2672,1.4970059880239521,691.15625
02583_frog_eye_leaf_spot.jpg,frog_eye_leaf_spot,True,4000,2672,1.4970059880239521,641.7734375
02584_frog_eye_leaf_spot.jpg,frog_eye_leaf_spot,True,4000,2672,1.4970059880239521,743.505859375
02585_frog_eye_leaf_spot.jpg,frog_eye_leaf_spot,True,4000,2672,1.4970059880239521,865.3212890625
02586_frog_eye_leaf_spot.jpg,frog_eye_leaf_spot,True,4000,2672,1.4970059880239521,889.1689453125
02587_frog_eye_leaf_spot.jpg,frog_eye_leaf_spot,True,4000,2672,1.4970059880239521,725.1845703125
02588_frog_eye_leaf_spot.jpg,frog_eye_leaf_spot,True,4000,2672,1.4970059880239521,899.5927734375
02589_frog_eye_leaf_spot.jpg,frog_eye_leaf_spot,True,4000,2672,1.4970059880239521,1027.609375
02590_frog_eye_leaf_spot.jpg,frog_eye_leaf_spot,True,4000,2672,1.4970059880239521,945.890625
02591_frog_eye_leaf_spot.jpg,frog_eye_leaf_spot,True,4000,2672,1.4970059880239521,1060.7744140625
02592_frog_eye_leaf_spot.jpg,frog_eye_leaf_spot,True,4000,2672,1.4970059880239521,879.37890625
02593_frog_eye_leaf_spot.jpg,frog_eye_leaf_spot,True,4000,2672,1.4970059880239521,957.521484375
02594_frog_eye_leaf_spot.jpg,frog_eye_leaf_spot,True,5184,3456,1.5,1246.2626953125
02595_frog_eye_leaf_spot.jpg,frog_eye_leaf_spot,True,4000,2672,1.4970059880239521,1033.66796875
02596_frog_eye_leaf_spot.jpg,frog_eye_leaf_spot,True,4000,2672,1.4970059880239521,949.6640625
02597_frog_eye_leaf_spot.jpg,frog_eye_leaf_spot,True,4000,2672,1.4970059880239521,888.712890625
02598_frog_eye_leaf_spot.jpg,frog_eye_leaf_spot,True,4000,2672,1.4970059880239521,865.55859375
02599_frog_eye_leaf_spot.jpg,frog_eye_leaf_spot,True,4000,2672,1.4970059880239521,845.0146484375
02600_frog_eye_leaf_spot.jpg,frog_eye_leaf_spot,True,4000,2672,1.4970059880239521,845.2060546875
02601_frog_eye_leaf_spot.jpg,frog_eye_leaf_spot,True,4000,2672,1.4970059880239521,989.978515625
02602_frog_eye_leaf_spot.jpg,frog_eye_leaf_spot,True,4000,2672,1.4970059880239521,933.0068359375
02603_frog_eye_leaf_spot.jpg,frog_eye_leaf_spot,True,4000,2672,1.4970059880239521,798.8369140625
02604_frog_eye_leaf_spot.jpg,frog_eye_leaf_spot,True,4000,2672,1.4970059880239521,867.4599609375
02605_frog_eye_leaf_spot.jpg,frog_eye_leaf_spot,True,4000,2672,1.4970059880239521,847.1396484375
02606_frog_eye_leaf_spot.jpg,frog_eye_leaf_spot,True,4000,2672,1.4970059880239521,864.533203125
02607_frog_eye_leaf_spot.jpg,frog_eye_leaf_spot,True,4000,2672,1.4970059880239521,677.6845703125
02608_frog_eye_leaf_spot.jpg,frog_eye_leaf_spot,True,4000,2672,1.4970059880239521,1009.7080078125
02609_frog_eye_leaf_spot.jpg,frog_eye_leaf_spot,True,4000,2672,1.4970059880239521,857.4873046875
02610_frog_eye_leaf_spot.jpg,frog_eye_leaf_spot,True,4000,2672,1.4970059880239521,1026.7119140625
02611_frog_eye_leaf_spot.jpg,frog_eye_leaf_spot,True,4000,2672,1.4970059880239521,789.017578125
02612_frog_eye_leaf_spot.jpg,frog_eye_leaf_spot,True,4000,2672,1.4970059880239521,941.8486328125
02613_frog_eye_leaf_spot.jpg,frog_eye_leaf_spot,True,4000,2672,1.4970059880239521,1024.337890625
02614_frog_eye_leaf_spot.jpg,frog_eye_leaf_spot,True,4000,2672,1.4970059880239521,945.2314453125
02615_frog_eye_leaf_spot.jpg,frog_eye_leaf_spot,True,4000,2672,1.4970059880239521,933.810546875
02616_frog_eye_leaf_spot.jpg,frog_eye_leaf_spot,True,4000,2672,1.4970059880239521,792.1533203125
02617_frog_eye_leaf_spot.jpg,frog_eye_leaf_spot,True,4000,2672,1.4970059880239521,1020.064453125
02618_frog_eye_leaf_spot.jpg,frog_eye_leaf_spot,True,4000,2672,1.4970059880239521,789.4931640625
02619_frog_eye_leaf_spot.jpg,frog_eye_leaf_spot,True,4000,2672,1.4970059880239521,864.8330078125
02620_frog_eye_leaf_spot.jpg,frog_eye_leaf_spot,True,4000,2672,1.4970059880239521,1064.498046875
02621_frog_eye_leaf_spot.jpg,frog_eye_leaf_spot,True,4000,2672,1.4970059880239521,853.177734375
02622_frog_eye_leaf_spot.jpg,frog_eye_leaf_spot,True,4000,2672,1.4970059880239521,986.8212890625
02623_frog_eye_leaf_spot.jpg,frog_eye_leaf_spot,True,4000,2672,1.4970059880239521,945.3759765625
02624_frog_eye_leaf_spot.jpg,frog_eye_leaf_spot,True,4000,2672,1.4970059880239521,1026.43359375
02625_frog_eye_leaf_spot.jpg,frog_eye_leaf_spot,True,4000,2672,1.4970059880239521,845.68359375
02626_frog_eye_leaf_spot.jpg,frog_eye_leaf_spot,True,4000,2672,1.4970059880239521,1036.609375
02627_frog_eye_leaf_spot.jpg,frog_eye_leaf_spot,True,4000,2672,1.4970059880239521,1032.6767578125
02628_frog_eye_leaf_spot.jpg,frog_eye_leaf_spot,True,4000,2672,1.4970059880239521,773.6591796875
02629_frog_eye_leaf_spot.jpg,frog_eye_leaf_spot,True,4000,2672,1.4970059880239521,704.251953125
02630_frog_eye_leaf_spot.jpg,frog_eye_leaf_spot,True,4000,2672,1.4970059880239521,988.763671875
02631_frog_eye_leaf_spot.jpg,frog_eye_leaf_spot,True,4000,2672,1.4970059880239521,855.9677734375
02632_frog_eye_leaf_spot.jpg,frog_eye_leaf_spot,True,4000,2672,1.4970059880239521,892.2275390625
02633_frog_eye_leaf_spot.jpg,frog_eye_leaf_spot,True,4000,2672,1.4970059880239521,926.7421875
02634_frog_eye_leaf_spot.jpg,frog_eye_leaf_spot,True,4000,2672,1.4970059880239521,972.75
02635_frog_eye_leaf_spot.jpg,frog_eye_leaf_spot,True,4000,2672,1.4970059880239521,865.3544921875
02636_frog_eye_leaf_spot.jpg,frog_eye_leaf_spot,True,4000,2672,1.4970059880239521,776.3955078125
02637_frog_eye_leaf_spot.jpg,frog_eye_leaf_spot,True,4000,2672,1.4970059880239521,900.5068359375
02638_frog_eye_leaf_spot.jpg,frog_eye_leaf_spot,True,4000,2672,1.4970059880239521,1002.353515625
02639_frog_eye_leaf_spot.jpg,frog_eye_leaf_spot,True,4000,2672,1.4970059880239521,701.5458984375
02640_frog_eye_leaf_spot.jpg,frog_eye_leaf_spot,True,4000,2672,1.4970059880239521,944.5263671875
02641_frog_eye_leaf_spot.jpg,frog_eye_leaf_spot,True,4000,2672,1.4970059880239521,968.2412109375
02642_frog_eye_leaf_spot.jpg,frog_eye_leaf_spot,True,4000,2672,1.4970059880239521,678.0087890625
02643_frog_eye_leaf_spot.jpg,frog_eye_leaf_spot,True,4000,2672,1.4970059880239521,927.7392578125
02644_frog_eye_leaf_spot.jpg,frog_eye_leaf_spot,True,4000,2672,1.4970059880239521,806.4990234375
02645_frog_eye_leaf_spot.jpg,frog_eye_leaf_spot,True,4000,2672,1.4970059880239521,969.7333984375
02646_frog_eye_leaf_spot.jpg,frog_eye_leaf_spot,True,4000,2672,1.4970059880239521,796.498046875
02647_frog_eye_leaf_spot.jpg,frog_eye_leaf_spot,True,4000,2672,1.4970059880239521,959.1865234375
02648_frog_eye_leaf_spot.jpg,frog_eye_leaf_spot,True,4000,2672,1.4970059880239521,931.859375
02649_frog_eye_leaf_spot.jpg,frog_eye_leaf_spot,True,4000,2672,1.4970059880239521,967.7451171875
02650_frog_eye_leaf_spot.jpg,frog_eye_leaf_spot,True,4000,2672,1.4970059880239521,915.607421875
02651_frog_eye_leaf_spot.jpg,frog_eye_leaf_spot,True,4000,2672,1.4970059880239521,940.85546875
02652_frog_eye_leaf_spot.jpg,frog_eye_leaf_spot,True,4000,2672,1.4970059880239521,994.892578125
02653_frog_eye_leaf_spot.jpg,frog_eye_leaf_spot,True,4000,2672,1.4970059880239521,871.75
02654_frog_eye_leaf_spot.jpg,frog_eye_leaf_spot,True,4000,2672,1.4970059880239521,701.0625
02655_frog_eye_leaf_spot.jpg,frog_eye_leaf_spot,True,4000,2672,1.4970059880239521,870.8359375
02656_frog_eye_leaf_spot.jpg,frog_eye_leaf_spot,True,4000,2672,1.4970059880239521,1213.5986328125
02657_frog_eye_leaf_spot.jpg,frog_eye_leaf_spot,True,4000,2672,1.4970059880239521,1154.3779296875
02658_frog_eye_leaf_spot.jpg,frog_eye_leaf_spot,True,4000,2672,1.4970059880239521,792.94140625
02659_frog_eye_leaf_spot.jpg,frog_eye_leaf_spot,True,4000,2672,1.4970059880239521,780.353515625
02660_frog_eye_leaf_spot.jpg,frog_eye_leaf_spot,True,4000,2672,1.4970059880239521,929.697265625
02661_frog_eye_leaf_spot.jpg,frog_eye_leaf_spot,True,4000,2672,1.4970059880239521,919.5869140625
02662_frog_eye_leaf_spot.jpg,frog_eye_leaf_spot,True,4000,2672,1.4970059880239521,1005.576171875
02663_frog_eye_leaf_spot.jpg,frog_eye_leaf_spot,True,4000,2672,1.4970059880239521,1133.9130859375
02664_frog_eye_leaf_spot.jpg,frog_eye_leaf_spot,True,4000,2672,1.4970059880239521,707.8564453125
02665_frog_eye_leaf_spot.jpg,frog_eye_leaf_spot,True,4000,3000,1.3333333333333333,905.798828125
02666_frog_eye_leaf_spot.jpg,frog_eye_leaf_spot,True,2592,1728,1.5,320.1044921875
02667_frog_eye_leaf_spot.jpg,frog_eye_leaf_spot,True,4000,2672,1.4970059880239521,959.349609375
02668_frog_eye_leaf_spot.jpg,frog_eye_leaf_spot,True,4000,2672,1.4970059880239521,745.484375
02669_frog_eye_leaf_spot.jpg,frog_eye_leaf_spot,True,4000,2672,1.4970059880239521,576.45703125
02670_frog_eye_leaf_spot.jpg,frog_eye_leaf_spot,True,4000,2672,1.4970059880239521,856.005859375
02671_frog_eye_leaf_spot.jpg,frog_eye_leaf_spot,True,4000,2672,1.4970059880239521,857.240234375
02672_frog_eye_leaf_spot.jpg,frog_eye_leaf_spot,True,4000,2672,1.4970059880239521,1037.7490234375
02673_frog_eye_leaf_spot.jpg,frog_eye_leaf_spot,True,4000,2672,1.4970059880239521,977.51953125
02674_frog_eye_leaf_spot.jpg,frog_eye_leaf_spot,True,4000,2672,1.4970059880239521,663.7490234375
02675_frog_eye_leaf_spot.jpg,frog_eye_leaf_spot,True,4000,2672,1.4970059880239521,949.5087890625
02676_frog_eye_leaf_spot.jpg,frog_eye_leaf_spot,True,4000,2672,1.4970059880239521,884.8154296875
02677_frog_eye_leaf_spot.jpg,frog_eye_leaf_spot,True,4000,2672,1.4970059880239521,1100.130859375
02678_frog_eye_leaf_spot.jpg,frog_eye_leaf_spot,True,4000,2672,1.4970059880239521,937.8662109375
02679_frog_eye_leaf_spot.jpg,frog_eye_leaf_spot,True,4000,2672,1.4970059880239521,861.869140625
02680_frog_eye_leaf_spot.jpg,frog_eye_leaf_spot,True,4000,2672,1.4970059880239521,1110.748046875
02681_frog_eye_leaf_spot.jpg,frog_eye_leaf_spot,True,4000,2672,1.4970059880239521,1042.4501953125
02682_frog_eye_leaf_spot.jpg,frog_eye_leaf_spot,True,4000,2672,1.4970059880239521,659.0546875
02683_frog_eye_leaf_spot.jpg,frog_eye_leaf_spot,True,4000,2672,1.4970059880239521,741.0224609375
02684_frog_eye_leaf_spot.jpg,frog_eye_leaf_spot,True,4000,2672,1.4970059880239521,918.6982421875
02685_frog_eye_leaf_spot.jpg,frog_eye_leaf_spot,True,4000,2672,1.4970059880239521,986.1083984375
02686_frog_eye_leaf_spot.jpg,frog_eye_leaf_spot,True,4000,2672,1.4970059880239521,1120.318359375
02687_frog_eye_leaf_spot.jpg,frog_eye_leaf_spot,True,4000,2672,1.4970059880239521,849.439453125
02688_frog_eye_leaf_spot.jpg,frog_eye_leaf_spot,True,4000,2672,1.4970059880239521,938.32421875
02689_frog_eye_leaf_spot.jpg,frog_eye_leaf_spot,True,4000,2672,1.4970059880239521,798.9072265625
02690_frog_eye_leaf_spot.jpg,frog_eye_leaf_spot,True,4000,2672,1.4970059880239521,815.775390625
02691_frog_eye_leaf_spot.jpg,frog_eye_leaf_spot,True,4000,2672,1.4970059880239521,691.8798828125
02692_frog_eye_leaf_spot.jpg,frog_eye_leaf_spot,True,4000,2672,1.4970059880239521,1034.5751953125
02693_frog_eye_leaf_spot.jpg,frog_eye_leaf_spot,True,4000,2672,1.4970059880239521,880.2841796875
02694_frog_eye_leaf_spot.jpg,frog_eye_leaf_spot,True,4000,2672,1.4970059880239521,774.720703125
02695_frog_eye_leaf_spot.jpg,frog_eye_leaf_spot,True,4000,2672,1.4970059880239521,613.73828125
02696_frog_eye_leaf_spot.jpg,frog_eye_leaf_spot,True,4000,2672,1.4970059880239521,929.6259765625
02697_frog_eye_leaf_spot.jpg,frog_eye_leaf_spot,True,4000,2672,1.4970059880239521,796.3505859375
02698_frog_eye_leaf_spot.jpg,frog_eye_leaf_spot,True,4000,2672,1.4970059880239521,702.4619140625
02699_frog_eye_leaf_spot.jpg,frog_eye_leaf_spot,True,4000,2672,1.4970059880239521,986.615234375
02700_frog_eye_leaf_spot.jpg,frog_eye_leaf_spot,True,4000,2672,1.4970059880239521,994.6982421875
02701_frog_eye_leaf_spot.jpg,frog_eye_leaf_spot,True,4000,2672,1.4970059880239521,680.2568359375
02702_frog_eye_leaf_spot.jpg,frog_eye_leaf_spot,True,4000,2672,1.4970059880239521,974.724609375
02703_frog_eye_leaf_spot.jpg,frog_eye_leaf_spot,True,4000,2672,1.4970059880239521,975.591796875
02704_frog_eye_leaf_spot.jpg,frog_eye_leaf_spot,True,4000,2672,1.4970059880239521,928.3408203125
02705_frog_eye_leaf_spot.jpg,frog_eye_leaf_spot,True,4000,2672,1.4970059880239521,893.5888671875
02706_frog_eye_leaf_spot.jpg,frog_eye_leaf_spot,True,4000,3000,1.3333333333333333,772.560546875
02707_frog_eye_leaf_spot.jpg,frog_eye_leaf_spot,True,4000,2672,1.4970059880239521,748.0341796875
02708_frog_eye_leaf_spot.jpg,frog_eye_leaf_spot,True,4000,2672,1.4970059880239521,874.5224609375
02709_frog_eye_leaf_spot.jpg,frog_eye_leaf_spot,True,4000,2672,1.4970059880239521,676.4052734375
02710_frog_eye_leaf_spot.jpg,frog_eye_leaf_spot,True,4000,2672,1.4970059880239521,850.4892578125
02711_frog_eye_leaf_spot.jpg,frog_eye_leaf_spot,True,4000,2672,1.4970059880239521,1049.802734375
02712_frog_eye_leaf_spot.jpg,frog_eye_leaf_spot,True,4000,2672,1.4970059880239521,731.2685546875
02713_frog_eye_leaf_spot.jpg,frog_eye_leaf_spot,True,4000,2672,1.4970059880239521,925.4580078125
02714_frog_eye_leaf_spot.jpg,frog_eye_leaf_spot,True,4000,2672,1.4970059880239521,767.892578125
02715_frog_eye_leaf_spot.jpg,frog_eye_leaf_spot,True,4000,2672,1.4970059880239521,521.44921875
02716_frog_eye_leaf_spot.jpg,frog_eye_leaf_spot,True,4000,2672,1.4970059880239521,798.712890625
02717_frog_eye_leaf_spot.jpg,frog_eye_leaf_spot,True,4000,2672,1.4970059880239521,1127.05078125
02718_frog_eye_leaf_spot.jpg,frog_eye_leaf_spot,True,4000,2672,1.4970059880239521,759.30078125
02719_frog_eye_leaf_spot.jpg,frog_eye_leaf_spot,True,2592,1728,1.5,326.423828125
02720_frog_eye_leaf_spot.jpg,frog_eye_leaf_spot,True,4000,2672,1.4970059880239521,815.919921875
02721_frog_eye_leaf_spot.jpg,frog_eye_leaf_spot,True,4000,2672,1.4970059880239521,886.69921875
02722_frog_eye_leaf_spot.jpg,frog_eye_leaf_spot,True,4000,2672,1.4970059880239521,836.3427734375
02723_frog_eye_leaf_spot.jpg,frog_eye_leaf_spot,True,4000,2672,1.4970059880239521,912.841796875
02724_frog_eye_leaf_spot.jpg,frog_eye_leaf_spot,True,2592,1728,1.5,313.8798828125
02725_frog_eye_leaf_spot.jpg,frog_eye_leaf_spot,True,4000,2672,1.4970059880239521,1077.962890625
02726_frog_eye_leaf_spot.jpg,frog_eye_leaf_spot,True,4000,2672,1.4970059880239521,723.0732421875
02727_frog_eye_leaf_spot.jpg,frog_eye_leaf_spot,True,4000,2672,1.4970059880239521,1041.0283203125
02728_frog_eye_leaf_spot.jpg,frog_eye_leaf_spot,True,4000,2672,1.4970059880239521,676.6787109375
02729_frog_eye_leaf_spot.jpg,frog_eye_leaf_spot,True,4000,2672,1.4970059880239521,746.2255859375
02730_frog_eye_leaf_spot.jpg,frog_eye_leaf_spot,True,4000,2672,1.4970059880239521,630.583984375
02731_frog_eye_leaf_spot.jpg,frog_eye_leaf_spot,True,4000,2672,1.4970059880239521,861.3173828125
02732_frog_eye_leaf_spot.jpg,frog_eye_leaf_spot,True,4000,2672,1.4970059880239521,778.69140625
02733_frog_eye_leaf_spot.jpg,frog_eye_leaf_spot,True,4000,2672,1.4970059880239521,983.720703125
02734_frog_eye_leaf_spot.jpg,frog_eye_leaf_spot,True,4000,2672,1.4970059880239521,786.5986328125
02735_frog_eye_leaf_spot.jpg,frog_eye_leaf_spot,True,4000,2672,1.4970059880239521,888.9140625
02736_frog_eye_leaf_spot.jpg,frog_eye_leaf_spot,True,4000,2672,1.4970059880239521,540.3046875
02737_frog_eye_leaf_spot.jpg,frog_eye_leaf_spot,True,4000,2672,1.4970059880239521,696.4345703125
02738_frog_eye_leaf_spot.jpg,frog_eye_leaf_spot,True,4000,2672,1.4970059880239521,863.8603515625
02739_frog_eye_leaf_spot.jpg,frog_eye_leaf_spot,True,4000,2672,1.4970059880239521,757.890625
02740_frog_eye_leaf_spot.jpg,frog_eye_leaf_spot,True,4000,2672,1.4970059880239521,951.505859375
02741_frog_eye_leaf_spot.jpg,frog_eye_leaf_spot,True,4000,2672,1.4970059880239521,884.439453125
02742_frog_eye_leaf_spot.jpg,frog_eye_leaf_spot,True,4000,2672,1.4970059880239521,698.916015625
02743_frog_eye_leaf_spot.jpg,frog_eye_leaf_spot,True,4000,2672,1.4970059880239521,614.138671875
02744_frog_eye_leaf_spot.jpg,frog_eye_leaf_spot,True,4000,2672,1.4970059880239521,850.416015625
02745_frog_eye_leaf_spot.jpg,frog_eye_leaf_spot,True,4000,2672,1.4970059880239521,952.0478515625
02746_frog_eye_leaf_spot.jpg,frog_eye_leaf_spot,True,4000,2672,1.4970059880239521,933.826171875
02747_frog_eye_leaf_spot.jpg,frog_eye_leaf_spot,True,4000,2672,1.4970059880239521,766.244140625
02748_frog_eye_leaf_spot.jpg,frog_eye_leaf_spot,True,4000,2672,1.4970059880239521,686.228515625
02749_frog_eye_leaf_spot.jpg,frog_eye_leaf_spot,True,4000,2672,1.4970059880239521,804.615234375
02750_frog_eye_leaf_spot.jpg,frog_eye_leaf_spot,True,4000,2672,1.4970059880239521,846.59375
02751_frog_eye_leaf_spot.jpg,frog_eye_leaf_spot,True,4000,2672,1.4970059880239521,1071.99609375
02752_frog_eye_leaf_spot.jpg,frog_eye_leaf_spot,True,4000,2672,1.4970059880239521,706.6015625
02753_frog_eye_leaf_spot.jpg,frog_eye_leaf_spot,True,4000,2672,1.4970059880239521,793.830078125
02754_frog_eye_leaf_spot.jpg,frog_eye_leaf_spot,True,4000,2672,1.4970059880239521,871.8544921875
02755_frog_eye_leaf_spot.jpg,frog_eye_leaf_spot,True,4000,2672,1.4970059880239521,767.7529296875
02756_frog_eye_leaf_spot.jpg,frog_eye_leaf_spot,True,4000,2672,1.4970059880239521,821.701171875
02757_frog_eye_leaf_spot.jpg,frog_eye_leaf_spot,True,4000,2672,1.4970059880239521,919.77734375
02758_frog_eye_leaf_spot.jpg,frog_eye_leaf_spot,True,4000,2672,1.4970059880239521,1004.1328125
02759_frog_eye_leaf_spot.jpg,frog_eye_leaf_spot,True,4000,2672,1.4970059880239521,990.9765625
02760_frog_eye_leaf_spot.jpg,frog_eye_leaf_spot,True,4000,2672,1.4970059880239521,725.353515625
02761_frog_eye_leaf_spot.jpg,frog_eye_leaf_spot,True,4000,2672,1.4970059880239521,845.849609375
02762_frog_eye_leaf_spot.jpg,frog_eye_leaf_spot,True,4000,2672,1.4970059880239521,949.2685546875
02763_frog_eye_leaf_spot.jpg,frog_eye_leaf_spot,True,4000,2672,1.4970059880239521,743.091796875
02764_frog_eye_leaf_spot.jpg,frog_eye_leaf_spot,True,4000,2672,1.4970059880239521,970.0458984375
02765_frog_eye_leaf_spot.jpg,frog_eye_leaf_spot,True,4000,2672,1.4970059880239521,1061.6044921875
02766_frog_eye_leaf_spot.jpg,frog_eye_leaf_spot,True,4000,2672,1.4970059880239521,880.2685546875
02767_frog_eye_leaf_spot.jpg,frog_eye_leaf_spot,True,4000,2672,1.4970059880239521,1020.8115234375
02768_frog_eye_leaf_spot.jpg,frog_eye_leaf_spot,True,2592,1728,1.5,265.5693359375
02769_frog_eye_leaf_spot.jpg,frog_eye_leaf_spot,True,4000,2672,1.4970059880239521,818.31640625
02770_frog_eye_leaf_spot.jpg,frog_eye_leaf_spot,True,4000,2672,1.4970059880239521,971.6484375
02771_frog_eye_leaf_spot.jpg,frog_eye_leaf_spot,True,4000,2672,1.4970059880239521,958.666015625
02772_frog_eye_leaf_spot.jpg,frog_eye_leaf_spot,True,4000,2672,1.4970059880239521,757.80859375
02773_frog_eye_leaf_spot.jpg,frog_eye_leaf_spot,True,4000,2672,1.4970059880239521,725.8310546875
02774_frog_eye_leaf_spot.jpg,frog_eye_leaf_spot,True,4000,2672,1.4970059880239521,784.177734375
02775_frog_eye_leaf_spot.jpg,frog_eye_leaf_spot,True,4000,2672,1.4970059880239521,833.6552734375
02776_frog_eye_leaf_spot.jpg,frog_eye_leaf_spot,True,4000,2672,1.4970059880239521,786.4716796875
02777_frog_eye_leaf_spot.jpg,frog_eye_leaf_spot,True,4000,2672,1.4970059880239521,689.0146484375
02778_frog_eye_leaf_spot.jpg,frog_eye_leaf_spot,True,4000,2672,1.4970059880239521,982.8046875
02779_frog_eye_leaf_spot.jpg,frog_eye_leaf_spot,True,4000,2672,1.4970059880239521,887.28125
02780_frog_eye_leaf_spot.jpg,frog_eye_leaf_spot,True,4000,2672,1.4970059880239521,859.251953125
02781_frog_eye_leaf_spot.jpg,frog_eye_leaf_spot,True,4000,2672,1.4970059880239521,934.1796875
02782_frog_eye_leaf_spot.jpg,frog_eye_leaf_spot,True,4000,2672,1.4970059880239521,918.4921875
02783_frog_eye_leaf_spot.jpg,frog_eye_leaf_spot,True,4000,2672,1.4970059880239521,880.40234375
02784_frog_eye_leaf_spot.jpg,frog_eye_leaf_spot,True,4000,2672,1.4970059880239521,791.6171875
02785_frog_eye_leaf_spot.jpg,frog_eye_leaf_spot,True,4000,2672,1.4970059880239521,929.560546875
02786_frog_eye_leaf_spot.jpg,frog_eye_leaf_spot,True,4000,2672,1.4970059880239521,732.87890625
02787_frog_eye_leaf_spot.jpg,frog_eye_leaf_spot,True,4000,2672,1.4970059880239521,860.3681640625
02788_frog_eye_leaf_spot.jpg,frog_eye_leaf_spot,True,4000,2672,1.4970059880239521,931.0859375
02789_frog_eye_leaf_spot.jpg,frog_eye_leaf_spot,True,4000,2672,1.4970059880239521,864.990234375
02790_frog_eye_leaf_spot.jpg,frog_eye_leaf_spot,True,4000,2672,1.4970059880239521,1007.6552734375
02791_frog_eye_leaf_spot.jpg,frog_eye_leaf_spot,True,4000,2672,1.4970059880239521,1009.3193359375
02792_frog_eye_leaf_spot.jpg,frog_eye_leaf_spot,True,4000,2672,1.4970059880239521,986.7080078125
02793_frog_eye_leaf_spot.jpg,frog_eye_leaf_spot,True,4000,2672,1.4970059880239521,1032.681640625
02794_frog_eye_leaf_spot.jpg,frog_eye_leaf_spot,True,4000,2672,1.4970059880239521,783.2705078125
02795_frog_eye_leaf_spot.jpg,frog_eye_leaf_spot,True,4000,2672,1.4970059880239521,926.2900390625
02796_frog_eye_leaf_spot.jpg,frog_eye_leaf_spot,True,4000,2672,1.4970059880239521,1124.7841796875
02797_frog_eye_leaf_spot.jpg,frog_eye_leaf_spot,True,4000,2672,1.4970059880239521,793.162109375
02798_frog_eye_leaf_spot.jpg,frog_eye_leaf_spot,True,4000,2672,1.4970059880239521,933.6435546875
02799_frog_eye_leaf_spot.jpg,frog_eye_leaf_spot,True,4000,2672,1.4970059880239521,616.7548828125
02800_frog_eye_leaf_spot.jpg,frog_eye_leaf_spot,True,4000,2672,1.4970059880239521,700.4755859375
02801_frog_eye_leaf_spot.jpg,frog_eye_leaf_spot,True,4000,2672,1.4970059880239521,1079.201171875
02802_frog_eye_leaf_spot.jpg,frog_eye_leaf_spot,True,4000,2672,1.4970059880239521,1054.236328125
02803_frog_eye_leaf_spot.jpg,frog_eye_leaf_spot,True,4000,2672,1.4970059880239521,780.2900390625
02804_frog_eye_leaf_spot.jpg,frog_eye_leaf_spot,True,4000,2672,1.4970059880239521,729.6611328125
02805_frog_eye_leaf_spot.jpg,frog_eye_leaf_spot,True,4000,2672,1.4970059880239521,941.8681640625
02806_frog_eye_leaf_spot.jpg,frog_eye_leaf_spot,True,4000,2672,1.4970059880239521,778.994140625
02807_frog_eye_leaf_spot.jpg,frog_eye_leaf_spot,True,4000,2672,1.4970059880239521,952.3251953125
02808_frog_eye_leaf_spot.jpg,frog_eye_leaf_spot,True,4000,2672,1.4970059880239521,979.6875
02809_frog_eye_leaf_spot.jpg,frog_eye_leaf_spot,True,4000,2672,1.4970059880239521,1164.3564453125
02810_frog_eye_leaf_spot.jpg,frog_eye_leaf_spot,True,4000,2672,1.4970059880239521,885.201171875
02811_frog_eye_leaf_spot.jpg,frog_eye_leaf_spot,True,4000,2672,1.4970059880239521,1109.0546875
02812_frog_eye_leaf_spot.jpg,frog_eye_leaf_spot,True,4000,2672,1.4970059880239521,947.1298828125
02813_frog_eye_leaf_spot.jpg,frog_eye_leaf_spot,True,4000,2672,1.4970059880239521,936.2275390625
02814_frog_eye_leaf_spot.jpg,frog_eye_leaf_spot,True,4000,2672,1.4970059880239521,987.5634765625
02815_frog_eye_leaf_spot.jpg,frog_eye_leaf_spot,True,2592,1728,1.5,285.341796875
02816_frog_eye_leaf_spot.jpg,frog_eye_leaf_spot,True,4000,2672,1.4970059880239521,777.25
02817_frog_eye_leaf_spot.jpg,frog_eye_leaf_spot,True,4000,2672,1.4970059880239521,997.759765625
02818_frog_eye_leaf_spot.jpg,frog_eye_leaf_spot,True,4000,2672,1.4970059880239521,800.2958984375
02819_frog_eye_leaf_spot.jpg,frog_eye_leaf_spot,True,4000,2672,1.4970059880239521,761.5009765625
02820_frog_eye_leaf_spot.jpg,frog_eye_leaf_spot,True,4000,2672,1.4970059880239521,865.150390625
02821_frog_eye_leaf_spot.jpg,frog_eye_leaf_spot,True,4000,2672,1.4970059880239521,1049.9501953125
02822_frog_eye_leaf_spot.jpg,frog_eye_leaf_spot,True,4000,2672,1.4970059880239521,867.5673828125
02823_frog_eye_leaf_spot.jpg,frog_eye_leaf_spot,True,4000,2672,1.4970059880239521,750.390625
02824_frog_eye_leaf_spot.jpg,frog_eye_leaf_spot,True,4000,2672,1.4970059880239521,961.9091796875
02825_frog_eye_leaf_spot.jpg,frog_eye_leaf_spot,True,4000,2672,1.4970059880239521,852.962890625
02826_frog_eye_leaf_spot.jpg,frog_eye_leaf_spot,True,4000,2672,1.4970059880239521,1037.2939453125
02827_frog_eye_leaf_spot.jpg,frog_eye_leaf_spot,True,4000,2672,1.4970059880239521,759.1298828125
02828_frog_eye_leaf_spot.jpg,frog_eye_leaf_spot,True,4000,2672,1.4970059880239521,713.6025390625
02829_frog_eye_leaf_spot.jpg,frog_eye_leaf_spot,True,4000,2672,1.4970059880239521,963.2626953125
02830_frog_eye_leaf_spot.jpg,frog_eye_leaf_spot,True,4000,2672,1.4970059880239521,1166.900390625
02831_frog_eye_leaf_spot.jpg,frog_eye_leaf_spot,True,4000,2672,1.4970059880239521,1075.451171875
02832_frog_eye_leaf_spot.jpg,frog_eye_leaf_spot,True,4000,2672,1.4970059880239521,895.0244140625
02833_frog_eye_leaf_spot.jpg,frog_eye_leaf_spot,True,4000,2672,1.4970059880239521,791.130859375
02834_frog_eye_leaf_spot.jpg,frog_eye_leaf_spot,True,4000,2672,1.4970059880239521,703.2412109375
02835_frog_eye_leaf_spot.jpg,frog_eye_leaf_spot,True,4000,2672,1.4970059880239521,950.255859375
02836_frog_eye_leaf_spot.jpg,frog_eye_leaf_spot,True,4000,2672,1.4970059880239521,771.9560546875
02837_frog_eye_leaf_spot.jpg,frog_eye_leaf_spot,True,4000,2672,1.4970059880239521,919.8623046875
02838_frog_eye_leaf_spot.jpg,frog_eye_leaf_spot,True,4000,2672,1.4970059880239521,667.0419921875
02839_frog_eye_leaf_spot.jpg,frog_eye_leaf_spot,True,4000,2672,1.4970059880239521,873.2744140625
02840_frog_eye_leaf_spot.jpg,frog_eye_leaf_spot,True,4000,2672,1.4970059880239521,685.6181640625
02841_frog_eye_leaf_spot.jpg,frog_eye_leaf_spot,True,4000,2672,1.4970059880239521,862.8779296875
02842_frog_eye_leaf_spot.jpg,frog_eye_leaf_spot,True,4000,2672,1.4970059880239521,949.580078125
02843_frog_eye_leaf_spot.jpg,frog_eye_leaf_spot,True,4000,2672,1.4970059880239521,1106.9970703125
02844_frog_eye_leaf_spot.jpg,frog_eye_leaf_spot,True,4000,2672,1.4970059880239521,890.638671875
02845_frog_eye_leaf_spot.jpg,frog_eye_leaf_spot,True,4000,2672,1.4970059880239521,1025.005859375
02846_frog_eye_leaf_spot.jpg,frog_eye_leaf_spot,True,4000,2672,1.4970059880239521,790.83203125
02847_frog_eye_leaf_spot.jpg,frog_eye_leaf_spot,True,4000,2672,1.4970059880239521,1172.712890625
02848_frog_eye_leaf_spot.jpg,frog_eye_leaf_spot,True,4000,2672,1.4970059880239521,873.41015625
02849_frog_eye_leaf_spot.jpg,frog_eye_leaf_spot,True,4000,2672,1.4970059880239521,753.845703125
02850_frog_eye_leaf_spot.jpg,frog_eye_leaf_spot,True,4000,2672,1.4970059880239521,1009.2255859375
02851_frog_eye_leaf_spot.jpg,frog_eye_leaf_spot,True,4000,2672,1.4970059880239521,816.65234375
02852_frog_eye_leaf_spot.jpg,frog_eye_leaf_spot,True,4000,2672,1.4970059880239521,954.8115234375
02853_frog_eye_leaf_spot.jpg,frog_eye_leaf_spot,True,4000,2672,1.4970059880239521,1137.5966796875
02854_frog_eye_leaf_spot.jpg,frog_eye_leaf_spot,True,4000,2672,1.4970059880239521,954.5390625
02855_frog_eye_leaf_spot.jpg,frog_eye_leaf_spot,True,4000,2672,1.4970059880239521,966.62890625
02856_frog_eye_leaf_spot.jpg,frog_eye_leaf_spot,True,4000,2672,1.4970059880239521,1014.2939453125
02857_frog_eye_leaf_spot.jpg,frog_eye_leaf_spot,True,4000,2672,1.4970059880239521,879.9443359375
02858_frog_eye_leaf_spot.jpg,frog_eye_leaf_spot,True,4000,2672,1.4970059880239521,922.72265625
02859_frog_eye_leaf_spot.jpg,frog_eye_leaf_spot,True,4000,2672,1.4970059880239521,859.2177734375
02860_frog_eye_leaf_spot.jpg,frog_eye_leaf_spot,True,4000,2672,1.4970059880239521,946.7734375
02861_frog_eye_leaf_spot.jpg,frog_eye_leaf_spot,True,4000,2672,1.4970059880239521,756.6357421875
02862_frog_eye_leaf_spot.jpg,frog_eye_leaf_spot,True,4000,2672,1.4970059880239521,913.572265625
02863_frog_eye_leaf_spot.jpg,frog_eye_leaf_spot,True,4000,2672,1.4970059880239521,689.6328125
02864_frog_eye_leaf_spot.jpg,frog_eye_leaf_spot,True,4000,2672,1.4970059880239521,812.4814453125
02865_frog_eye_leaf_spot.jpg,frog_eye_leaf_spot,True,4000,2672,1.4970059880239521,788.4150390625
02866_frog_eye_leaf_spot.jpg,frog_eye_leaf_spot,True,4000,2672,1.4970059880239521,805.21875
02867_frog_eye_leaf_spot.jpg,frog_eye_leaf_spot,True,4000,2672,1.4970059880239521,486.224609375
02868_frog_eye_leaf_spot.jpg,frog_eye_leaf_spot,True,4000,2672,1.4970059880239521,795.939453125
02869_frog_eye_leaf_spot.jpg,frog_eye_leaf_spot,True,4000,2672,1.4970059880239521,1108.009765625
02870_frog_eye_leaf_spot.jpg,frog_eye_leaf_spot,True,4000,2672,1.4970059880239521,953.232421875
02871_frog_eye_leaf_spot.jpg,frog_eye_leaf_spot,True,4000,2672,1.4970059880239521,913.828125
02872_frog_eye_leaf_spot.jpg,frog_eye_leaf_spot,True,4000,2672,1.4970059880239521,497.0595703125
02873_frog_eye_leaf_spot.jpg,frog_eye_leaf_spot,True,4000,2672,1.4970059880239521,857.107421875
02874_frog_eye_leaf_spot.jpg,frog_eye_leaf_spot,True,4000,2672,1.4970059880239521,788.484375
02875_frog_eye_leaf_spot.jpg,frog_eye_leaf_spot,True,4000,2672,1.4970059880239521,857.423828125
02876_frog_eye_leaf_spot.jpg,frog_eye_leaf_spot,True,4000,2672,1.4970059880239521,591.919921875
02877_frog_eye_leaf_spot.jpg,frog_eye_leaf_spot,True,4000,2672,1.4970059880239521,889.1396484375
02878_frog_eye_leaf_spot.jpg,frog_eye_leaf_spot,True,4000,2672,1.4970059880239521,945.9619140625
02879_frog_eye_leaf_spot.jpg,frog_eye_leaf_spot,True,4000,2672,1.4970059880239521,905.494140625
02880_frog_eye_leaf_spot.jpg,frog_eye_leaf_spot,True,4000,2672,1.4970059880239521,1134.466796875
02881_frog_eye_leaf_spot.jpg,frog_eye_leaf_spot,True,4000,2672,1.4970059880239521,937.8134765625
02882_frog_eye_leaf_spot.jpg,frog_eye_leaf_spot,True,4000,2672,1.4970059880239521,872.1181640625
02883_frog_eye_leaf_spot.jpg,frog_eye_leaf_spot,True,4000,2672,1.4970059880239521,789.634765625
02884_frog_eye_leaf_spot.jpg,frog_eye_leaf_spot,True,4000,2672,1.4970059880239521,743.0634765625
02885_frog_eye_leaf_spot.jpg,frog_eye_leaf_spot,True,4000,2672,1.4970059880239521,952.5419921875
02886_frog_eye_leaf_spot.jpg,frog_eye_leaf_spot,True,4000,2672,1.4970059880239521,708.240234375
02887_frog_eye_leaf_spot.jpg,frog_eye_leaf_spot,True,4000,2672,1.4970059880239521,834.7646484375
02888_frog_eye_leaf_spot.jpg,frog_eye_leaf_spot,True,4000,2672,1.4970059880239521,804.3935546875
02889_frog_eye_leaf_spot.jpg,frog_eye_leaf_spot,True,4000,2672,1.4970059880239521,979.7080078125
02890_frog_eye_leaf_spot.jpg,frog_eye_leaf_spot,True,4000,2672,1.4970059880239521,886.69921875
02891_frog_eye_leaf_spot.jpg,frog_eye_leaf_spot,True,4000,2672,1.4970059880239521,998.5966796875
02892_frog_eye_leaf_spot.jpg,frog_eye_leaf_spot,True,4000,2672,1.4970059880239521,869.884765625
02893_frog_eye_leaf_spot.jpg,frog_eye_leaf_spot,True,4000,2672,1.4970059880239521,926.109375
02894_frog_eye_leaf_spot.jpg,frog_eye_leaf_spot,True,4000,2672,1.4970059880239521,753.896484375
02895_frog_eye_leaf_spot.jpg,frog_eye_leaf_spot,True,4000,2672,1.4970059880239521,1074.41015625
02896_frog_eye_leaf_spot.jpg,frog_eye_leaf_spot,True,4000,2672,1.4970059880239521,1068.8505859375
02897_frog_eye_leaf_spot.jpg,frog_eye_leaf_spot,True,4000,2672,1.4970059880239521,1072.7275390625
02898_frog_eye_leaf_spot.jpg,frog_eye_leaf_spot,True,4000,2672,1.4970059880239521,999.0361328125
02899_frog_eye_leaf_spot.jpg,frog_eye_leaf_spot,True,4000,2672,1.4970059880239521,892.20703125
02900_frog_eye_leaf_spot.jpg,frog_eye_leaf_spot,True,4000,2672,1.4970059880239521,869.689453125
02901_frog_eye_leaf_spot.jpg,frog_eye_leaf_spot,True,4000,2672,1.4970059880239521,952.2978515625
02902_frog_eye_leaf_spot.jpg,frog_eye_leaf_spot,True,4000,2672,1.4970059880239521,677.431640625
02903_frog_eye_leaf_spot.jpg,frog_eye_leaf_spot,True,4000,2672,1.4970059880239521,888.158203125
02904_frog_eye_leaf_spot.jpg,frog_eye_leaf_spot,True,4000,2672,1.4970059880239521,797.33984375
02905_frog_eye_leaf_spot.jpg,frog_eye_leaf_spot,True,4000,2672,1.4970059880239521,961.53515625
02906_frog_eye_leaf_spot.jpg,frog_eye_leaf_spot,True,4000,2672,1.4970059880239521,763.82421875
02907_frog_eye_leaf_spot.jpg,frog_eye_leaf_spot,True,4000,2672,1.4970059880239521,917.0244140625
02908_frog_eye_leaf_spot.jpg,frog_eye_leaf_spot,True,2592,1728,1.5,313.509765625
02909_frog_eye_leaf_spot.jpg,frog_eye_leaf_spot,True,4000,2672,1.4970059880239521,915.998046875
02910_frog_eye_leaf_spot.jpg,frog_eye_leaf_spot,True,4000,2672,1.4970059880239521,1102.806640625
02911_frog_eye_leaf_spot.jpg,frog_eye_leaf_spot,True,4000,2672,1.4970059880239521,853.876953125
02912_frog_eye_leaf_spot.jpg,frog_eye_leaf_spot,True,4000,2672,1.4970059880239521,783.625
02913_frog_eye_leaf_spot.jpg,frog_eye_leaf_spot,True,4000,2672,1.4970059880239521,956.2841796875
02914_frog_eye_leaf_spot.jpg,frog_eye_leaf_spot,True,4000,2672,1.4970059880239521,1149.9130859375
02915_frog_eye_leaf_spot.jpg,frog_eye_leaf_spot,True,4000,2672,1.4970059880239521,852.5244140625
02916_frog_eye_leaf_spot.jpg,frog_eye_leaf_spot,True,4000,2672,1.4970059880239521,993.298828125
02917_frog_eye_leaf_spot.jpg,frog_eye_leaf_spot,True,4000,2672,1.4970059880239521,958.845703125
02918_frog_eye_leaf_spot.jpg,frog_eye_leaf_spot,True,4000,2672,1.4970059880239521,941.0126953125
02919_frog_eye_leaf_spot.jpg,frog_eye_leaf_spot,True,4000,2672,1.4970059880239521,765.9931640625
02920_frog_eye_leaf_spot.jpg,frog_eye_leaf_spot,True,4000,2672,1.4970059880239521,918.103515625
02921_frog_eye_leaf_spot.jpg,frog_eye_leaf_spot,True,4000,2672,1.4970059880239521,1053.625
02922_frog_eye_leaf_spot.jpg,frog_eye_leaf_spot,True,4000,2672,1.4970059880239521,955.7158203125
02923_frog_eye_leaf_spot.jpg,frog_eye_leaf_spot,True,4000,2672,1.4970059880239521,933.2841796875
02924_frog_eye_leaf_spot.jpg,frog_eye_leaf_spot,True,4000,2672,1.4970059880239521,869.21484375
02925_frog_eye_leaf_spot.jpg,frog_eye_leaf_spot,True,4000,2672,1.4970059880239521,890.81640625
02926_frog_eye_leaf_spot.jpg,frog_eye_leaf_spot,True,4000,2672,1.4970059880239521,776.2802734375
02927_frog_eye_leaf_spot.jpg,frog_eye_leaf_spot,True,4000,2672,1.4970059880239521,889.630859375
02928_frog_eye_leaf_spot.jpg,frog_eye_leaf_spot,True,4000,2672,1.4970059880239521,854.5517578125
02929_frog_eye_leaf_spot.jpg,frog_eye_leaf_spot,True,4000,2672,1.4970059880239521,790.76171875
02930_frog_eye_leaf_spot.jpg,frog_eye_leaf_spot,True,4000,2672,1.4970059880239521,603.9404296875
02931_frog_eye_leaf_spot.jpg,frog_eye_leaf_spot,True,4000,2672,1.4970059880239521,895.9619140625
02932_frog_eye_leaf_spot.jpg,frog_eye_leaf_spot,True,4000,2672,1.4970059880239521,774.8369140625
02933_frog_eye_leaf_spot.jpg,frog_eye_leaf_spot,True,4000,2672,1.4970059880239521,980.888671875
02934_frog_eye_leaf_spot.jpg,frog_eye_leaf_spot,True,4000,2672,1.4970059880239521,1003.640625
02935_frog_eye_leaf_spot.jpg,frog_eye_leaf_spot,True,4000,2672,1.4970059880239521,775.7919921875
02936_frog_eye_leaf_spot.jpg,frog_eye_leaf_spot,True,4000,2672,1.4970059880239521,720.8974609375
02937_frog_eye_leaf_spot.jpg,frog_eye_leaf_spot,True,4000,2672,1.4970059880239521,678.455078125
02938_frog_eye_leaf_spot.jpg,frog_eye_leaf_spot,True,4000,2672,1.4970059880239521,939.0947265625
02939_frog_eye_leaf_spot.jpg,frog_eye_leaf_spot,True,4000,2672,1.4970059880239521,654.1982421875
02940_frog_eye_leaf_spot.jpg,frog_eye_leaf_spot,True,4000,2672,1.4970059880239521,837.9658203125
02941_frog_eye_leaf_spot.jpg,frog_eye_leaf_spot,True,4000,2672,1.4970059880239521,1003.3583984375
02942_frog_eye_leaf_spot.jpg,frog_eye_leaf_spot,True,4000,2672,1.4970059880239521,1060.486328125
02943_frog_eye_leaf_spot.jpg,frog_eye_leaf_spot,True,4000,2672,1.4970059880239521,845.0732421875
02944_frog_eye_leaf_spot.jpg,frog_eye_leaf_spot,True,4000,2672,1.4970059880239521,627.7666015625
02945_frog_eye_leaf_spot.jpg,frog_eye_leaf_spot,True,4000,2672,1.4970059880239521,814.6103515625
02946_frog_eye_leaf_spot.jpg,frog_eye_leaf_spot,True,4000,2672,1.4970059880239521,916.8486328125
02947_frog_eye_leaf_spot.jpg,frog_eye_leaf_spot,True,4000,2672,1.4970059880239521,620.0966796875
02948_frog_eye_leaf_spot.jpg,frog_eye_leaf_spot,True,4000,2672,1.4970059880239521,796.18359375
02949_frog_eye_leaf_spot.jpg,frog_eye_leaf_spot,True,4000,2672,1.4970059880239521,750.556640625
02950_frog_eye_leaf_spot.jpg,frog_eye_leaf_spot,True,4000,2672,1.4970059880239521,1100.9541015625
02951_frog_eye_leaf_spot.jpg,frog_eye_leaf_spot,True,4000,2672,1.4970059880239521,1067.265625
02952_frog_eye_leaf_spot.jpg,frog_eye_leaf_spot,True,4000,2672,1.4970059880239521,832.4375
02953_frog_eye_leaf_spot.jpg,frog_eye_leaf_spot,True,4000,2672,1.4970059880239521,736.478515625
02954_frog_eye_leaf_spot.jpg,frog_eye_leaf_spot,True,4000,2672,1.4970059880239521,741.1357421875
02955_frog_eye_leaf_spot.jpg,frog_eye_leaf_spot,True,4000,2672,1.4970059880239521,707.68359375
02956_frog_eye_leaf_spot.jpg,frog_eye_leaf_spot,True,4000,2672,1.4970059880239521,783.923828125
02957_frog_eye_leaf_spot.jpg,frog_eye_leaf_spot,True,4000,2672,1.4970059880239521,683.3525390625
02958_frog_eye_leaf_spot.jpg,frog_eye_leaf_spot,True,4000,2672,1.4970059880239521,681.373046875
02959_frog_eye_leaf_spot.jpg,frog_eye_leaf_spot,True,4000,2672,1.4970059880239521,945.068359375
02960_frog_eye_leaf_spot.jpg,frog_eye_leaf_spot,True,4000,2672,1.4970059880239521,1087.59765625
02961_frog_eye_leaf_spot.jpg,frog_eye_leaf_spot,True,4000,2672,1.4970059880239521,769.7294921875
02962_frog_eye_leaf_spot.jpg,frog_eye_leaf_spot,True,4000,2672,1.4970059880239521,1025.060546875
02963_frog_eye_leaf_spot.jpg,frog_eye_leaf_spot,True,4000,2672,1.4970059880239521,936.8271484375
02964_frog_eye_leaf_spot.jpg,frog_eye_leaf_spot,True,4000,2672,1.4970059880239521,542.2919921875
02965_frog_eye_leaf_spot.jpg,frog_eye_leaf_spot,True,4000,2672,1.4970059880239521,976.189453125
02966_frog_eye_leaf_spot.jpg,frog_eye_leaf_spot,True,4000,2672,1.4970059880239521,1024.4248046875
02967_frog_eye_leaf_spot.jpg,frog_eye_leaf_spot,True,4000,2672,1.4970059880239521,911.0302734375
02968_frog_eye_leaf_spot.jpg,frog_eye_leaf_spot,True,4000,2672,1.4970059880239521,1002.7470703125
02969_frog_eye_leaf_spot.jpg,frog_eye_leaf_spot,True,4000,2672,1.4970059880239521,1302.0361328125
02970_frog_eye_leaf_spot.jpg,frog_eye_leaf_spot,True,4000,2672,1.4970059880239521,970.431640625
02971_frog_eye_leaf_spot.jpg,frog_eye_leaf_spot,True,4000,2672,1.4970059880239521,949.4248046875
02972_frog_eye_leaf_spot.jpg,frog_eye_leaf_spot,True,4000,2672,1.4970059880239521,707.376953125
02973_frog_eye_leaf_spot.jpg,frog_eye_leaf_spot,True,4000,2672,1.4970059880239521,997.3212890625
02974_frog_eye_leaf_spot.jpg,frog_eye_leaf_spot,True,4000,2672,1.4970059880239521,1097.4130859375
02975_frog_eye_leaf_spot.jpg,frog_eye_leaf_spot,True,4000,2672,1.4970059880239521,764.0888671875
02976_frog_eye_leaf_spot.jpg,frog_eye_leaf_spot,True,4000,2672,1.4970059880239521,887.732421875
02977_frog_eye_leaf_spot.jpg,frog_eye_leaf_spot,True,4000,2672,1.4970059880239521,1047.515625
02978_frog_eye_leaf_spot.jpg,frog_eye_leaf_spot,True,4000,2672,1.4970059880239521,923.5458984375
02979_frog_eye_leaf_spot.jpg,frog_eye_leaf_spot,True,4000,2672,1.4970059880239521,866.9169921875
02980_frog_eye_leaf_spot.jpg,frog_eye_leaf_spot,True,4000,2672,1.4970059880239521,1059.5751953125
02981_frog_eye_leaf_spot.jpg,frog_eye_leaf_spot,True,4000,2672,1.4970059880239521,874.8359375
02982_frog_eye_leaf_spot.jpg,frog_eye_leaf_spot,True,4000,2672,1.4970059880239521,810.75390625
02983_frog_eye_leaf_spot.jpg,frog_eye_leaf_spot,True,4000,2672,1.4970059880239521,671.0107421875
02984_frog_eye_leaf_spot.jpg,frog_eye_leaf_spot,True,4000,2672,1.4970059880239521,788.9677734375
02985_frog_eye_leaf_spot.jpg,frog_eye_leaf_spot,True,4000,2672,1.4970059880239521,1257.71484375
02986_frog_eye_leaf_spot.jpg,frog_eye_leaf_spot,True,4000,2672,1.4970059880239521,610.4228515625
02987_frog_eye_leaf_spot.jpg,frog_eye_leaf_spot,True,4000,2672,1.4970059880239521,865.3173828125
02988_frog_eye_leaf_spot.jpg,frog_eye_leaf_spot,True,4000,2672,1.4970059880239521,1013.666015625
02989_frog_eye_leaf_spot.jpg,frog_eye_leaf_spot,True,4000,2672,1.4970059880239521,1013.6025390625
02990_frog_eye_leaf_spot.jpg,frog_eye_leaf_spot,True,4000,2672,1.4970059880239521,1029.3212890625
02991_frog_eye_leaf_spot.jpg,frog_eye_leaf_spot,True,4000,2672,1.4970059880239521,837.7373046875
02992_frog_eye_leaf_spot.jpg,frog_eye_leaf_spot,True,4000,2672,1.4970059880239521,971.28125
02993_frog_eye_leaf_spot.jpg,frog_eye_leaf_spot,True,4000,2672,1.4970059880239521,1009.646484375
02994_frog_eye_leaf_spot.jpg,frog_eye_leaf_spot,True,4000,2672,1.4970059880239521,990.89453125
02995_frog_eye_leaf_spot.jpg,frog_eye_leaf_spot,True,4000,2672,1.4970059880239521,1088.3857421875
02996_frog_eye_leaf_spot.jpg,frog_eye_leaf_spot,True,4000,2672,1.4970059880239521,992.6630859375
02997_frog_eye_leaf_spot.jpg,frog_eye_leaf_spot,True,4000,2672,1.4970059880239521,944.337890625
02998_frog_eye_leaf_spot.jpg,frog_eye_leaf_spot,True,4000,2672,1.4970059880239521,1082.177734375
02999_frog_eye_leaf_spot.jpg,frog_eye_leaf_spot,True,4000,2672,1.4970059880239521,559.416015625
03000_frog_eye_leaf_spot.jpg,frog_eye_leaf_spot,True,4000,2672,1.4970059880239521,958.59375
03001_frog_eye_leaf_spot.jpg,frog_eye_leaf_spot,True,4000,2672,1.4970059880239521,684.1748046875
03002_frog_eye_leaf_spot.jpg,frog_eye_leaf_spot,True,4000,2672,1.4970059880239521,800.4990234375
03003_frog_eye_leaf_spot.jpg,frog_eye_leaf_spot,True,4000,2672,1.4970059880239521,847.197265625
03004_frog_eye_leaf_spot.jpg,frog_eye_leaf_spot,True,4000,2672,1.4970059880239521,637.9677734375
03005_frog_eye_leaf_spot.jpg,frog_eye_leaf_spot,True,4000,2672,1.4970059880239521,883.9423828125
03006_frog_eye_leaf_spot.jpg,frog_eye_leaf_spot,True,4000,2672,1.4970059880239521,662.91796875
03007_frog_eye_leaf_spot.jpg,frog_eye_leaf_spot,True,4000,2672,1.4970059880239521,619.6142578125
03008_frog_eye_leaf_spot.jpg,frog_eye_leaf_spot,True,4000,2672,1.4970059880239521,860.255859375
03009_frog_eye_leaf_spot.jpg,frog_eye_leaf_spot,True,4000,2672,1.4970059880239521,1089.29296875
03010_frog_eye_leaf_spot.jpg,frog_eye_leaf_spot,True,4000,2672,1.4970059880239521,796.96484375
03011_frog_eye_leaf_spot.jpg,frog_eye_leaf_spot,True,4000,2672,1.4970059880239521,927.8955078125
03012_frog_eye_leaf_spot.jpg,frog_eye_leaf_spot,True,4000,2672,1.4970059880239521,877.21875
03013_frog_eye_leaf_spot.jpg,frog_eye_leaf_spot,True,4000,2672,1.4970059880239521,935.0224609375
03014_frog_eye_leaf_spot.jpg,frog_eye_leaf_spot,True,4000,2672,1.4970059880239521,786.7724609375
03015_frog_eye_leaf_spot.jpg,frog_eye_leaf_spot,True,4000,2672,1.4970059880239521,799.1826171875
03016_frog_eye_leaf_spot.jpg,frog_eye_leaf_spot,True,4000,2672,1.4970059880239521,976.1962890625
03017_frog_eye_leaf_spot.jpg,frog_eye_leaf_spot,True,4000,2672,1.4970059880239521,956.87109375
03018_frog_eye_leaf_spot.jpg,frog_eye_leaf_spot,True,4000,2672,1.4970059880239521,819.1171875
03019_frog_eye_leaf_spot.jpg,frog_eye_leaf_spot,True,4000,2672,1.4970059880239521,716.212890625
03020_frog_eye_leaf_spot.jpg,frog_eye_leaf_spot,True,4000,2672,1.4970059880239521,744.533203125
03021_frog_eye_leaf_spot.jpg,frog_eye_leaf_spot,True,4000,2672,1.4970059880239521,896.0
03022_frog_eye_leaf_spot.jpg,frog_eye_leaf_spot,True,4000,2672,1.4970059880239521,849.626953125
03023_frog_eye_leaf_spot.jpg,frog_eye_leaf_spot,True,4000,2672,1.4970059880239521,801.1044921875
03024_frog_eye_leaf_spot.jpg,frog_eye_leaf_spot,True,4000,2672,1.4970059880239521,603.9814453125
03025_frog_eye_leaf_spot.jpg,frog_eye_leaf_spot,True,4000,2672,1.4970059880239521,727.3857421875
03026_frog_eye_leaf_spot.jpg,frog_eye_leaf_spot,True,4000,2672,1.4970059880239521,783.83203125
03027_frog_eye_leaf_spot.jpg,frog_eye_leaf_spot,True,4000,2672,1.4970059880239521,920.580078125
03028_frog_eye_leaf_spot.jpg,frog_eye_leaf_spot,True,4000,2672,1.4970059880239521,632.185546875
03029_frog_eye_leaf_spot.jpg,frog_eye_leaf_spot,True,4000,2672,1.4970059880239521,1039.1396484375
03030_frog_eye_leaf_spot.jpg,frog_eye_leaf_spot,True,4000,2672,1.4970059880239521,1041.7861328125
03031_frog_eye_leaf_spot.jpg,frog_eye_leaf_spot,True,4000,2672,1.4970059880239521,914.7724609375
03032_frog_eye_leaf_spot.jpg,frog_eye_leaf_spot,True,4000,2672,1.4970059880239521,958.1279296875
03033_frog_eye_leaf_spot.jpg,frog_eye_leaf_spot,True,2592,1728,1.5,255.6171875
03034_frog_eye_leaf_spot.jpg,frog_eye_leaf_spot,True,4000,2672,1.4970059880239521,719.58203125
03035_frog_eye_leaf_spot.jpg,frog_eye_leaf_spot,True,4000,2672,1.4970059880239521,862.892578125
03036_frog_eye_leaf_spot.jpg,frog_eye_leaf_spot,True,4000,2672,1.4970059880239521,999.4638671875
03037_frog_eye_leaf_spot.jpg,frog_eye_leaf_spot,True,4000,2672,1.4970059880239521,870.8212890625
03038_frog_eye_leaf_spot.jpg,frog_eye_leaf_spot,True,4000,2672,1.4970059880239521,962.3447265625
03039_frog_eye_leaf_spot.jpg,frog_eye_leaf_spot,True,4000,2672,1.4970059880239521,840.0146484375
03040_frog_eye_leaf_spot.jpg,frog_eye_leaf_spot,True,4000,2672,1.4970059880239521,772.8896484375
03041_frog_eye_leaf_spot.jpg,frog_eye_leaf_spot,True,4000,2672,1.4970059880239521,950.5078125
03042_frog_eye_leaf_spot.jpg,frog_eye_leaf_spot,True,4000,2672,1.4970059880239521,949.5576171875
03043_frog_eye_leaf_spot.jpg,frog_eye_leaf_spot,True,4000,2672,1.4970059880239521,858.521484375
03044_frog_eye_leaf_spot.jpg,frog_eye_leaf_spot,True,4000,2672,1.4970059880239521,799.7060546875
03045_frog_eye_leaf_spot.jpg,frog_eye_leaf_spot,True,4000,2672,1.4970059880239521,882.1142578125
03046_frog_eye_leaf_spot.jpg,frog_eye_leaf_spot,True,4000,2672,1.4970059880239521,921.646484375
03047_frog_eye_leaf_spot.jpg,frog_eye_leaf_spot,True,4032,3024,1.3333333333333333,1278.4462890625
03048_frog_eye_leaf_spot.jpg,frog_eye_leaf_spot,True,4000,2672,1.4970059880239521,1003.0439453125
03049_frog_eye_leaf_spot.jpg,frog_eye_leaf_spot,True,4000,2672,1.4970059880239521,889.1884765625
03050_frog_eye_leaf_spot.jpg,frog_eye_leaf_spot,True,4000,2672,1.4970059880239521,985.45703125
03051_frog_eye_leaf_spot.jpg,frog_eye_leaf_spot,True,4000,2672,1.4970059880239521,701.44140625
03052_frog_eye_leaf_spot.jpg,frog_eye_leaf_spot,True,4000,2672,1.4970059880239521,742.8798828125
03053_frog_eye_leaf_spot.jpg,frog_eye_leaf_spot,True,4000,2672,1.4970059880239521,1005.0927734375
03054_frog_eye_leaf_spot.jpg,frog_eye_leaf_spot,True,4000,2672,1.4970059880239521,1076.6669921875
03055_frog_eye_leaf_spot.jpg,frog_eye_leaf_spot,True,4000,2672,1.4970059880239521,877.43359375
03056_frog_eye_leaf_spot.jpg,frog_eye_leaf_spot,True,4000,2672,1.4970059880239521,880.171875
03057_frog_eye_leaf_spot.jpg,frog_eye_leaf_spot,True,4000,2672,1.4970059880239521,856.3291015625
03058_frog_eye_leaf_spot.jpg,frog_eye_leaf_spot,True,4000,2672,1.4970059880239521,927.16796875
03059_frog_eye_leaf_spot.jpg,frog_eye_leaf_spot,True,4000,2672,1.4970059880239521,860.58984375
03060_frog_eye_leaf_spot.jpg,frog_eye_leaf_spot,True,4000,2672,1.4970059880239521,849.4365234375
03061_frog_eye_leaf_spot.jpg,frog_eye_leaf_spot,True,4000,2672,1.4970059880239521,942.9111328125
03062_frog_eye_leaf_spot.jpg,frog_eye_leaf_spot,True,4000,2672,1.4970059880239521,916.6865234375
03063_frog_eye_leaf_spot.jpg,frog_eye_leaf_spot,True,4000,2672,1.4970059880239521,768.4384765625
03064_frog_eye_leaf_spot.jpg,frog_eye_leaf_spot,True,4000,2672,1.4970059880239521,935.810546875
03065_frog_eye_leaf_spot.jpg,frog_eye_leaf_spot,True,4000,2672,1.4970059880239521,850.25390625
03066_frog_eye_leaf_spot.jpg,frog_eye_leaf_spot,True,4000,2672,1.4970059880239521,911.7138671875
03067_frog_eye_leaf_spot.jpg,frog_eye_leaf_spot,True,4000,2672,1.4970059880239521,714.3291015625
03068_frog_eye_leaf_spot.jpg,frog_eye_leaf_spot,True,4000,2672,1.4970059880239521,820.06640625
03069_frog_eye_leaf_spot.jpg,frog_eye_leaf_spot,True,4000,2672,1.4970059880239521,863.15234375
03070_frog_eye_leaf_spot.jpg,frog_eye_leaf_spot,True,4000,2672,1.4970059880239521,748.45703125
03071_frog_eye_leaf_spot.jpg,frog_eye_leaf_spot,True,4000,2672,1.4970059880239521,952.0068359375
03072_frog_eye_leaf_spot.jpg,frog_eye_leaf_spot,True,4000,2672,1.4970059880239521,1061.7744140625
03073_frog_eye_leaf_spot.jpg,frog_eye_leaf_spot,True,4000,2672,1.4970059880239521,878.177734375
03074_frog_eye_leaf_spot.jpg,frog_eye_leaf_spot,True,4000,2672,1.4970059880239521,871.220703125
03075_frog_eye_leaf_spot.jpg,frog_eye_leaf_spot,True,4000,2672,1.4970059880239521,764.6142578125
03076_frog_eye_leaf_spot.jpg,frog_eye_leaf_spot,True,4000,2672,1.4970059880239521,819.8662109375
03077_frog_eye_leaf_spot.jpg,frog_eye_leaf_spot,True,4000,2672,1.4970059880239521,1058.453125
03078_frog_eye_leaf_spot.jpg,frog_eye_leaf_spot,True,4000,2672,1.4970059880239521,965.7509765625
03079_frog_eye_leaf_spot.jpg,frog_eye_leaf_spot,True,4000,2672,1.4970059880239521,964.501953125
03080_frog_eye_leaf_spot.jpg,frog_eye_leaf_spot,True,4000,2672,1.4970059880239521,891.119140625
03081_frog_eye_leaf_spot.jpg,frog_eye_leaf_spot,True,4000,2672,1.4970059880239521,943.751953125
03082_frog_eye_leaf_spot.jpg,frog_eye_leaf_spot,True,4000,2672,1.4970059880239521,881.35546875
03083_frog_eye_leaf_spot.jpg,frog_eye_leaf_spot,True,4000,2672,1.4970059880239521,874.1865234375
03084_frog_eye_leaf_spot.jpg,frog_eye_leaf_spot,True,4000,2672,1.4970059880239521,798.0693359375
03085_frog_eye_leaf_spot.jpg,frog_eye_leaf_spot,True,4000,2672,1.4970059880239521,856.43359375
03086_frog_eye_leaf_spot.jpg,frog_eye_leaf_spot,True,4000,2672,1.4970059880239521,987.9091796875
03087_frog_eye_leaf_spot.jpg,frog_eye_leaf_spot,True,4000,2672,1.4970059880239521,998.0029296875
03088_frog_eye_leaf_spot.jpg,frog_eye_leaf_spot,True,4000,2672,1.4970059880239521,1029.3359375
03089_frog_eye_leaf_spot.jpg,frog_eye_leaf_spot,True,4000,2672,1.4970059880239521,1066.751953125
03090_frog_eye_leaf_spot.jpg,frog_eye_leaf_spot,True,4000,2672,1.4970059880239521,987.5908203125
03091_frog_eye_leaf_spot.jpg,frog_eye_leaf_spot,True,4000,2672,1.4970059880239521,948.666015625
03092_frog_eye_leaf_spot.jpg,frog_eye_leaf_spot,True,4000,2672,1.4970059880239521,865.162109375
03093_frog_eye_leaf_spot.jpg,frog_eye_leaf_spot,True,4000,2672,1.4970059880239521,1030.0771484375
03094_frog_eye_leaf_spot.jpg,frog_eye_leaf_spot,True,4000,2672,1.4970059880239521,625.5478515625
03095_frog_eye_leaf_spot.jpg,frog_eye_leaf_spot,True,4000,2672,1.4970059880239521,920.0556640625
03096_frog_eye_leaf_spot.jpg,frog_eye_leaf_spot,True,4000,2672,1.4970059880239521,866.009765625
03097_frog_eye_leaf_spot.jpg,frog_eye_leaf_spot,True,4000,2672,1.4970059880239521,983.2822265625
03098_frog_eye_leaf_spot.jpg,frog_eye_leaf_spot,True,4000,2672,1.4970059880239521,955.8173828125
03099_frog_eye_leaf_spot.jpg,frog_eye_leaf_spot,True,4000,2672,1.4970059880239521,779.6728515625
03100_frog_eye_leaf_spot.jpg,frog_eye_leaf_spot,True,4000,2672,1.4970059880239521,1023.3369140625
03101_frog_eye_leaf_spot.jpg,frog_eye_leaf_spot,True,4000,2672,1.4970059880239521,937.82421875
03102_frog_eye_leaf_spot.jpg,frog_eye_leaf_spot,True,4000,2672,1.4970059880239521,949.759765625
03103_frog_eye_leaf_spot.jpg,frog_eye_leaf_spot,True,4000,2672,1.4970059880239521,942.857421875
03104_frog_eye_leaf_spot.jpg,frog_eye_leaf_spot,True,4000,2672,1.4970059880239521,869.8486328125
03105_frog_eye_leaf_spot.jpg,frog_eye_leaf_spot,True,4000,2672,1.4970059880239521,1029.1923828125
03106_frog_eye_leaf_spot.jpg,frog_eye_leaf_spot,True,4000,2672,1.4970059880239521,778.994140625
03107_frog_eye_leaf_spot.jpg,frog_eye_leaf_spot,True,4000,2672,1.4970059880239521,1041.38671875
03108_frog_eye_leaf_spot.jpg,frog_eye_leaf_spot,True,4000,2672,1.4970059880239521,1098.81640625
03109_frog_eye_leaf_spot.jpg,frog_eye_leaf_spot,True,4000,2672,1.4970059880239521,933.234375
03110_frog_eye_leaf_spot.jpg,frog_eye_leaf_spot,True,4000,2672,1.4970059880239521,864.3583984375
03111_frog_eye_leaf_spot.jpg,frog_eye_leaf_spot,True,4000,2672,1.4970059880239521,799.103515625
03112_frog_eye_leaf_spot.jpg,frog_eye_leaf_spot,True,4000,2672,1.4970059880239521,679.5537109375
03113_frog_eye_leaf_spot.jpg,frog_eye_leaf_spot,True,4000,2672,1.4970059880239521,862.689453125
03114_frog_eye_leaf_spot.jpg,frog_eye_leaf_spot,True,4000,2672,1.4970059880239521,815.4453125
03115_frog_eye_leaf_spot.jpg,frog_eye_leaf_spot,True,4000,2672,1.4970059880239521,920.8408203125
03116_frog_eye_leaf_spot.jpg,frog_eye_leaf_spot,True,4000,2672,1.4970059880239521,1028.6328125
03117_frog_eye_leaf_spot.jpg,frog_eye_leaf_spot,True,4000,2672,1.4970059880239521,908.5859375
03118_frog_eye_leaf_spot.jpg,frog_eye_leaf_spot,True,4000,2672,1.4970059880239521,728.0703125
03119_frog_eye_leaf_spot.jpg,frog_eye_leaf_spot,True,4000,2672,1.4970059880239521,678.349609375
03120_frog_eye_leaf_spot.jpg,frog_eye_leaf_spot,True,4000,2672,1.4970059880239521,935.6845703125
03121_frog_eye_leaf_spot.jpg,frog_eye_leaf_spot,True,4000,2672,1.4970059880239521,1072.767578125
03122_frog_eye_leaf_spot.jpg,frog_eye_leaf_spot,True,4000,2672,1.4970059880239521,784.134765625
03123_frog_eye_leaf_spot.jpg,frog_eye_leaf_spot,True,4000,2672,1.4970059880239521,929.1416015625
03124_frog_eye_leaf_spot.jpg,frog_eye_leaf_spot,True,4000,2672,1.4970059880239521,801.7470703125
03125_frog_eye_leaf_spot.jpg,frog_eye_leaf_spot,True,4000,2672,1.4970059880239521,688.2587890625
03126_frog_eye_leaf_spot.jpg,frog_eye_leaf_spot,True,4000,2672,1.4970059880239521,919.482421875
03127_frog_eye_leaf_spot.jpg,frog_eye_leaf_spot,True,4000,2672,1.4970059880239521,861.2080078125
03128_frog_eye_leaf_spot.jpg,frog_eye_leaf_spot,True,4000,2672,1.4970059880239521,865.53515625
03129_frog_eye_leaf_spot.jpg,frog_eye_leaf_spot,True,4000,2672,1.4970059880239521,749.5830078125
03130_frog_eye_leaf_spot.jpg,frog_eye_leaf_spot,True,4000,2672,1.4970059880239521,945.208984375
03131_frog_eye_leaf_spot.jpg,frog_eye_leaf_spot,True,4000,2672,1.4970059880239521,1006.05859375
03132_frog_eye_leaf_spot.jpg,frog_eye_leaf_spot,True,4000,2672,1.4970059880239521,845.3857421875
03133_frog_eye_leaf_spot.jpg,frog_eye_leaf_spot,True,4000,2672,1.4970059880239521,764.2587890625
03134_frog_eye_leaf_spot.jpg,frog_eye_leaf_spot,True,4000,2672,1.4970059880239521,941.4638671875
03135_frog_eye_leaf_spot.jpg,frog_eye_leaf_spot,True,4000,2672,1.4970059880239521,1058.357421875
03136_frog_eye_leaf_spot.jpg,frog_eye_leaf_spot,True,4000,2672,1.4970059880239521,873.12109375
03137_frog_eye_leaf_spot.jpg,frog_eye_leaf_spot,True,4000,2672,1.4970059880239521,863.7763671875
03138_frog_eye_leaf_spot.jpg,frog_eye_leaf_spot,True,4000,2672,1.4970059880239521,957.267578125
03139_frog_eye_leaf_spot.jpg,frog_eye_leaf_spot,True,4000,2672,1.4970059880239521,981.703125
03140_frog_eye_leaf_spot.jpg,frog_eye_leaf_spot,True,4000,2672,1.4970059880239521,804.3388671875
03141_frog_eye_leaf_spot.jpg,frog_eye_leaf_spot,True,4000,3000,1.3333333333333333,845.28125
03142_frog_eye_leaf_spot.jpg,frog_eye_leaf_spot,True,4000,2672,1.4970059880239521,903.4248046875
03143_frog_eye_leaf_spot.jpg,frog_eye_leaf_spot,True,4000,2672,1.4970059880239521,883.0693359375
03144_frog_eye_leaf_spot.jpg,frog_eye_leaf_spot,True,4000,2672,1.4970059880239521,815.28125
03145_frog_eye_leaf_spot.jpg,frog_eye_leaf_spot,True,4000,2672,1.4970059880239521,900.0654296875
03146_frog_eye_leaf_spot.jpg,frog_eye_leaf_spot,True,4000,2672,1.4970059880239521,607.2041015625
03147_frog_eye_leaf_spot.jpg,frog_eye_leaf_spot,True,4000,2672,1.4970059880239521,879.7353515625
03148_frog_eye_leaf_spot.jpg,frog_eye_leaf_spot,True,4000,2672,1.4970059880239521,897.408203125
03149_frog_eye_leaf_spot.jpg,frog_eye_leaf_spot,True,4000,2672,1.4970059880239521,828.97265625
03150_frog_eye_leaf_spot.jpg,frog_eye_leaf_spot,True,4000,2672,1.4970059880239521,844.58984375
03151_frog_eye_leaf_spot.jpg,frog_eye_leaf_spot,True,4000,2672,1.4970059880239521,887.345703125
03152_frog_eye_leaf_spot.jpg,frog_eye_leaf_spot,True,4000,2672,1.4970059880239521,952.6455078125
03153_frog_eye_leaf_spot.jpg,frog_eye_leaf_spot,True,4000,2672,1.4970059880239521,759.37109375
03154_frog_eye_leaf_spot.jpg,frog_eye_leaf_spot,True,4000,2672,1.4970059880239521,948.96484375
03155_frog_eye_leaf_spot.jpg,frog_eye_leaf_spot,True,4000,2672,1.4970059880239521,944.427734375
03156_frog_eye_leaf_spot.jpg,frog_eye_leaf_spot,True,4000,2672,1.4970059880239521,881.1064453125
03157_frog_eye_leaf_spot.jpg,frog_eye_leaf_spot,True,4000,2672,1.4970059880239521,959.6298828125
03158_frog_eye_leaf_spot.jpg,frog_eye_leaf_spot,True,4000,2672,1.4970059880239521,827.7470703125
03159_frog_eye_leaf_spot.jpg,frog_eye_leaf_spot,True,4000,2672,1.4970059880239521,939.169921875
03160_frog_eye_leaf_spot.jpg,frog_eye_leaf_spot,True,4000,2672,1.4970059880239521,970.439453125
03161_frog_eye_leaf_spot.jpg,frog_eye_leaf_spot,True,4000,2672,1.4970059880239521,704.609375
03162_frog_eye_leaf_spot.jpg,frog_eye_leaf_spot,True,4000,2672,1.4970059880239521,869.1640625
03163_frog_eye_leaf_spot.jpg,frog_eye_leaf_spot,True,4000,2672,1.4970059880239521,744.9072265625
03164_frog_eye_leaf_spot.jpg,frog_eye_leaf_spot,True,4000,2672,1.4970059880239521,815.0146484375
03165_frog_eye_leaf_spot.jpg,frog_eye_leaf_spot,True,4000,3000,1.3333333333333333,865.654296875
03166_frog_eye_leaf_spot.jpg,frog_eye_leaf_spot,True,4000,2672,1.4970059880239521,537.771484375
03167_frog_eye_leaf_spot.jpg,frog_eye_leaf_spot,True,4000,2672,1.4970059880239521,920.9326171875
03168_frog_eye_leaf_spot.jpg,frog_eye_leaf_spot,True,4000,2672,1.4970059880239521,776.1640625
03169_frog_eye_leaf_spot.jpg,frog_eye_leaf_spot,True,4000,2672,1.4970059880239521,939.89453125
03170_frog_eye_leaf_spot.jpg,frog_eye_leaf_spot,True,4000,2672,1.4970059880239521,921.5458984375
03171_frog_eye_leaf_spot.jpg,frog_eye_leaf_spot,True,4000,2672,1.4970059880239521,916.240234375
03172_frog_eye_leaf_spot.jpg,frog_eye_leaf_spot,True,4000,2672,1.4970059880239521,948.4990234375
03173_frog_eye_leaf_spot.jpg,frog_eye_leaf_spot,True,2592,1728,1.5,246.712890625
03174_frog_eye_leaf_spot.jpg,frog_eye_leaf_spot,True,4000,2672,1.4970059880239521,994.0830078125
03175_frog_eye_leaf_spot.jpg,frog_eye_leaf_spot,True,4000,2672,1.4970059880239521,942.0576171875
03176_frog_eye_leaf_spot.jpg,frog_eye_leaf_spot,True,4000,2672,1.4970059880239521,978.16796875
03177_frog_eye_leaf_spot.jpg,frog_eye_leaf_spot,True,4000,2672,1.4970059880239521,890.8974609375
03178_frog_eye_leaf_spot.jpg,frog_eye_leaf_spot,True,4000,2672,1.4970059880239521,1010.6953125
03179_frog_eye_leaf_spot.jpg,frog_eye_leaf_spot,True,4000,2672,1.4970059880239521,754.8271484375
03180_frog_eye_leaf_spot.jpg,frog_eye_leaf_spot,True,4000,2672,1.4970059880239521,724.9150390625
03181_frog_eye_leaf_spot.jpg,frog_eye_leaf_spot,True,4000,2672,1.4970059880239521,819.8349609375
03182_frog_eye_leaf_spot.jpg,frog_eye_leaf_spot,True,4000,2672,1.4970059880239521,1043.59765625
03183_frog_eye_leaf_spot.jpg,frog_eye_leaf_spot,True,4000,2672,1.4970059880239521,881.8125
03184_frog_eye_leaf_spot.jpg,frog_eye_leaf_spot,True,4000,2672,1.4970059880239521,739.998046875
03185_frog_eye_leaf_spot.jpg,frog_eye_leaf_spot,True,4000,2672,1.4970059880239521,942.5146484375
03186_frog_eye_leaf_spot.jpg,frog_eye_leaf_spot,True,4000,2672,1.4970059880239521,838.72265625
03187_frog_eye_leaf_spot.jpg,frog_eye_leaf_spot,True,4000,2672,1.4970059880239521,542.0224609375
03188_frog_eye_leaf_spot.jpg,frog_eye_leaf_spot,True,4000,2672,1.4970059880239521,712.83203125
03189_frog_eye_leaf_spot.jpg,frog_eye_leaf_spot,True,4000,2672,1.4970059880239521,928.7197265625
03190_frog_eye_leaf_spot.jpg,frog_eye_leaf_spot,True,4000,2672,1.4970059880239521,792.8017578125
03191_frog_eye_leaf_spot.jpg,frog_eye_leaf_spot,True,4000,2672,1.4970059880239521,751.0703125
03192_frog_eye_leaf_spot.jpg,frog_eye_leaf_spot,True,4000,2672,1.4970059880239521,874.2314453125
03193_frog_eye_leaf_spot.jpg,frog_eye_leaf_spot,True,4000,2672,1.4970059880239521,769.4638671875
03194_frog_eye_leaf_spot.jpg,frog_eye_leaf_spot,True,4000,2672,1.4970059880239521,808.7119140625
03195_frog_eye_leaf_spot.jpg,frog_eye_leaf_spot,True,4000,2672,1.4970059880239521,893.0263671875
03196_frog_eye_leaf_spot.jpg,frog_eye_leaf_spot,True,4000,2672,1.4970059880239521,875.822265625
03197_frog_eye_leaf_spot.jpg,frog_eye_leaf_spot,True,4000,2672,1.4970059880239521,773.7119140625
03198_frog_eye_leaf_spot.jpg,frog_eye_leaf_spot,True,4000,2672,1.4970059880239521,941.03125
03199_frog_eye_leaf_spot.jpg,frog_eye_leaf_spot,True,4000,2672,1.4970059880239521,863.421875
03200_frog_eye_leaf_spot.jpg,frog_eye_leaf_spot,True,4000,2672,1.4970059880239521,803.142578125
03201_frog_eye_leaf_spot.jpg,frog_eye_leaf_spot,True,4000,2672,1.4970059880239521,818.1904296875
03202_frog_eye_leaf_spot.jpg,frog_eye_leaf_spot,True,4000,2672,1.4970059880239521,837.236328125
03203_frog_eye_leaf_spot.jpg,frog_eye_leaf_spot,True,4000,2672,1.4970059880239521,784.416015625
03204_frog_eye_leaf_spot.jpg,frog_eye_leaf_spot,True,4000,2672,1.4970059880239521,1010.828125
03205_frog_eye_leaf_spot.jpg,frog_eye_leaf_spot,True,4000,2672,1.4970059880239521,801.7734375
03206_frog_eye_leaf_spot.jpg,frog_eye_leaf_spot,True,4000,2672,1.4970059880239521,705.6103515625
03207_frog_eye_leaf_spot.jpg,frog_eye_leaf_spot,True,4000,2672,1.4970059880239521,646.91796875
03208_frog_eye_leaf_spot.jpg,frog_eye_leaf_spot,True,4000,2672,1.4970059880239521,829.529296875
03209_frog_eye_leaf_spot.jpg,frog_eye_leaf_spot,True,4000,2672,1.4970059880239521,930.95703125
03210_frog_eye_leaf_spot.jpg,frog_eye_leaf_spot,True,4000,2672,1.4970059880239521,802.5986328125
03211_frog_eye_leaf_spot.jpg,frog_eye_leaf_spot,True,4000,2672,1.4970059880239521,899.5654296875
03212_frog_eye_leaf_spot.jpg,frog_eye_leaf_spot,True,4000,2672,1.4970059880239521,788.841796875
03213_frog_eye_leaf_spot.jpg,frog_eye_leaf_spot,True,4000,2672,1.4970059880239521,991.7529296875
03214_frog_eye_leaf_spot.jpg,frog_eye_leaf_spot,True,4000,2672,1.4970059880239521,816.388671875
03215_frog_eye_leaf_spot.jpg,frog_eye_leaf_spot,True,4000,2672,1.4970059880239521,853.244140625
03216_frog_eye_leaf_spot.jpg,frog_eye_leaf_spot,True,4000,2672,1.4970059880239521,1111.642578125
03217_frog_eye_leaf_spot.jpg,frog_eye_leaf_spot,True,4000,2672,1.4970059880239521,952.4755859375
03218_frog_eye_leaf_spot.jpg,frog_eye_leaf_spot,True,4000,2672,1.4970059880239521,765.3408203125
03219_frog_eye_leaf_spot.jpg,frog_eye_leaf_spot,True,4000,2672,1.4970059880239521,849.71875
03220_frog_eye_leaf_spot.jpg,frog_eye_leaf_spot,True,4000,2672,1.4970059880239521,732.0888671875
03221_frog_eye_leaf_spot.jpg,frog_eye_leaf_spot,True,4000,2672,1.4970059880239521,857.6259765625
03222_frog_eye_leaf_spot.jpg,frog_eye_leaf_spot,True,4000,2672,1.4970059880239521,862.7822265625
03223_frog_eye_leaf_spot.jpg,frog_eye_leaf_spot,True,4000,2672,1.4970059880239521,918.68359375
03224_frog_eye_leaf_spot.jpg,frog_eye_leaf_spot,True,4000,2672,1.4970059880239521,900.939453125
03225_frog_eye_leaf_spot.jpg,frog_eye_leaf_spot,True,4000,2672,1.4970059880239521,1324.919921875
03226_frog_eye_leaf_spot.jpg,frog_eye_leaf_spot,True,4000,2672,1.4970059880239521,972.3115234375
03227_frog_eye_leaf_spot.jpg,frog_eye_leaf_spot,True,4000,2672,1.4970059880239521,876.279296875
03228_frog_eye_leaf_spot.jpg,frog_eye_leaf_spot,True,4000,2672,1.4970059880239521,759.3369140625
03229_frog_eye_leaf_spot.jpg,frog_eye_leaf_spot,True,4000,2672,1.4970059880239521,737.7412109375
03230_frog_eye_leaf_spot.jpg,frog_eye_leaf_spot,True,4000,2672,1.4970059880239521,651.087890625
03231_frog_eye_leaf_spot.jpg,frog_eye_leaf_spot,True,4000,2672,1.4970059880239521,1108.365234375
03232_frog_eye_leaf_spot.jpg,frog_eye_leaf_spot,True,4000,2672,1.4970059880239521,728.46875
03233_frog_eye_leaf_spot.jpg,frog_eye_leaf_spot,True,4000,2672,1.4970059880239521,751.9150390625
03234_frog_eye_leaf_spot.jpg,frog_eye_leaf_spot,True,4000,2672,1.4970059880239521,765.517578125
03235_frog_eye_leaf_spot.jpg,frog_eye_leaf_spot,True,4000,2672,1.4970059880239521,653.69140625
03236_frog_eye_leaf_spot.jpg,frog_eye_leaf_spot,True,4000,2672,1.4970059880239521,709.8095703125
03237_frog_eye_leaf_spot.jpg,frog_eye_leaf_spot,True,4000,2672,1.4970059880239521,733.8251953125
03238_frog_eye_leaf_spot.jpg,frog_eye_leaf_spot,True,4000,2672,1.4970059880239521,737.4501953125
03239_frog_eye_leaf_spot.jpg,frog_eye_leaf_spot,True,4000,2672,1.4970059880239521,804.67578125
03240_frog_eye_leaf_spot.jpg,frog_eye_leaf_spot,True,4000,2672,1.4970059880239521,866.1865234375
03241_frog_eye_leaf_spot.jpg,frog_eye_leaf_spot,True,4000,2672,1.4970059880239521,757.888671875
03242_frog_eye_leaf_spot.jpg,frog_eye_leaf_spot,True,4000,2672,1.4970059880239521,763.435546875
03243_frog_eye_leaf_spot.jpg,frog_eye_leaf_spot,True,4000,2672,1.4970059880239521,819.1787109375
03244_frog_eye_leaf_spot.jpg,frog_eye_leaf_spot,True,4000,2672,1.4970059880239521,803.6220703125
03245_frog_eye_leaf_spot.jpg,frog_eye_leaf_spot,True,4000,2672,1.4970059880239521,671.2177734375
03246_frog_eye_leaf_spot.jpg,frog_eye_leaf_spot,True,4000,2672,1.4970059880239521,680.236328125
03247_frog_eye_leaf_spot.jpg,frog_eye_leaf_spot,True,4000,2672,1.4970059880239521,878.1005859375
03248_frog_eye_leaf_spot.jpg,frog_eye_leaf_spot,True,4000,2672,1.4970059880239521,808.763671875
03249_frog_eye_leaf_spot.jpg,frog_eye_leaf_spot,True,4000,2672,1.4970059880239521,708.580078125
03250_frog_eye_leaf_spot.jpg,frog_eye_leaf_spot,True,4000,2672,1.4970059880239521,881.20703125
03251_frog_eye_leaf_spot.jpg,frog_eye_leaf_spot,True,4000,2672,1.4970059880239521,783.529296875
03252_frog_eye_leaf_spot.jpg,frog_eye_leaf_spot,True,4000,2672,1.4970059880239521,816.5625
03253_frog_eye_leaf_spot.jpg,frog_eye_leaf_spot,True,4000,2672,1.4970059880239521,1007.2333984375
03254_frog_eye_leaf_spot.jpg,frog_eye_leaf_spot,True,4000,2672,1.4970059880239521,678.46484375
03255_frog_eye_leaf_spot.jpg,frog_eye_leaf_spot,True,4000,2672,1.4970059880239521,784.203125
03256_frog_eye_leaf_spot.jpg,frog_eye_leaf_spot,True,4000,2672,1.4970059880239521,771.8779296875
03257_frog_eye_leaf_spot.jpg,frog_eye_leaf_spot,True,4000,2672,1.4970059880239521,1019.1064453125
03258_frog_eye_leaf_spot.jpg,frog_eye_leaf_spot,True,4000,2672,1.4970059880239521,1113.5146484375
03259_frog_eye_leaf_spot.jpg,frog_eye_leaf_spot,True,4000,2672,1.4970059880239521,974.380859375
03260_frog_eye_leaf_spot.jpg,frog_eye_leaf_spot,True,4000,2672,1.4970059880239521,700.8447265625
03261_frog_eye_leaf_spot.jpg,frog_eye_leaf_spot,True,4000,2672,1.4970059880239521,979.8251953125
03262_frog_eye_leaf_spot.jpg,frog_eye_leaf_spot,True,4000,2672,1.4970059880239521,712.75390625
03263_frog_eye_leaf_spot.jpg,frog_eye_leaf_spot,True,4000,2672,1.4970059880239521,823.56640625
03264_frog_eye_leaf_spot.jpg,frog_eye_leaf_spot,True,4000,2672,1.4970059880239521,864.0302734375
03265_frog_eye_leaf_spot.jpg,frog_eye_leaf_spot,True,4000,2672,1.4970059880239521,678.5341796875
03266_frog_eye_leaf_spot.jpg,frog_eye_leaf_spot,True,4000,2672,1.4970059880239521,917.197265625
03267_frog_eye_leaf_spot.jpg,frog_eye_leaf_spot,True,4000,2672,1.4970059880239521,734.05078125
03268_frog_eye_leaf_spot.jpg,frog_eye_leaf_spot,True,4000,2672,1.4970059880239521,789.498046875
03269_frog_eye_leaf_spot.jpg,frog_eye_leaf_spot,True,4000,2672,1.4970059880239521,868.6015625
03270_frog_eye_leaf_spot.jpg,frog_eye_leaf_spot,True,4000,2672,1.4970059880239521,705.359375
03271_frog_eye_leaf_spot.jpg,frog_eye_leaf_spot,True,4000,2672,1.4970059880239521,767.7578125
03272_frog_eye_leaf_spot.jpg,frog_eye_leaf_spot,True,4000,2672,1.4970059880239521,1001.7138671875
03273_frog_eye_leaf_spot.jpg,frog_eye_leaf_spot,True,4000,2672,1.4970059880239521,779.3662109375
03274_frog_eye_leaf_spot.jpg,frog_eye_leaf_spot,True,4000,2672,1.4970059880239521,820.412109375
03275_frog_eye_leaf_spot.jpg,frog_eye_leaf_spot,True,4000,2672,1.4970059880239521,925.9326171875
03276_frog_eye_leaf_spot.jpg,frog_eye_leaf_spot,True,4000,2672,1.4970059880239521,891.451171875
03277_frog_eye_leaf_spot.jpg,frog_eye_leaf_spot,True,4000,2672,1.4970059880239521,800.5166015625
03278_frog_eye_leaf_spot.jpg,frog_eye_leaf_spot,True,4000,2672,1.4970059880239521,598.8798828125
03279_frog_eye_leaf_spot.jpg,frog_eye_leaf_spot,True,4000,2672,1.4970059880239521,1069.923828125
03280_frog_eye_leaf_spot.jpg,frog_eye_leaf_spot,True,4000,2672,1.4970059880239521,876.3662109375
03281_frog_eye_leaf_spot.jpg,frog_eye_leaf_spot,True,4000,2672,1.4970059880239521,665.23828125
03282_frog_eye_leaf_spot.jpg,frog_eye_leaf_spot,True,4000,2672,1.4970059880239521,839.1845703125
03283_frog_eye_leaf_spot.jpg,frog_eye_leaf_spot,True,4000,2672,1.4970059880239521,782.0107421875
03284_frog_eye_leaf_spot.jpg,frog_eye_leaf_spot,True,4000,2672,1.4970059880239521,1155.6171875
03285_frog_eye_leaf_spot.jpg,frog_eye_leaf_spot,True,4000,2672,1.4970059880239521,724.04296875
03286_frog_eye_leaf_spot.jpg,frog_eye_leaf_spot,True,4000,2672,1.4970059880239521,770.1318359375
03287_frog_eye_leaf_spot.jpg,frog_eye_leaf_spot,True,4000,2672,1.4970059880239521,597.970703125
03288_frog_eye_leaf_spot.jpg,frog_eye_leaf_spot,True,4000,2672,1.4970059880239521,630.603515625
03289_frog_eye_leaf_spot.jpg,frog_eye_leaf_spot,True,4000,2672,1.4970059880239521,965.9501953125
03290_frog_eye_leaf_spot.jpg,frog_eye_leaf_spot,True,4000,2672,1.4970059880239521,764.865234375
03291_frog_eye_leaf_spot.jpg,frog_eye_leaf_spot,True,4000,2672,1.4970059880239521,761.2412109375
03292_frog_eye_leaf_spot.jpg,frog_eye_leaf_spot,True,4000,2672,1.4970059880239521,638.48828125
03293_frog_eye_leaf_spot.jpg,frog_eye_leaf_spot,True,4000,2672,1.4970059880239521,996.65234375
03294_frog_eye_leaf_spot.jpg,frog_eye_leaf_spot,True,4000,2672,1.4970059880239521,734.9814453125
03295_frog_eye_leaf_spot.jpg,frog_eye_leaf_spot,True,4000,2672,1.4970059880239521,856.9921875
03296_frog_eye_leaf_spot.jpg,frog_eye_leaf_spot,True,4000,2672,1.4970059880239521,859.134765625
03297_frog_eye_leaf_spot.jpg,frog_eye_leaf_spot,True,4000,2672,1.4970059880239521,695.875
03298_frog_eye_leaf_spot.jpg,frog_eye_leaf_spot,True,4000,2672,1.4970059880239521,782.27734375
03299_frog_eye_leaf_spot.jpg,frog_eye_leaf_spot,True,4000,2672,1.4970059880239521,990.9697265625
03300_frog_eye_leaf_spot.jpg,frog_eye_leaf_spot,True,4000,2672,1.4970059880239521,983.8369140625
03301_frog_eye_leaf_spot.jpg,frog_eye_leaf_spot,True,4000,2672,1.4970059880239521,870.94921875
03302_frog_eye_leaf_spot.jpg,frog_eye_leaf_spot,True,4000,2672,1.4970059880239521,712.5986328125
03303_frog_eye_leaf_spot.jpg,frog_eye_leaf_spot,True,4000,2672,1.4970059880239521,861.361328125
03304_frog_eye_leaf_spot.jpg,frog_eye_leaf_spot,True,4000,2672,1.4970059880239521,945.2998046875
03305_frog_eye_leaf_spot.jpg,frog_eye_leaf_spot,True,4000,2672,1.4970059880239521,550.5732421875
03306_frog_eye_leaf_spot.jpg,frog_eye_leaf_spot,True,4000,2672,1.4970059880239521,704.2001953125
03307_frog_eye_leaf_spot.jpg,frog_eye_leaf_spot,True,4000,2672,1.4970059880239521,625.623046875
03308_frog_eye_leaf_spot.jpg,frog_eye_leaf_spot,True,4000,2672,1.4970059880239521,795.26953125
03309_frog_eye_leaf_spot.jpg,frog_eye_leaf_spot,True,4000,2672,1.4970059880239521,876.810546875
03310_frog_eye_leaf_spot.jpg,frog_eye_leaf_spot,True,4000,2672,1.4970059880239521,944.5966796875
03311_frog_eye_leaf_spot.jpg,frog_eye_leaf_spot,True,4000,2672,1.4970059880239521,821.8642578125
03312_frog_eye_leaf_spot.jpg,frog_eye_leaf_spot,True,4000,2672,1.4970059880239521,675.0185546875
03313_frog_eye_leaf_spot.jpg,frog_eye_leaf_spot,True,4000,2672,1.4970059880239521,1049.076171875
03314_frog_eye_leaf_spot.jpg,frog_eye_leaf_spot,True,4000,2672,1.4970059880239521,649.884765625
03315_frog_eye_leaf_spot.jpg,frog_eye_leaf_spot,True,4000,2672,1.4970059880239521,705.9423828125
03316_frog_eye_leaf_spot.jpg,frog_eye_leaf_spot,True,4000,2672,1.4970059880239521,580.619140625
03317_frog_eye_leaf_spot.jpg,frog_eye_leaf_spot,True,4000,2672,1.4970059880239521,921.654296875
03318_frog_eye_leaf_spot.jpg,frog_eye_leaf_spot,True,4000,2672,1.4970059880239521,804.138671875
03319_frog_eye_leaf_spot.jpg,frog_eye_leaf_spot,True,4000,2672,1.4970059880239521,810.59375
03320_frog_eye_leaf_spot.jpg,frog_eye_leaf_spot,True,4000,2672,1.4970059880239521,806.830078125
03321_frog_eye_leaf_spot.jpg,frog_eye_leaf_spot,True,4000,2672,1.4970059880239521,816.697265625
03322_frog_eye_leaf_spot.jpg,frog_eye_leaf_spot,True,4000,2672,1.4970059880239521,749.6484375
03323_frog_eye_leaf_spot.jpg,frog_eye_leaf_spot,True,4000,2672,1.4970059880239521,942.6650390625
03324_frog_eye_leaf_spot.jpg,frog_eye_leaf_spot,True,4000,2672,1.4970059880239521,567.0380859375
03325_frog_eye_leaf_spot.jpg,frog_eye_leaf_spot,True,4000,2672,1.4970059880239521,977.3662109375
03326_frog_eye_leaf_spot.jpg,frog_eye_leaf_spot,True,4000,2672,1.4970059880239521,1024.1220703125
03327_frog_eye_leaf_spot.jpg,frog_eye_leaf_spot,True,4000,2672,1.4970059880239521,680.6376953125
03328_frog_eye_leaf_spot.jpg,frog_eye_leaf_spot,True,4000,2672,1.4970059880239521,937.630859375
03329_frog_eye_leaf_spot.jpg,frog_eye_leaf_spot,True,4000,2672,1.4970059880239521,759.0556640625
03330_frog_eye_leaf_spot.jpg,frog_eye_leaf_spot,True,4000,2672,1.4970059880239521,740.2294921875
03331_frog_eye_leaf_spot.jpg,frog_eye_leaf_spot,True,4000,2672,1.4970059880239521,772.0048828125
03332_frog_eye_leaf_spot.jpg,frog_eye_leaf_spot,True,4000,2672,1.4970059880239521,856.818359375
03333_frog_eye_leaf_spot.jpg,frog_eye_leaf_spot,True,4000,2672,1.4970059880239521,711.3662109375
03334_frog_eye_leaf_spot.jpg,frog_eye_leaf_spot,True,4000,2672,1.4970059880239521,898.3828125
03335_frog_eye_leaf_spot.jpg,frog_eye_leaf_spot,True,4000,2672,1.4970059880239521,896.322265625
03336_frog_eye_leaf_spot.jpg,frog_eye_leaf_spot,True,4000,2672,1.4970059880239521,855.056640625
03337_frog_eye_leaf_spot.jpg,frog_eye_leaf_spot,True,4000,2672,1.4970059880239521,1106.3203125
03338_frog_eye_leaf_spot.jpg,frog_eye_leaf_spot,True,4000,2672,1.4970059880239521,870.7568359375
03339_frog_eye_leaf_spot.jpg,frog_eye_leaf_spot,True,4000,2672,1.4970059880239521,959.65234375
03340_frog_eye_leaf_spot.jpg,frog_eye_leaf_spot,True,4000,2672,1.4970059880239521,936.357421875
03341_frog_eye_leaf_spot.jpg,frog_eye_leaf_spot,True,4000,2672,1.4970059880239521,865.92578125
03342_frog_eye_leaf_spot.jpg,frog_eye_leaf_spot,True,4000,2672,1.4970059880239521,882.8759765625
03343_frog_eye_leaf_spot.jpg,frog_eye_leaf_spot,True,4000,2672,1.4970059880239521,834.6337890625
03344_frog_eye_leaf_spot.jpg,frog_eye_leaf_spot,True,4000,2672,1.4970059880239521,766.9345703125
03345_frog_eye_leaf_spot.jpg,frog_eye_leaf_spot,True,4000,2672,1.4970059880239521,875.6689453125
03346_frog_eye_leaf_spot.jpg,frog_eye_leaf_spot,True,4000,2672,1.4970059880239521,838.5185546875
03347_frog_eye_leaf_spot.jpg,frog_eye_leaf_spot,True,4000,2672,1.4970059880239521,789.26171875
03348_frog_eye_leaf_spot.jpg,frog_eye_leaf_spot,True,4000,2672,1.4970059880239521,796.384765625
03349_frog_eye_leaf_spot.jpg,frog_eye_leaf_spot,True,4000,2672,1.4970059880239521,1037.32421875
03350_frog_eye_leaf_spot.jpg,frog_eye_leaf_spot,True,4000,2672,1.4970059880239521,1231.3603515625
03351_frog_eye_leaf_spot.jpg,frog_eye_leaf_spot,True,4000,2672,1.4970059880239521,692.2900390625
03352_frog_eye_leaf_spot.jpg,frog_eye_leaf_spot,True,4000,2672,1.4970059880239521,906.888671875
03353_frog_eye_leaf_spot.jpg,frog_eye_leaf_spot,True,4000,2672,1.4970059880239521,928.384765625
03354_frog_eye_leaf_spot.jpg,frog_eye_leaf_spot,True,4000,2672,1.4970059880239521,698.986328125
03355_frog_eye_leaf_spot.jpg,frog_eye_leaf_spot,True,4000,2672,1.4970059880239521,782.3828125
03356_frog_eye_leaf_spot.jpg,frog_eye_leaf_spot,True,4000,2672,1.4970059880239521,713.1767578125
03357_frog_eye_leaf_spot.jpg,frog_eye_leaf_spot,True,4000,2672,1.4970059880239521,717.7236328125
03358_frog_eye_leaf_spot.jpg,frog_eye_leaf_spot,True,4000,2672,1.4970059880239521,949.5361328125
03359_frog_eye_leaf_spot.jpg,frog_eye_leaf_spot,True,4000,2672,1.4970059880239521,876.083984375
03360_frog_eye_leaf_spot.jpg,frog_eye_leaf_spot,True,4000,2672,1.4970059880239521,870.845703125
03361_frog_eye_leaf_spot.jpg,frog_eye_leaf_spot,True,4000,2672,1.4970059880239521,1083.62109375
03362_frog_eye_leaf_spot.jpg,frog_eye_leaf_spot,True,4000,2672,1.4970059880239521,717.9365234375
03363_frog_eye_leaf_spot.jpg,frog_eye_leaf_spot,True,4000,2672,1.4970059880239521,813.2021484375
03364_frog_eye_leaf_spot.jpg,frog_eye_leaf_spot,True,4000,2672,1.4970059880239521,951.919921875
03365_frog_eye_leaf_spot.jpg,frog_eye_leaf_spot,True,4000,2672,1.4970059880239521,1121.1533203125
03366_frog_eye_leaf_spot.jpg,frog_eye_leaf_spot,True,4000,2672,1.4970059880239521,944.3955078125
03367_frog_eye_leaf_spot.jpg,frog_eye_leaf_spot,True,4000,2672,1.4970059880239521,785.2900390625
03368_frog_eye_leaf_spot.jpg,frog_eye_leaf_spot,True,4000,2672,1.4970059880239521,682.224609375
03369_frog_eye_leaf_spot.jpg,frog_eye_leaf_spot,True,4000,2672,1.4970059880239521,903.5146484375
03370_frog_eye_leaf_spot.jpg,frog_eye_leaf_spot,True,4000,2672,1.4970059880239521,991.3193359375
03371_frog_eye_leaf_spot.jpg,frog_eye_leaf_spot,True,4000,2672,1.4970059880239521,566.904296875
03372_frog_eye_leaf_spot.jpg,frog_eye_leaf_spot,True,4000,2672,1.4970059880239521,805.74609375
03373_frog_eye_leaf_spot.jpg,frog_eye_leaf_spot,True,4000,2672,1.4970059880239521,1030.9365234375
03374_frog_eye_leaf_spot.jpg,frog_eye_leaf_spot,True,4000,2672,1.4970059880239521,874.39453125
03375_frog_eye_leaf_spot.jpg,frog_eye_leaf_spot,True,4000,2672,1.4970059880239521,750.7900390625
03376_frog_eye_leaf_spot.jpg,frog_eye_leaf_spot,True,4000,2672,1.4970059880239521,807.810546875
03377_frog_eye_leaf_spot.jpg,frog_eye_leaf_spot,True,4000,2672,1.4970059880239521,1117.572265625
03378_frog_eye_leaf_spot.jpg,frog_eye_leaf_spot,True,4000,2672,1.4970059880239521,906.6474609375
03379_frog_eye_leaf_spot.jpg,frog_eye_leaf_spot,True,4000,2672,1.4970059880239521,701.1376953125
03380_frog_eye_leaf_spot.jpg,frog_eye_leaf_spot,True,4000,2672,1.4970059880239521,867.1669921875
03381_frog_eye_leaf_spot.jpg,frog_eye_leaf_spot,True,4000,2672,1.4970059880239521,946.0458984375
03382_frog_eye_leaf_spot.jpg,frog_eye_leaf_spot,True,4000,2672,1.4970059880239521,869.6240234375
03383_frog_eye_leaf_spot.jpg,frog_eye_leaf_spot,True,4000,2672,1.4970059880239521,793.599609375
03384_frog_eye_leaf_spot.jpg,frog_eye_leaf_spot,True,4000,2672,1.4970059880239521,695.7763671875
03385_frog_eye_leaf_spot.jpg,frog_eye_leaf_spot,True,4000,2672,1.4970059880239521,901.3955078125
03386_frog_eye_leaf_spot.jpg,frog_eye_leaf_spot,True,4000,2672,1.4970059880239521,985.33984375
03387_frog_eye_leaf_spot.jpg,frog_eye_leaf_spot,True,4000,2672,1.4970059880239521,865.7490234375
03388_frog_eye_leaf_spot.jpg,frog_eye_leaf_spot,True,4000,2672,1.4970059880239521,945.2900390625
03389_frog_eye_leaf_spot.jpg,frog_eye_leaf_spot,True,4000,2672,1.4970059880239521,739.7958984375
03390_frog_eye_leaf_spot.jpg,frog_eye_leaf_spot,True,4000,2672,1.4970059880239521,900.09765625
03391_frog_eye_leaf_spot.jpg,frog_eye_leaf_spot,True,4000,2672,1.4970059880239521,815.353515625
03392_frog_eye_leaf_spot.jpg,frog_eye_leaf_spot,True,4000,2672,1.4970059880239521,765.3271484375
03393_frog_eye_leaf_spot.jpg,frog_eye_leaf_spot,True,4000,2672,1.4970059880239521,853.734375
03394_frog_eye_leaf_spot.jpg,frog_eye_leaf_spot,True,4000,2672,1.4970059880239521,661.6533203125
03395_frog_eye_leaf_spot.jpg,frog_eye_leaf_spot,True,4000,2672,1.4970059880239521,726.048828125
03396_frog_eye_leaf_spot.jpg,frog_eye_leaf_spot,True,4000,2672,1.4970059880239521,776.7119140625
03397_frog_eye_leaf_spot.jpg,frog_eye_leaf_spot,True,4000,2672,1.4970059880239521,942.93359375
03398_frog_eye_leaf_spot.jpg,frog_eye_leaf_spot,True,4000,2672,1.4970059880239521,995.6865234375
03399_frog_eye_leaf_spot.jpg,frog_eye_leaf_spot,True,4000,2672,1.4970059880239521,981.44921875
03400_frog_eye_leaf_spot.jpg,frog_eye_leaf_spot,True,4000,2672,1.4970059880239521,1082.892578125
03401_frog_eye_leaf_spot.jpg,frog_eye_leaf_spot,True,4000,2672,1.4970059880239521,908.876953125
03402_frog_eye_leaf_spot.jpg,frog_eye_leaf_spot,True,4000,2672,1.4970059880239521,654.3994140625
03403_frog_eye_leaf_spot.jpg,frog_eye_leaf_spot,True,4000,2672,1.4970059880239521,718.29296875
03404_frog_eye_leaf_spot.jpg,frog_eye_leaf_spot,True,4000,2672,1.4970059880239521,941.232421875
03405_frog_eye_leaf_spot.jpg,frog_eye_leaf_spot,True,4000,2672,1.4970059880239521,804.2666015625
03406_frog_eye_leaf_spot.jpg,frog_eye_leaf_spot,True,4000,2672,1.4970059880239521,809.34765625
03407_frog_eye_leaf_spot.jpg,frog_eye_leaf_spot,True,4000,2672,1.4970059880239521,823.8603515625
03408_frog_eye_leaf_spot.jpg,frog_eye_leaf_spot,True,4000,2672,1.4970059880239521,984.6650390625
03409_frog_eye_leaf_spot.jpg,frog_eye_leaf_spot,True,4000,2672,1.4970059880239521,991.96875
03410_frog_eye_leaf_spot.jpg,frog_eye_leaf_spot,True,4000,2672,1.4970059880239521,783.0634765625
03411_frog_eye_leaf_spot.jpg,frog_eye_leaf_spot,True,4000,2672,1.4970059880239521,662.123046875
03412_frog_eye_leaf_spot.jpg,frog_eye_leaf_spot,True,4000,2672,1.4970059880239521,756.0556640625
03413_frog_eye_leaf_spot.jpg,frog_eye_leaf_spot,True,4000,2672,1.4970059880239521,736.306640625
03414_frog_eye_leaf_spot.jpg,frog_eye_leaf_spot,True,4000,2672,1.4970059880239521,983.8251953125
03415_frog_eye_leaf_spot.jpg,frog_eye_leaf_spot,True,4000,2672,1.4970059880239521,933.126953125
03416_frog_eye_leaf_spot.jpg,frog_eye_leaf_spot,True,4000,2672,1.4970059880239521,794.2255859375
03417_frog_eye_leaf_spot.jpg,frog_eye_leaf_spot,True,4000,2672,1.4970059880239521,927.279296875
03418_frog_eye_leaf_spot.jpg,frog_eye_leaf_spot,True,4000,2672,1.4970059880239521,795.048828125
03419_frog_eye_leaf_spot.jpg,frog_eye_leaf_spot,True,4000,2672,1.4970059880239521,948.5146484375
03420_frog_eye_leaf_spot.jpg,frog_eye_leaf_spot,True,4000,2672,1.4970059880239521,876.9140625
03421_frog_eye_leaf_spot.jpg,frog_eye_leaf_spot,True,4000,2672,1.4970059880239521,819.6318359375
03422_frog_eye_leaf_spot.jpg,frog_eye_leaf_spot,True,4000,2672,1.4970059880239521,864.0537109375
03423_frog_eye_leaf_spot.jpg,frog_eye_leaf_spot,True,4000,2672,1.4970059880239521,642.6181640625
03424_frog_eye_leaf_spot.jpg,frog_eye_leaf_spot,True,4000,2672,1.4970059880239521,780.345703125
03425_frog_eye_leaf_spot.jpg,frog_eye_leaf_spot,True,4000,2672,1.4970059880239521,956.9716796875
03426_frog_eye_leaf_spot.jpg,frog_eye_leaf_spot,True,4000,2672,1.4970059880239521,762.4833984375
03427_frog_eye_leaf_spot.jpg,frog_eye_leaf_spot,True,4000,2672,1.4970059880239521,1070.3486328125
03428_frog_eye_leaf_spot.jpg,frog_eye_leaf_spot,True,4000,2672,1.4970059880239521,802.5615234375
03429_frog_eye_leaf_spot.jpg,frog_eye_leaf_spot,True,4000,2672,1.4970059880239521,945.7412109375
03430_frog_eye_leaf_spot.jpg,frog_eye_leaf_spot,True,4000,2672,1.4970059880239521,802.9208984375
03431_frog_eye_leaf_spot.jpg,frog_eye_leaf_spot,True,4000,2672,1.4970059880239521,1063.8291015625
03432_frog_eye_leaf_spot.jpg,frog_eye_leaf_spot,True,4000,2672,1.4970059880239521,811.5283203125
03433_frog_eye_leaf_spot.jpg,frog_eye_leaf_spot,True,4000,2672,1.4970059880239521,703.8818359375
03434_frog_eye_leaf_spot.jpg,frog_eye_leaf_spot,True,4000,2672,1.4970059880239521,894.8818359375
03435_frog_eye_leaf_spot.jpg,frog_eye_leaf_spot,True,4000,2672,1.4970059880239521,806.82421875
03436_frog_eye_leaf_spot.jpg,frog_eye_leaf_spot,True,4000,2672,1.4970059880239521,802.4326171875
03437_frog_eye_leaf_spot.jpg,frog_eye_leaf_spot,True,4000,2672,1.4970059880239521,1032.97265625
03438_frog_eye_leaf_spot.jpg,frog_eye_leaf_spot,True,4000,2672,1.4970059880239521,785.7373046875
03439_frog_eye_leaf_spot.jpg,frog_eye_leaf_spot,True,4000,2672,1.4970059880239521,715.7998046875
03440_frog_eye_leaf_spot.jpg,frog_eye_leaf_spot,True,4000,2672,1.4970059880239521,778.6279296875
03441_frog_eye_leaf_spot.jpg,frog_eye_leaf_spot,True,4000,2672,1.4970059880239521,891.0595703125
03442_frog_eye_leaf_spot.jpg,frog_eye_leaf_spot,True,4000,2672,1.4970059880239521,802.115234375
03443_frog_eye_leaf_spot.jpg,frog_eye_leaf_spot,True,4000,2672,1.4970059880239521,808.462890625
03444_frog_eye_leaf_spot.jpg,frog_eye_leaf_spot,True,4000,2672,1.4970059880239521,1058.5322265625
03445_frog_eye_leaf_spot.jpg,frog_eye_leaf_spot,True,4000,2672,1.4970059880239521,662.384765625
03446_frog_eye_leaf_spot.jpg,frog_eye_leaf_spot,True,4000,2672,1.4970059880239521,873.962890625
03447_frog_eye_leaf_spot.jpg,frog_eye_leaf_spot,True,4000,2672,1.4970059880239521,794.546875
03448_frog_eye_leaf_spot.jpg,frog_eye_leaf_spot,True,4000,2672,1.4970059880239521,899.033203125
03449_frog_eye_leaf_spot.jpg,frog_eye_leaf_spot,True,4000,2672,1.4970059880239521,586.6259765625
03450_frog_eye_leaf_spot.jpg,frog_eye_leaf_spot,True,4000,2672,1.4970059880239521,883.1396484375
03451_frog_eye_leaf_spot.jpg,frog_eye_leaf_spot,True,4000,2672,1.4970059880239521,767.9306640625
03452_frog_eye_leaf_spot.jpg,frog_eye_leaf_spot,True,4000,2672,1.4970059880239521,732.7998046875
03453_frog_eye_leaf_spot.jpg,frog_eye_leaf_spot,True,4000,2672,1.4970059880239521,765.49609375
03454_frog_eye_leaf_spot.jpg,frog_eye_leaf_spot,True,4000,2672,1.4970059880239521,949.9951171875
03455_frog_eye_leaf_spot.jpg,frog_eye_leaf_spot,True,4000,2672,1.4970059880239521,707.3046875
03456_frog_eye_leaf_spot.jpg,frog_eye_leaf_spot,True,2592,1728,1.5,291.0302734375
03457_frog_eye_leaf_spot.jpg,frog_eye_leaf_spot,True,4000,2672,1.4970059880239521,1073.708984375
03458_frog_eye_leaf_spot.jpg,frog_eye_leaf_spot,True,4000,2672,1.4970059880239521,971.1826171875
03459_frog_eye_leaf_spot.jpg,frog_eye_leaf_spot,True,4000,2672,1.4970059880239521,882.0380859375
03460_frog_eye_leaf_spot.jpg,frog_eye_leaf_spot,True,4000,2672,1.4970059880239521,915.314453125
03461_frog_eye_leaf_spot.jpg,frog_eye_leaf_spot,True,4000,2672,1.4970059880239521,751.556640625
03462_frog_eye_leaf_spot.jpg,frog_eye_leaf_spot,True,4000,2672,1.4970059880239521,603.4794921875
03463_frog_eye_leaf_spot.jpg,frog_eye_leaf_spot,True,4000,2672,1.4970059880239521,888.478515625
03464_frog_eye_leaf_spot.jpg,frog_eye_leaf_spot,True,4000,2672,1.4970059880239521,819.1162109375
03465_frog_eye_leaf_spot.jpg,frog_eye_leaf_spot,True,4000,2672,1.4970059880239521,804.99609375
03466_frog_eye_leaf_spot.jpg,frog_eye_leaf_spot,True,4000,2672,1.4970059880239521,959.4677734375
03467_frog_eye_leaf_spot.jpg,frog_eye_leaf_spot,True,4000,2672,1.4970059880239521,852.935546875
03468_frog_eye_leaf_spot.jpg,frog_eye_leaf_spot,True,4000,2672,1.4970059880239521,985.6630859375
03469_frog_eye_leaf_spot.jpg,frog_eye_leaf_spot,True,4000,2672,1.4970059880239521,979.1826171875
03470_frog_eye_leaf_spot.jpg,frog_eye_leaf_spot,True,4000,2672,1.4970059880239521,827.9580078125
03471_frog_eye_leaf_spot.jpg,frog_eye_leaf_spot,True,4000,2672,1.4970059880239521,1001.796875
03472_frog_eye_leaf_spot.jpg,frog_eye_leaf_spot,True,4000,2672,1.4970059880239521,759.5244140625
03473_frog_eye_leaf_spot.jpg,frog_eye_leaf_spot,True,4000,2672,1.4970059880239521,883.876953125
03474_frog_eye_leaf_spot.jpg,frog_eye_leaf_spot,True,4000,2672,1.4970059880239521,631.779296875
03475_frog_eye_leaf_spot.jpg,frog_eye_leaf_spot,True,4000,2672,1.4970059880239521,879.7841796875
03476_frog_eye_leaf_spot.jpg,frog_eye_leaf_spot,True,4000,2672,1.4970059880239521,962.8681640625
03477_frog_eye_leaf_spot.jpg,frog_eye_leaf_spot,True,4000,2672,1.4970059880239521,653.7548828125
03478_frog_eye_leaf_spot.jpg,frog_eye_leaf_spot,True,4000,2672,1.4970059880239521,749.3720703125
03479_frog_eye_leaf_spot.jpg,frog_eye_leaf_spot,True,4000,2672,1.4970059880239521,785.0888671875
03480_frog_eye_leaf_spot.jpg,frog_eye_leaf_spot,True,4000,2672,1.4970059880239521,754.1142578125
03481_frog_eye_leaf_spot.jpg,frog_eye_leaf_spot,True,4000,2672,1.4970059880239521,705.7109375
03482_frog_eye_leaf_spot.jpg,frog_eye_leaf_spot,True,4000,2672,1.4970059880239521,881.7421875
03483_frog_eye_leaf_spot.jpg,frog_eye_leaf_spot,True,4000,2672,1.4970059880239521,679.0908203125
03484_frog_eye_leaf_spot.jpg,frog_eye_leaf_spot,True,4000,2672,1.4970059880239521,691.6005859375
03485_frog_eye_leaf_spot.jpg,frog_eye_leaf_spot,True,4000,2672,1.4970059880239521,765.853515625
03486_frog_eye_leaf_spot.jpg,frog_eye_leaf_spot,True,4000,2672,1.4970059880239521,821.494140625
03487_frog_eye_leaf_spot.jpg,frog_eye_leaf_spot,True,4000,2672,1.4970059880239521,867.783203125
03488_frog_eye_leaf_spot.jpg,frog_eye_leaf_spot,True,4000,2672,1.4970059880239521,858.0517578125
03489_frog_eye_leaf_spot.jpg,frog_eye_leaf_spot,True,4000,2672,1.4970059880239521,700.9189453125
03490_frog_eye_leaf_spot.jpg,frog_eye_leaf_spot,True,4000,2672,1.4970059880239521,560.138671875
03491_frog_eye_leaf_spot.jpg,frog_eye_leaf_spot,True,4000,2672,1.4970059880239521,739.5068359375
03492_frog_eye_leaf_spot.jpg,frog_eye_leaf_spot,True,4000,2672,1.4970059880239521,811.5263671875
03493_frog_eye_leaf_spot.jpg,frog_eye_leaf_spot,True,4000,2672,1.4970059880239521,1019.138671875
03494_frog_eye_leaf_spot.jpg,frog_eye_leaf_spot,True,4000,2672,1.4970059880239521,805.8681640625
03495_frog_eye_leaf_spot.jpg,frog_eye_leaf_spot,True,4000,2672,1.4970059880239521,951.984375
03496_frog_eye_leaf_spot.jpg,frog_eye_leaf_spot,True,4000,2672,1.4970059880239521,730.5390625
03497_frog_eye_leaf_spot.jpg,frog_eye_leaf_spot,True,4000,2672,1.4970059880239521,772.2548828125
03498_frog_eye_leaf_spot.jpg,frog_eye_leaf_spot,True,4000,2672,1.4970059880239521,1065.7421875
03499_frog_eye_leaf_spot.jpg,frog_eye_leaf_spot,True,4000,2672,1.4970059880239521,965.7705078125
03500_frog_eye_leaf_spot.jpg,frog_eye_leaf_spot,True,4000,2672,1.4970059880239521,789.2529296875
03501_frog_eye_leaf_spot.jpg,frog_eye_leaf_spot,True,4000,2672,1.4970059880239521,1001.0888671875
03502_frog_eye_leaf_spot.jpg,frog_eye_leaf_spot,True,4000,2672,1.4970059880239521,1036.8583984375
03503_frog_eye_leaf_spot.jpg,frog_eye_leaf_spot,True,4000,2672,1.4970059880239521,808.94140625
03504_frog_eye_leaf_spot.jpg,frog_eye_leaf_spot,True,4000,2672,1.4970059880239521,516.94921875
03505_frog_eye_leaf_spot.jpg,frog_eye_leaf_spot,True,4000,2672,1.4970059880239521,713.380859375
03506_frog_eye_leaf_spot.jpg,frog_eye_leaf_spot,True,4000,2672,1.4970059880239521,876.3896484375
03507_frog_eye_leaf_spot.jpg,frog_eye_leaf_spot,True,4000,2672,1.4970059880239521,685.95703125
03508_frog_eye_leaf_spot.jpg,frog_eye_leaf_spot,True,4000,2672,1.4970059880239521,929.291015625
03509_frog_eye_leaf_spot.jpg,frog_eye_leaf_spot,True,4000,2672,1.4970059880239521,780.771484375
03510_frog_eye_leaf_spot.jpg,frog_eye_leaf_spot,True,4000,2672,1.4970059880239521,745.2353515625
03511_frog_eye_leaf_spot.jpg,frog_eye_leaf_spot,True,4000,2672,1.4970059880239521,876.8828125
03512_frog_eye_leaf_spot.jpg,frog_eye_leaf_spot,True,4000,2672,1.4970059880239521,971.1943359375
03513_frog_eye_leaf_spot.jpg,frog_eye_leaf_spot,True,4000,2672,1.4970059880239521,814.27734375
03514_frog_eye_leaf_spot.jpg,frog_eye_leaf_spot,True,4000,2672,1.4970059880239521,999.8896484375
03515_frog_eye_leaf_spot.jpg,frog_eye_leaf_spot,True,4000,2672,1.4970059880239521,830.484375
03516_frog_eye_leaf_spot.jpg,frog_eye_leaf_spot,True,4000,2672,1.4970059880239521,995.4248046875
03517_frog_eye_leaf_spot.jpg,frog_eye_leaf_spot,True,4000,2672,1.4970059880239521,1021.1708984375
03518_frog_eye_leaf_spot.jpg,frog_eye_leaf_spot,True,4000,2672,1.4970059880239521,621.0087890625
03519_frog_eye_leaf_spot.jpg,frog_eye_leaf_spot,True,4000,2672,1.4970059880239521,739.4462890625
03520_frog_eye_leaf_spot.jpg,frog_eye_leaf_spot,True,4000,2672,1.4970059880239521,1031.203125
03521_frog_eye_leaf_spot.jpg,frog_eye_leaf_spot,True,4000,2672,1.4970059880239521,856.560546875
03522_frog_eye_leaf_spot.jpg,frog_eye_leaf_spot,True,4000,2672,1.4970059880239521,948.837890625
03523_frog_eye_leaf_spot.jpg,frog_eye_leaf_spot,True,4000,2672,1.4970059880239521,646.763671875
03524_frog_eye_leaf_spot.jpg,frog_eye_leaf_spot,True,4000,2672,1.4970059880239521,809.4052734375
03525_frog_eye_leaf_spot.jpg,frog_eye_leaf_spot,True,4000,2672,1.4970059880239521,1035.0771484375
03526_frog_eye_leaf_spot.jpg,frog_eye_leaf_spot,True,4000,2672,1.4970059880239521,819.03125
03527_frog_eye_leaf_spot.jpg,frog_eye_leaf_spot,True,4000,2672,1.4970059880239521,961.7607421875
03528_frog_eye_leaf_spot.jpg,frog_eye_leaf_spot,True,4000,2672,1.4970059880239521,797.3583984375
03529_frog_eye_leaf_spot.jpg,frog_eye_leaf_spot,True,4000,2672,1.4970059880239521,888.224609375
03530_frog_eye_leaf_spot.jpg,frog_eye_leaf_spot,True,4000,2672,1.4970059880239521,921.8720703125
03531_frog_eye_leaf_spot.jpg,frog_eye_leaf_spot,True,2592,1728,1.5,299.2060546875
03532_frog_eye_leaf_spot.jpg,frog_eye_leaf_spot,True,4000,2672,1.4970059880239521,766.1435546875
03533_frog_eye_leaf_spot.jpg,frog_eye_leaf_spot,True,4000,2672,1.4970059880239521,896.328125
03534_frog_eye_leaf_spot.jpg,frog_eye_leaf_spot,True,4000,2672,1.4970059880239521,806.9736328125
03535_frog_eye_leaf_spot.jpg,frog_eye_leaf_spot,True,4000,3000,1.3333333333333333,1028.2412109375
03536_frog_eye_leaf_spot.jpg,frog_eye_leaf_spot,True,4000,2672,1.4970059880239521,971.34765625
03537_frog_eye_leaf_spot.jpg,frog_eye_leaf_spot,True,4000,2672,1.4970059880239521,1016.6103515625
03538_frog_eye_leaf_spot.jpg,frog_eye_leaf_spot,True,4000,2672,1.4970059880239521,728.0
03539_frog_eye_leaf_spot.jpg,frog_eye_leaf_spot,True,4000,2672,1.4970059880239521,915.8388671875
03540_frog_eye_leaf_spot.jpg,frog_eye_leaf_spot,True,4000,2672,1.4970059880239521,631.134765625
03541_frog_eye_leaf_spot.jpg,frog_eye_leaf_spot,True,4000,2672,1.4970059880239521,681.6650390625
03542_frog_eye_leaf_spot.jpg,frog_eye_leaf_spot,True,4000,2672,1.4970059880239521,920.4345703125
03543_frog_eye_leaf_spot.jpg,frog_eye_leaf_spot,True,4000,2672,1.4970059880239521,786.23046875
03544_frog_eye_leaf_spot.jpg,frog_eye_leaf_spot,True,4000,2672,1.4970059880239521,659.927734375
03545_frog_eye_leaf_spot.jpg,frog_eye_leaf_spot,True,4000,2672,1.4970059880239521,1239.3505859375
03546_frog_eye_leaf_spot.jpg,frog_eye_leaf_spot,True,4000,2672,1.4970059880239521,731.62109375
03547_frog_eye_leaf_spot.jpg,frog_eye_leaf_spot,True,4000,2672,1.4970059880239521,1036.43359375
03548_frog_eye_leaf_spot.jpg,frog_eye_leaf_spot,True,4000,2672,1.4970059880239521,937.1015625
03549_frog_eye_leaf_spot.jpg,frog_eye_leaf_spot,True,4000,2672,1.4970059880239521,1035.3583984375
03550_frog_eye_leaf_spot.jpg,frog_eye_leaf_spot,True,4000,2672,1.4970059880239521,739.470703125
03551_frog_eye_leaf_spot.jpg,frog_eye_leaf_spot,True,4000,2672,1.4970059880239521,825.7509765625
03552_frog_eye_leaf_spot.jpg,frog_eye_leaf_spot,True,4000,2672,1.4970059880239521,882.146484375
03553_frog_eye_leaf_spot.jpg,frog_eye_leaf_spot,True,4000,2672,1.4970059880239521,966.4462890625
03554_frog_eye_leaf_spot.jpg,frog_eye_leaf_spot,True,4000,2672,1.4970059880239521,445.4716796875
03555_frog_eye_leaf_spot.jpg,frog_eye_leaf_spot,True,4000,2672,1.4970059880239521,724.5556640625
03556_frog_eye_leaf_spot.jpg,frog_eye_leaf_spot,True,4000,2672,1.4970059880239521,707.37890625
03557_frog_eye_leaf_spot.jpg,frog_eye_leaf_spot,True,4000,2672,1.4970059880239521,808.0234375
03558_frog_eye_leaf_spot.jpg,frog_eye_leaf_spot,True,4000,2672,1.4970059880239521,987.2568359375
03559_frog_eye_leaf_spot.jpg,frog_eye_leaf_spot,True,4000,2672,1.4970059880239521,885.234375
03560_frog_eye_leaf_spot.jpg,frog_eye_leaf_spot,True,4000,2672,1.4970059880239521,1103.90234375
03561_frog_eye_leaf_spot.jpg,frog_eye_leaf_spot,True,4000,2672,1.4970059880239521,816.486328125
03562_frog_eye_leaf_spot.jpg,frog_eye_leaf_spot,True,4000,2672,1.4970059880239521,870.595703125
03563_frog_eye_leaf_spot.jpg,frog_eye_leaf_spot,True,4000,2672,1.4970059880239521,775.3740234375
03564_frog_eye_leaf_spot.jpg,frog_eye_leaf_spot,True,4000,2672,1.4970059880239521,759.12890625
03565_frog_eye_leaf_spot.jpg,frog_eye_leaf_spot,True,4000,2672,1.4970059880239521,810.349609375
03566_frog_eye_leaf_spot.jpg,frog_eye_leaf_spot,True,4000,2672,1.4970059880239521,789.5966796875
03567_frog_eye_leaf_spot.jpg,frog_eye_leaf_spot,True,4000,2672,1.4970059880239521,643.447265625
03568_frog_eye_leaf_spot.jpg,frog_eye_leaf_spot,True,4000,2672,1.4970059880239521,1011.888671875
03569_frog_eye_leaf_spot.jpg,frog_eye_leaf_spot,True,4000,2672,1.4970059880239521,859.35546875
03570_frog_eye_leaf_spot.jpg,frog_eye_leaf_spot,True,4000,2672,1.4970059880239521,844.5185546875
03571_frog_eye_leaf_spot.jpg,frog_eye_leaf_spot,True,4000,2672,1.4970059880239521,721.2744140625
03572_frog_eye_leaf_spot.jpg,frog_eye_leaf_spot,True,4000,2672,1.4970059880239521,872.806640625
03573_frog_eye_leaf_spot.jpg,frog_eye_leaf_spot,True,4000,2672,1.4970059880239521,814.9248046875
03574_frog_eye_leaf_spot.jpg,frog_eye_leaf_spot,True,4000,2672,1.4970059880239521,707.47265625
03575_frog_eye_leaf_spot.jpg,frog_eye_leaf_spot,True,4000,2672,1.4970059880239521,684.107421875
03576_frog_eye_leaf_spot.jpg,frog_eye_leaf_spot,True,5184,3456,1.5,912.2861328125
03577_frog_eye_leaf_spot.jpg,frog_eye_leaf_spot,True,4000,2672,1.4970059880239521,702.9375
03578_frog_eye_leaf_spot.jpg,frog_eye_leaf_spot,True,4000,2672,1.4970059880239521,796.0830078125
03579_frog_eye_leaf_spot.jpg,frog_eye_leaf_spot,True,4000,2672,1.4970059880239521,777.1962890625
03580_frog_eye_leaf_spot.jpg,frog_eye_leaf_spot,True,4000,2672,1.4970059880239521,783.376953125
03581_frog_eye_leaf_spot.jpg,frog_eye_leaf_spot,True,4000,2672,1.4970059880239521,716.4541015625
03582_frog_eye_leaf_spot.jpg,frog_eye_leaf_spot,True,4000,2672,1.4970059880239521,902.501953125
03583_frog_eye_leaf_spot.jpg,frog_eye_leaf_spot,True,4000,2672,1.4970059880239521,1085.955078125
03584_frog_eye_leaf_spot.jpg,frog_eye_leaf_spot,True,4000,2672,1.4970059880239521,875.8662109375
03585_frog_eye_leaf_spot.jpg,frog_eye_leaf_spot,True,4000,2672,1.4970059880239521,805.2001953125
03586_frog_eye_leaf_spot.jpg,frog_eye_leaf_spot,True,4000,2672,1.4970059880239521,869.0283203125
03587_frog_eye_leaf_spot.jpg,frog_eye_leaf_spot,True,4000,2672,1.4970059880239521,878.6357421875
03588_frog_eye_leaf_spot.jpg,frog_eye_leaf_spot,True,4000,2672,1.4970059880239521,907.341796875
03589_frog_eye_leaf_spot.jpg,frog_eye_leaf_spot,True,4000,2672,1.4970059880239521,1008.6953125
03590_frog_eye_leaf_spot.jpg,frog_eye_leaf_spot,True,4000,2672,1.4970059880239521,715.1953125
03591_frog_eye_leaf_spot.jpg,frog_eye_leaf_spot,True,4000,2672,1.4970059880239521,690.1005859375
03592_frog_eye_leaf_spot.jpg,frog_eye_leaf_spot,True,4000,2672,1.4970059880239521,787.1259765625
03593_frog_eye_leaf_spot.jpg,frog_eye_leaf_spot,True,4000,2672,1.4970059880239521,952.0224609375
03594_frog_eye_leaf_spot.jpg,frog_eye_leaf_spot,True,4000,2672,1.4970059880239521,699.5556640625
03595_frog_eye_leaf_spot.jpg,frog_eye_leaf_spot,True,4000,2672,1.4970059880239521,909.4541015625
03596_frog_eye_leaf_spot.jpg,frog_eye_leaf_spot,True,4000,2672,1.4970059880239521,906.5087890625
03597_frog_eye_leaf_spot.jpg,frog_eye_leaf_spot,True,4000,2672,1.4970059880239521,717.53515625
03598_frog_eye_leaf_spot.jpg,frog_eye_leaf_spot,True,4000,2672,1.4970059880239521,737.986328125
03599_frog_eye_leaf_spot.jpg,frog_eye_leaf_spot,True,4000,2672,1.4970059880239521,852.1376953125
03600_frog_eye_leaf_spot.jpg,frog_eye_leaf_spot,True,4000,2672,1.4970059880239521,916.64453125
03601_frog_eye_leaf_spot.jpg,frog_eye_leaf_spot,True,4000,2672,1.4970059880239521,872.03125
03602_frog_eye_leaf_spot.jpg,frog_eye_leaf_spot,True,4000,2672,1.4970059880239521,771.51953125
03603_frog_eye_leaf_spot.jpg,frog_eye_leaf_spot,True,4000,2672,1.4970059880239521,942.8046875
03604_frog_eye_leaf_spot.jpg,frog_eye_leaf_spot,True,4000,2672,1.4970059880239521,1038.537109375
03605_frog_eye_leaf_spot.jpg,frog_eye_leaf_spot,True,4000,2672,1.4970059880239521,728.294921875
03606_frog_eye_leaf_spot.jpg,frog_eye_leaf_spot,True,4000,2672,1.4970059880239521,965.447265625
03607_frog_eye_leaf_spot.jpg,frog_eye_leaf_spot,True,4000,2672,1.4970059880239521,941.962890625
03608_frog_eye_leaf_spot.jpg,frog_eye_leaf_spot,True,4000,2672,1.4970059880239521,756.0791015625
03609_frog_eye_leaf_spot.jpg,frog_eye_leaf_spot,True,4000,2672,1.4970059880239521,821.396484375
03610_frog_eye_leaf_spot.jpg,frog_eye_leaf_spot,True,4000,2672,1.4970059880239521,1038.7236328125
03611_frog_eye_leaf_spot.jpg,frog_eye_leaf_spot,True,4000,2672,1.4970059880239521,906.33203125
03612_frog_eye_leaf_spot.jpg,frog_eye_leaf_spot,True,4000,2672,1.4970059880239521,821.7587890625
03613_frog_eye_leaf_spot.jpg,frog_eye_leaf_spot,True,4000,2672,1.4970059880239521,973.5927734375
03614_frog_eye_leaf_spot.jpg,frog_eye_leaf_spot,True,4000,2672,1.4970059880239521,770.9677734375
03615_frog_eye_leaf_spot.jpg,frog_eye_leaf_spot,True,4000,2672,1.4970059880239521,630.54296875
03616_frog_eye_leaf_spot.jpg,frog_eye_leaf_spot,True,4000,2672,1.4970059880239521,809.4580078125
03617_frog_eye_leaf_spot.jpg,frog_eye_leaf_spot,True,4000,2672,1.4970059880239521,882.041015625
03618_frog_eye_leaf_spot.jpg,frog_eye_leaf_spot,True,4000,2672,1.4970059880239521,817.759765625
03619_frog_eye_leaf_spot.jpg,frog_eye_leaf_spot,True,4000,2672,1.4970059880239521,864.44921875
03620_frog_eye_leaf_spot.jpg,frog_eye_leaf_spot,True,4000,2672,1.4970059880239521,775.4169921875
03621_frog_eye_leaf_spot.jpg,frog_eye_leaf_spot,True,4000,2672,1.4970059880239521,782.6953125
03622_frog_eye_leaf_spot.jpg,frog_eye_leaf_spot,True,4000,2672,1.4970059880239521,900.4560546875
03623_frog_eye_leaf_spot.jpg,frog_eye_leaf_spot,True,2592,1728,1.5,193.560546875
03624_frog_eye_leaf_spot.jpg,frog_eye_leaf_spot,True,4000,2672,1.4970059880239521,933.1669921875
03625_frog_eye_leaf_spot.jpg,frog_eye_leaf_spot,True,4000,2672,1.4970059880239521,882.369140625
03626_frog_eye_leaf_spot.jpg,frog_eye_leaf_spot,True,4000,2672,1.4970059880239521,959.21875
03627_frog_eye_leaf_spot.jpg,frog_eye_leaf_spot,True,4000,2672,1.4970059880239521,897.583984375
03628_frog_eye_leaf_spot.jpg,frog_eye_leaf_spot,True,4000,2672,1.4970059880239521,1037.43359375
03629_frog_eye_leaf_spot.jpg,frog_eye_leaf_spot,True,4000,2672,1.4970059880239521,835.26171875
03630_frog_eye_leaf_spot.jpg,frog_eye_leaf_spot,True,4000,2672,1.4970059880239521,847.193359375
03631_frog_eye_leaf_spot.jpg,frog_eye_leaf_spot,True,4000,2672,1.4970059880239521,1027.697265625
03632_frog_eye_leaf_spot.jpg,frog_eye_leaf_spot,True,4000,2672,1.4970059880239521,756.6884765625
03633_frog_eye_leaf_spot.jpg,frog_eye_leaf_spot,True,4000,2672,1.4970059880239521,718.4404296875
03634_frog_eye_leaf_spot.jpg,frog_eye_leaf_spot,True,4000,2672,1.4970059880239521,863.009765625
03635_frog_eye_leaf_spot.jpg,frog_eye_leaf_spot,True,4000,2672,1.4970059880239521,573.5341796875
03636_frog_eye_leaf_spot.jpg,frog_eye_leaf_spot,True,4000,2672,1.4970059880239521,1004.328125
03637_frog_eye_leaf_spot.jpg,frog_eye_leaf_spot,True,4000,2672,1.4970059880239521,945.0087890625
03638_frog_eye_leaf_spot.jpg,frog_eye_leaf_spot,True,4000,2672,1.4970059880239521,854.9521484375
03639_frog_eye_leaf_spot.jpg,frog_eye_leaf_spot,True,4000,2672,1.4970059880239521,942.4697265625
03640_frog_eye_leaf_spot.jpg,frog_eye_leaf_spot,True,4000,2672,1.4970059880239521,1004.4833984375
03641_frog_eye_leaf_spot.jpg,frog_eye_leaf_spot,True,4000,2672,1.4970059880239521,1005.3271484375
03642_frog_eye_leaf_spot.jpg,frog_eye_leaf_spot,True,4000,2672,1.4970059880239521,886.8056640625
03643_frog_eye_leaf_spot.jpg,frog_eye_leaf_spot,True,4000,2672,1.4970059880239521,882.94921875
03644_frog_eye_leaf_spot.jpg,frog_eye_leaf_spot,True,4000,2672,1.4970059880239521,807.880859375
03645_frog_eye_leaf_spot.jpg,frog_eye_leaf_spot,True,4000,2672,1.4970059880239521,799.87890625
03646_frog_eye_leaf_spot.jpg,frog_eye_leaf_spot,True,4000,2672,1.4970059880239521,742.720703125
03647_frog_eye_leaf_spot.jpg,frog_eye_leaf_spot,True,4000,2672,1.4970059880239521,698.64453125
03648_frog_eye_leaf_spot.jpg,frog_eye_leaf_spot,True,4000,2672,1.4970059880239521,679.4140625
03649_frog_eye_leaf_spot.jpg,frog_eye_leaf_spot,True,4000,2672,1.4970059880239521,908.2001953125
03650_frog_eye_leaf_spot.jpg,frog_eye_leaf_spot,True,4000,2672,1.4970059880239521,971.83203125
03651_frog_eye_leaf_spot.jpg,frog_eye_leaf_spot,True,4000,2672,1.4970059880239521,853.392578125
03652_frog_eye_leaf_spot.jpg,frog_eye_leaf_spot,True,4000,2672,1.4970059880239521,727.52734375
03653_frog_eye_leaf_spot.jpg,frog_eye_leaf_spot,True,4000,2672,1.4970059880239521,1026.732421875
03654_frog_eye_leaf_spot.jpg,frog_eye_leaf_spot,True,4000,2672,1.4970059880239521,714.435546875
03655_frog_eye_leaf_spot.jpg,frog_eye_leaf_spot,True,4000,2672,1.4970059880239521,907.6455078125
03656_frog_eye_leaf_spot.jpg,frog_eye_leaf_spot,True,4000,2672,1.4970059880239521,951.8642578125
03657_frog_eye_leaf_spot.jpg,frog_eye_leaf_spot,True,4000,2672,1.4970059880239521,1007.5302734375
03658_frog_eye_leaf_spot.jpg,frog_eye_leaf_spot,True,4000,2672,1.4970059880239521,692.9609375
03659_frog_eye_leaf_spot.jpg,frog_eye_leaf_spot,True,4000,2672,1.4970059880239521,1045.0361328125
03660_frog_eye_leaf_spot.jpg,frog_eye_leaf_spot,True,4000,2672,1.4970059880239521,636.576171875
03661_frog_eye_leaf_spot.jpg,frog_eye_leaf_spot,True,4000,2672,1.4970059880239521,899.521484375
03662_frog_eye_leaf_spot.jpg,frog_eye_leaf_spot,True,4000,2672,1.4970059880239521,946.06640625
03663_frog_eye_leaf_spot.jpg,frog_eye_leaf_spot,True,4000,2672,1.4970059880239521,943.8115234375
03664_frog_eye_leaf_spot.jpg,frog_eye_leaf_spot,True,4000,2672,1.4970059880239521,890.2236328125
03665_frog_eye_leaf_spot.jpg,frog_eye_leaf_spot,True,4000,2672,1.4970059880239521,892.5283203125
03666_frog_eye_leaf_spot.jpg,frog_eye_leaf_spot,True,4000,2672,1.4970059880239521,1032.416015625
03667_frog_eye_leaf_spot.jpg,frog_eye_leaf_spot,True,4000,2672,1.4970059880239521,941.15234375
03668_frog_eye_leaf_spot.jpg,frog_eye_leaf_spot,True,2592,1728,1.5,234.27734375
03669_frog_eye_leaf_spot.jpg,frog_eye_leaf_spot,True,4000,2672,1.4970059880239521,1030.99609375
03670_frog_eye_leaf_spot.jpg,frog_eye_leaf_spot,True,4000,2672,1.4970059880239521,835.478515625
03671_frog_eye_leaf_spot.jpg,frog_eye_leaf_spot,True,4000,2672,1.4970059880239521,817.04296875
03672_frog_eye_leaf_spot.jpg,frog_eye_leaf_spot,True,4000,2672,1.4970059880239521,863.392578125
03673_frog_eye_leaf_spot.jpg,frog_eye_leaf_spot,True,4000,2672,1.4970059880239521,851.115234375
03674_frog_eye_leaf_spot.jpg,frog_eye_leaf_spot,True,4000,2672,1.4970059880239521,882.84765625
03675_frog_eye_leaf_spot.jpg,frog_eye_leaf_spot,True,4000,2672,1.4970059880239521,947.9892578125
03676_frog_eye_leaf_spot.jpg,frog_eye_leaf_spot,True,4000,2672,1.4970059880239521,820.2587890625
03677_frog_eye_leaf_spot.jpg,frog_eye_leaf_spot,True,4000,2672,1.4970059880239521,758.478515625
03678_frog_eye_leaf_spot.jpg,frog_eye_leaf_spot,True,4000,3000,1.3333333333333333,856.783203125
03679_frog_eye_leaf_spot.jpg,frog_eye_leaf_spot,True,4000,2672,1.4970059880239521,602.58203125
03680_frog_eye_leaf_spot.jpg,frog_eye_leaf_spot,True,4000,2672,1.4970059880239521,929.755859375
03681_frog_eye_leaf_spot.jpg,frog_eye_leaf_spot,True,4000,2672,1.4970059880239521,789.90234375
03682_frog_eye_leaf_spot.jpg,frog_eye_leaf_spot,True,4000,2672,1.4970059880239521,822.48046875
03683_frog_eye_leaf_spot.jpg,frog_eye_leaf_spot,True,4000,2672,1.4970059880239521,1012.4130859375
03684_frog_eye_leaf_spot.jpg,frog_eye_leaf_spot,True,4000,2672,1.4970059880239521,648.5732421875
03685_frog_eye_leaf_spot.jpg,frog_eye_leaf_spot,True,4000,2672,1.4970059880239521,802.9638671875
03686_frog_eye_leaf_spot.jpg,frog_eye_leaf_spot,True,4000,2672,1.4970059880239521,811.5927734375
03687_frog_eye_leaf_spot.jpg,frog_eye_leaf_spot,True,4000,2672,1.4970059880239521,712.087890625
03688_frog_eye_leaf_spot.jpg,frog_eye_leaf_spot,True,4000,2672,1.4970059880239521,756.3720703125
03689_frog_eye_leaf_spot.jpg,frog_eye_leaf_spot,True,4000,2672,1.4970059880239521,791.470703125
03690_frog_eye_leaf_spot.jpg,frog_eye_leaf_spot,True,4000,2672,1.4970059880239521,790.6982421875
03691_frog_eye_leaf_spot.jpg,frog_eye_leaf_spot,True,4000,2672,1.4970059880239521,757.71484375
03692_frog_eye_leaf_spot.jpg,frog_eye_leaf_spot,True,4000,2672,1.4970059880239521,869.345703125
03693_frog_eye_leaf_spot.jpg,frog_eye_leaf_spot,True,4000,2672,1.4970059880239521,761.8203125
03694_frog_eye_leaf_spot.jpg,frog_eye_leaf_spot,True,4000,2672,1.4970059880239521,784.048828125
03695_frog_eye_leaf_spot.jpg,frog_eye_leaf_spot,True,4000,2672,1.4970059880239521,730.5068359375
03696_frog_eye_leaf_spot.jpg,frog_eye_leaf_spot,True,5184,3456,1.5,1241.6748046875
03697_frog_eye_leaf_spot.jpg,frog_eye_leaf_spot,True,4000,2672,1.4970059880239521,740.689453125
03698_frog_eye_leaf_spot.jpg,frog_eye_leaf_spot,True,4000,2672,1.4970059880239521,895.4658203125
03699_frog_eye_leaf_spot.jpg,frog_eye_leaf_spot,True,4000,2672,1.4970059880239521,599.75
03700_frog_eye_leaf_spot.jpg,frog_eye_leaf_spot,True,4000,2672,1.4970059880239521,888.9970703125
03701_frog_eye_leaf_spot.jpg,frog_eye_leaf_spot,True,4000,2672,1.4970059880239521,733.3388671875
03702_frog_eye_leaf_spot.jpg,frog_eye_leaf_spot,True,4000,2672,1.4970059880239521,881.5810546875
03703_frog_eye_leaf_spot.jpg,frog_eye_leaf_spot,True,4000,2672,1.4970059880239521,760.451171875
03704_frog_eye_leaf_spot.jpg,frog_eye_leaf_spot,True,4000,2672,1.4970059880239521,911.0517578125
03705_frog_eye_leaf_spot.jpg,frog_eye_leaf_spot,True,4000,2672,1.4970059880239521,964.0341796875
03706_frog_eye_leaf_spot.jpg,frog_eye_leaf_spot,True,4000,2672,1.4970059880239521,711.3955078125
03707_frog_eye_leaf_spot.jpg,frog_eye_leaf_spot,True,4000,2672,1.4970059880239521,777.375
03708_frog_eye_leaf_spot.jpg,frog_eye_leaf_spot,True,4000,2672,1.4970059880239521,926.6572265625
03709_frog_eye_leaf_spot.jpg,frog_eye_leaf_spot,True,4000,2672,1.4970059880239521,952.736328125
03710_frog_eye_leaf_spot.jpg,frog_eye_leaf_spot,True,4000,2672,1.4970059880239521,758.2265625
03711_frog_eye_leaf_spot.jpg,frog_eye_leaf_spot,True,4000,2672,1.4970059880239521,626.5234375
03712_frog_eye_leaf_spot.jpg,frog_eye_leaf_spot,True,4000,2672,1.4970059880239521,882.13671875
03713_frog_eye_leaf_spot.jpg,frog_eye_leaf_spot,True,4000,2672,1.4970059880239521,953.517578125
03714_frog_eye_leaf_spot.jpg,frog_eye_leaf_spot,True,4000,2672,1.4970059880239521,896.615234375
03715_frog_eye_leaf_spot.jpg,frog_eye_leaf_spot,True,4000,2672,1.4970059880239521,800.1484375
03716_frog_eye_leaf_spot.jpg,frog_eye_leaf_spot,True,4000,2672,1.4970059880239521,1084.6064453125
03717_frog_eye_leaf_spot.jpg,frog_eye_leaf_spot,True,4000,2672,1.4970059880239521,795.9306640625
03718_frog_eye_leaf_spot.jpg,frog_eye_leaf_spot,True,4000,2672,1.4970059880239521,690.64453125
03719_frog_eye_leaf_spot.jpg,frog_eye_leaf_spot,True,4000,2672,1.4970059880239521,678.4189453125
03720_frog_eye_leaf_spot.jpg,frog_eye_leaf_spot,True,4000,2672,1.4970059880239521,764.3603515625
03721_frog_eye_leaf_spot.jpg,frog_eye_leaf_spot,True,4000,2672,1.4970059880239521,626.580078125
03722_frog_eye_leaf_spot.jpg,frog_eye_leaf_spot,True,4000,2672,1.4970059880239521,719.19140625
03723_frog_eye_leaf_spot.jpg,frog_eye_leaf_spot,True,4000,2672,1.4970059880239521,783.0439453125
03724_frog_eye_leaf_spot.jpg,frog_eye_leaf_spot,True,4000,2672,1.4970059880239521,764.3046875
03725_frog_eye_leaf_spot.jpg,frog_eye_leaf_spot,True,4000,2672,1.4970059880239521,544.392578125
03726_frog_eye_leaf_spot.jpg,frog_eye_leaf_spot,True,4000,2672,1.4970059880239521,835.89453125
03727_frog_eye_leaf_spot.jpg,frog_eye_leaf_spot,True,4608,3456,1.3333333333333333,1539.130859375
03728_frog_eye_leaf_spot.jpg,frog_eye_leaf_spot,True,4000,2672,1.4970059880239521,898.0380859375
03729_frog_eye_leaf_spot.jpg,frog_eye_leaf_spot,True,4000,2672,1.4970059880239521,1077.6455078125
03730_frog_eye_leaf_spot.jpg,frog_eye_leaf_spot,True,4000,2672,1.4970059880239521,893.94921875
03731_frog_eye_leaf_spot.jpg,frog_eye_leaf_spot,True,4000,2672,1.4970059880239521,766.1669921875
03732_frog_eye_leaf_spot.jpg,frog_eye_leaf_spot,True,4000,2672,1.4970059880239521,709.9345703125
03733_frog_eye_leaf_spot.jpg,frog_eye_leaf_spot,True,4000,2672,1.4970059880239521,599.27734375
03734_frog_eye_leaf_spot.jpg,frog_eye_leaf_spot,True,4000,2672,1.4970059880239521,921.5517578125
03735_frog_eye_leaf_spot.jpg,frog_eye_leaf_spot,True,4000,2672,1.4970059880239521,858.744140625
03736_frog_eye_leaf_spot.jpg,frog_eye_leaf_spot,True,4000,2672,1.4970059880239521,709.6005859375
03737_frog_eye_leaf_spot.jpg,frog_eye_leaf_spot,True,4000,2672,1.4970059880239521,561.283203125
03738_frog_eye_leaf_spot.jpg,frog_eye_leaf_spot,True,4000,2672,1.4970059880239521,602.0322265625
03739_frog_eye_leaf_spot.jpg,frog_eye_leaf_spot,True,4000,2672,1.4970059880239521,895.9658203125
03740_frog_eye_leaf_spot.jpg,frog_eye_leaf_spot,True,4000,2672,1.4970059880239521,962.078125
03741_frog_eye_leaf_spot.jpg,frog_eye_leaf_spot,True,4000,2672,1.4970059880239521,776.51171875
03742_frog_eye_leaf_spot.jpg,frog_eye_leaf_spot,True,4000,2672,1.4970059880239521,800.6689453125
03743_frog_eye_leaf_spot.jpg,frog_eye_leaf_spot,True,4000,2672,1.4970059880239521,809.0537109375
03744_frog_eye_leaf_spot.jpg,frog_eye_leaf_spot,True,4000,2672,1.4970059880239521,760.97265625
03745_frog_eye_leaf_spot.jpg,frog_eye_leaf_spot,True,4000,2672,1.4970059880239521,1038.056640625
03746_frog_eye_leaf_spot.jpg,frog_eye_leaf_spot,True,4000,2672,1.4970059880239521,746.5947265625
03747_frog_eye_leaf_spot.jpg,frog_eye_leaf_spot,True,4000,2672,1.4970059880239521,972.2421875
03748_frog_eye_leaf_spot.jpg,frog_eye_leaf_spot,True,4000,2672,1.4970059880239521,957.2041015625
03749_frog_eye_leaf_spot.jpg,frog_eye_leaf_spot,True,4000,2672,1.4970059880239521,939.7900390625
03750_frog_eye_leaf_spot.jpg,frog_eye_leaf_spot,True,4000,2672,1.4970059880239521,718.17578125
03751_frog_eye_leaf_spot.jpg,frog_eye_leaf_spot,True,4000,2672,1.4970059880239521,882.6533203125
03752_frog_eye_leaf_spot.jpg,frog_eye_leaf_spot,True,4000,2672,1.4970059880239521,761.35546875
03753_frog_eye_leaf_spot.jpg,frog_eye_leaf_spot,True,4000,2672,1.4970059880239521,783.76953125
03754_frog_eye_leaf_spot.jpg,frog_eye_leaf_spot,True,4000,2672,1.4970059880239521,756.82421875
03755_frog_eye_leaf_spot.jpg,frog_eye_leaf_spot,True,4000,2672,1.4970059880239521,941.0078125
03756_frog_eye_leaf_spot.jpg,frog_eye_leaf_spot,True,4000,2672,1.4970059880239521,895.4521484375
03757_frog_eye_leaf_spot.jpg,frog_eye_leaf_spot,True,4000,2672,1.4970059880239521,743.2744140625
03758_frog_eye_leaf_spot.jpg,frog_eye_leaf_spot,True,4000,2672,1.4970059880239521,774.2109375
03759_frog_eye_leaf_spot.jpg,frog_eye_leaf_spot,True,4000,2672,1.4970059880239521,786.2138671875
03760_frog_eye_leaf_spot.jpg,frog_eye_leaf_spot,True,4000,2672,1.4970059880239521,975.359375
03761_frog_eye_leaf_spot.jpg,frog_eye_leaf_spot,True,4000,2672,1.4970059880239521,782.548828125
03762_frog_eye_leaf_spot.jpg,frog_eye_leaf_spot,True,4000,2672,1.4970059880239521,778.4384765625
03763_frog_eye_leaf_spot.jpg,frog_eye_leaf_spot,True,4000,2672,1.4970059880239521,813.166015625
03764_frog_eye_leaf_spot.jpg,frog_eye_leaf_spot,True,4000,2672,1.4970059880239521,574.884765625
03765_frog_eye_leaf_spot.jpg,frog_eye_leaf_spot,True,4000,2672,1.4970059880239521,850.7314453125
03766_frog_eye_leaf_spot.jpg,frog_eye_leaf_spot,True,4000,2672,1.4970059880239521,874.384765625
03767_frog_eye_leaf_spot.jpg,frog_eye_leaf_spot,True,4000,2672,1.4970059880239521,886.9111328125
03768_frog_eye_leaf_spot.jpg,frog_eye_leaf_spot,True,4000,2672,1.4970059880239521,827.751953125
03769_frog_eye_leaf_spot.jpg,frog_eye_leaf_spot,True,4000,2672,1.4970059880239521,703.919921875
03770_frog_eye_leaf_spot.jpg,frog_eye_leaf_spot,True,4000,2672,1.4970059880239521,1065.2080078125
03771_frog_eye_leaf_spot.jpg,frog_eye_leaf_spot,True,4000,2672,1.4970059880239521,733.76171875
03772_frog_eye_leaf_spot.jpg,frog_eye_leaf_spot,True,4000,2672,1.4970059880239521,655.1923828125
03773_frog_eye_leaf_spot.jpg,frog_eye_leaf_spot,True,2592,1728,1.5,230.5419921875
03774_frog_eye_leaf_spot.jpg,frog_eye_leaf_spot,True,4000,2672,1.4970059880239521,873.970703125
03775_frog_eye_leaf_spot.jpg,frog_eye_leaf_spot,True,4000,2672,1.4970059880239521,699.392578125
03776_frog_eye_leaf_spot.jpg,frog_eye_leaf_spot,True,4000,2672,1.4970059880239521,939.470703125
03777_frog_eye_leaf_spot.jpg,frog_eye_leaf_spot,True,4000,2672,1.4970059880239521,645.4716796875
03778_frog_eye_leaf_spot.jpg,frog_eye_leaf_spot,True,4000,2672,1.4970059880239521,784.8408203125
03779_frog_eye_leaf_spot.jpg,frog_eye_leaf_spot,True,4000,2672,1.4970059880239521,859.84375
03780_frog_eye_leaf_spot.jpg,frog_eye_leaf_spot,True,4000,2672,1.4970059880239521,899.17578125
03781_frog_eye_leaf_spot.jpg,frog_eye_leaf_spot,True,4000,2672,1.4970059880239521,654.833984375
03782_frog_eye_leaf_spot.jpg,frog_eye_leaf_spot,True,4000,2672,1.4970059880239521,793.814453125
03783_frog_eye_leaf_spot.jpg,frog_eye_leaf_spot,True,4000,2672,1.4970059880239521,759.798828125
03784_frog_eye_leaf_spot.jpg,frog_eye_leaf_spot,True,4000,2672,1.4970059880239521,762.1806640625
03785_frog_eye_leaf_spot.jpg,frog_eye_leaf_spot,True,4000,2672,1.4970059880239521,792.4228515625
03786_frog_eye_leaf_spot.jpg,frog_eye_leaf_spot,True,4000,2672,1.4970059880239521,729.5908203125
03787_frog_eye_leaf_spot.jpg,frog_eye_leaf_spot,True,4000,2672,1.4970059880239521,723.7265625
03788_frog_eye_leaf_spot.jpg,frog_eye_leaf_spot,True,4000,2672,1.4970059880239521,628.005859375
03789_frog_eye_leaf_spot.jpg,frog_eye_leaf_spot,True,4000,3000,1.3333333333333333,935.580078125
03790_frog_eye_leaf_spot.jpg,frog_eye_leaf_spot,True,4000,2672,1.4970059880239521,670.619140625
03791_frog_eye_leaf_spot.jpg,frog_eye_leaf_spot,True,4000,2672,1.4970059880239521,835.3369140625
03792_frog_eye_leaf_spot.jpg,frog_eye_leaf_spot,True,4000,2672,1.4970059880239521,649.783203125
03793_frog_eye_leaf_spot.jpg,frog_eye_leaf_spot,True,4000,2672,1.4970059880239521,819.09375
03794_frog_eye_leaf_spot.jpg,frog_eye_leaf_spot,True,4000,2672,1.4970059880239521,987.0
03795_frog_eye_leaf_spot.jpg,frog_eye_leaf_spot,True,4000,2672,1.4970059880239521,738.0361328125
03796_frog_eye_leaf_spot.jpg,frog_eye_leaf_spot,True,4000,2672,1.4970059880239521,936.841796875
03797_frog_eye_leaf_spot.jpg,frog_eye_leaf_spot,True,4000,2672,1.4970059880239521,711.9423828125
03798_frog_eye_leaf_spot.jpg,frog_eye_leaf_spot,True,4000,2672,1.4970059880239521,948.236328125
03799_frog_eye_leaf_spot.jpg,frog_eye_leaf_spot,True,4000,2672,1.4970059880239521,902.3505859375
03800_frog_eye_leaf_spot.jpg,frog_eye_leaf_spot,True,4000,2672,1.4970059880239521,816.990234375
03801_frog_eye_leaf_spot.jpg,frog_eye_leaf_spot,True,4000,2672,1.4970059880239521,779.46484375
03802_frog_eye_leaf_spot.jpg,frog_eye_leaf_spot,True,4000,2672,1.4970059880239521,909.134765625
03803_frog_eye_leaf_spot.jpg,frog_eye_leaf_spot,True,4000,2672,1.4970059880239521,1027.0390625
03804_frog_eye_leaf_spot.jpg,frog_eye_leaf_spot,True,4000,2672,1.4970059880239521,728.0361328125
03805_frog_eye_leaf_spot.jpg,frog_eye_leaf_spot,True,4000,2672,1.4970059880239521,802.212890625
03806_frog_eye_leaf_spot.jpg,frog_eye_leaf_spot,True,4000,2672,1.4970059880239521,869.7900390625
03807_frog_eye_leaf_spot.jpg,frog_eye_leaf_spot,True,4000,2672,1.4970059880239521,701.00390625
03808_frog_eye_leaf_spot.jpg,frog_eye_leaf_spot,True,4000,2672,1.4970059880239521,869.525390625
03809_frog_eye_leaf_spot.jpg,frog_eye_leaf_spot,True,4000,2672,1.4970059880239521,822.69140625
03810_frog_eye_leaf_spot.jpg,frog_eye_leaf_spot,True,4000,2672,1.4970059880239521,685.8994140625
03811_frog_eye_leaf_spot.jpg,frog_eye_leaf_spot,True,4000,2672,1.4970059880239521,651.29296875
03812_frog_eye_leaf_spot.jpg,frog_eye_leaf_spot,True,4000,2672,1.4970059880239521,801.294921875
03813_frog_eye_leaf_spot.jpg,frog_eye_leaf_spot,True,4000,2672,1.4970059880239521,703.19140625
03814_frog_eye_leaf_spot.jpg,frog_eye_leaf_spot,True,4000,2672,1.4970059880239521,861.4208984375
03815_frog_eye_leaf_spot.jpg,frog_eye_leaf_spot,True,4000,2672,1.4970059880239521,701.6845703125
03816_frog_eye_leaf_spot.jpg,frog_eye_leaf_spot,True,4000,2672,1.4970059880239521,936.287109375
03817_frog_eye_leaf_spot.jpg,frog_eye_leaf_spot,True,4000,2672,1.4970059880239521,822.8857421875
03818_frog_eye_leaf_spot.jpg,frog_eye_leaf_spot,True,4000,2672,1.4970059880239521,992.669921875
03819_frog_eye_leaf_spot.jpg,frog_eye_leaf_spot,True,4000,2672,1.4970059880239521,832.1689453125
03820_frog_eye_leaf_spot.jpg,frog_eye_leaf_spot,True,4000,2672,1.4970059880239521,784.16796875
03821_frog_eye_leaf_spot.jpg,frog_eye_leaf_spot,True,4000,2672,1.4970059880239521,702.8916015625
03822_frog_eye_leaf_spot.jpg,frog_eye_leaf_spot,True,4000,2672,1.4970059880239521,637.9755859375
03823_frog_eye_leaf_spot.jpg,frog_eye_leaf_spot,True,4000,2672,1.4970059880239521,677.1171875
03824_frog_eye_leaf_spot.jpg,frog_eye_leaf_spot,True,4000,2672,1.4970059880239521,577.8525390625
03825_frog_eye_leaf_spot.jpg,frog_eye_leaf_spot,True,4000,2672,1.4970059880239521,755.8720703125
03826_frog_eye_leaf_spot.jpg,frog_eye_leaf_spot,True,4000,2672,1.4970059880239521,554.9443359375
03827_frog_eye_leaf_spot.jpg,frog_eye_leaf_spot,True,4000,2672,1.4970059880239521,600.6240234375
03828_frog_eye_leaf_spot.jpg,frog_eye_leaf_spot,True,4000,2672,1.4970059880239521,968.009765625
03829_frog_eye_leaf_spot.jpg,frog_eye_leaf_spot,True,4000,2672,1.4970059880239521,1086.84765625
03830_frog_eye_leaf_spot.jpg,frog_eye_leaf_spot,True,4000,2672,1.4970059880239521,859.2705078125
03831_frog_eye_leaf_spot.jpg,frog_eye_leaf_spot,True,4000,2672,1.4970059880239521,1109.0263671875
03832_frog_eye_leaf_spot.jpg,frog_eye_leaf_spot,True,4000,2672,1.4970059880239521,604.1787109375
03833_frog_eye_leaf_spot.jpg,frog_eye_leaf_spot,True,4000,2672,1.4970059880239521,801.392578125
03834_frog_eye_leaf_spot.jpg,frog_eye_leaf_spot,True,4000,2672,1.4970059880239521,882.7705078125
03835_frog_eye_leaf_spot.jpg,frog_eye_leaf_spot,True,4000,2672,1.4970059880239521,970.3203125
03836_frog_eye_leaf_spot.jpg,frog_eye_leaf_spot,True,4000,2672,1.4970059880239521,729.3798828125
03837_frog_eye_leaf_spot.jpg,frog_eye_leaf_spot,True,4000,2672,1.4970059880239521,1038.537109375
03838_frog_eye_leaf_spot.jpg,frog_eye_leaf_spot,True,4000,2672,1.4970059880239521,1015.8544921875
03839_frog_eye_leaf_spot.jpg,frog_eye_leaf_spot,True,4000,2672,1.4970059880239521,680.490234375
03840_frog_eye_leaf_spot.jpg,frog_eye_leaf_spot,True,4000,2672,1.4970059880239521,934.5576171875
03841_frog_eye_leaf_spot.jpg,frog_eye_leaf_spot,True,4000,2672,1.4970059880239521,793.5986328125
03842_frog_eye_leaf_spot.jpg,frog_eye_leaf_spot,True,4000,2672,1.4970059880239521,784.7431640625
03843_frog_eye_leaf_spot.jpg,frog_eye_leaf_spot,True,4000,2672,1.4970059880239521,850.7587890625
03844_frog_eye_leaf_spot.jpg,frog_eye_leaf_spot,True,4000,2672,1.4970059880239521,646.205078125
03845_frog_eye_leaf_spot.jpg,frog_eye_leaf_spot,True,4000,2672,1.4970059880239521,881.2763671875
03846_frog_eye_leaf_spot.jpg,frog_eye_leaf_spot,True,4000,2672,1.4970059880239521,754.8955078125
03847_frog_eye_leaf_spot.jpg,frog_eye_leaf_spot,True,4000,2672,1.4970059880239521,821.1337890625
03848_frog_eye_leaf_spot.jpg,frog_eye_leaf_spot,True,4000,2672,1.4970059880239521,973.873046875
03849_frog_eye_leaf_spot.jpg,frog_eye_leaf_spot,True,4000,2672,1.4970059880239521,815.068359375
03850_frog_eye_leaf_spot.jpg,frog_eye_leaf_spot,True,4000,2672,1.4970059880239521,779.169921875
03851_frog_eye_leaf_spot.jpg,frog_eye_leaf_spot,True,4000,2672,1.4970059880239521,644.3212890625
03852_frog_eye_leaf_spot.jpg,frog_eye_leaf_spot,True,4000,2672,1.4970059880239521,818.2587890625
03853_frog_eye_leaf_spot.jpg,frog_eye_leaf_spot,True,4000,2672,1.4970059880239521,737.4951171875
03854_frog_eye_leaf_spot.jpg,frog_eye_leaf_spot,True,4000,2672,1.4970059880239521,842.8935546875
03855_frog_eye_leaf_spot.jpg,frog_eye_leaf_spot,True,4000,2672,1.4970059880239521,771.794921875
03856_frog_eye_leaf_spot.jpg,frog_eye_leaf_spot,True,4000,2672,1.4970059880239521,818.4638671875
03857_frog_eye_leaf_spot.jpg,frog_eye_leaf_spot,True,4000,2672,1.4970059880239521,870.3701171875
03858_frog_eye_leaf_spot.jpg,frog_eye_leaf_spot,True,4000,2672,1.4970059880239521,768.494140625
03859_frog_eye_leaf_spot.jpg,frog_eye_leaf_spot,True,4000,2672,1.4970059880239521,692.6943359375
03860_frog_eye_leaf_spot.jpg,frog_eye_leaf_spot,True,4000,2672,1.4970059880239521,778.5771484375
03861_frog_eye_leaf_spot.jpg,frog_eye_leaf_spot,True,4000,2672,1.4970059880239521,906.2158203125
03862_frog_eye_leaf_spot.jpg,frog_eye_leaf_spot,True,4000,2672,1.4970059880239521,779.1396484375
03863_frog_eye_leaf_spot.jpg,frog_eye_leaf_spot,True,4000,2672,1.4970059880239521,748.623046875
03864_frog_eye_leaf_spot.jpg,frog_eye_leaf_spot,True,4000,2672,1.4970059880239521,582.666015625
03865_frog_eye_leaf_spot.jpg,frog_eye_leaf_spot,True,4000,2672,1.4970059880239521,852.884765625
03866_frog_eye_leaf_spot.jpg,frog_eye_leaf_spot,True,4000,2672,1.4970059880239521,631.7255859375
03867_frog_eye_leaf_spot.jpg,frog_eye_leaf_spot,True,4000,2672,1.4970059880239521,756.673828125
03868_frog_eye_leaf_spot.jpg,frog_eye_leaf_spot,True,4000,2672,1.4970059880239521,953.1767578125
03869_frog_eye_leaf_spot.jpg,frog_eye_leaf_spot,True,4000,2672,1.4970059880239521,924.73828125
03870_frog_eye_leaf_spot.jpg,frog_eye_leaf_spot,True,4000,2672,1.4970059880239521,1036.7470703125
03871_frog_eye_leaf_spot.jpg,frog_eye_leaf_spot,True,4000,2672,1.4970059880239521,883.5322265625
03872_frog_eye_leaf_spot.jpg,frog_eye_leaf_spot,True,4000,2672,1.4970059880239521,747.1689453125
03873_frog_eye_leaf_spot.jpg,frog_eye_leaf_spot,True,4000,2672,1.4970059880239521,957.060546875
03874_frog_eye_leaf_spot.jpg,frog_eye_leaf_spot,True,4000,2672,1.4970059880239521,743.1962890625
03875_frog_eye_leaf_spot.jpg,frog_eye_leaf_spot,True,4000,2672,1.4970059880239521,818.2705078125
03876_frog_eye_leaf_spot.jpg,frog_eye_leaf_spot,True,4000,2672,1.4970059880239521,515.58203125
03877_frog_eye_leaf_spot.jpg,frog_eye_leaf_spot,True,4000,2672,1.4970059880239521,1016.953125
03878_frog_eye_leaf_spot.jpg,frog_eye_leaf_spot,True,4000,2672,1.4970059880239521,1032.841796875
03879_frog_eye_leaf_spot.jpg,frog_eye_leaf_spot,True,4000,2672,1.4970059880239521,1008.0263671875
03880_frog_eye_leaf_spot.jpg,frog_eye_leaf_spot,True,4000,2672,1.4970059880239521,739.609375
03881_frog_eye_leaf_spot.jpg,frog_eye_leaf_spot,True,4000,2672,1.4970059880239521,666.615234375
03882_frog_eye_leaf_spot.jpg,frog_eye_leaf_spot,True,4000,2672,1.4970059880239521,625.78515625
03883_frog_eye_leaf_spot.jpg,frog_eye_leaf_spot,True,4000,2672,1.4970059880239521,696.998046875
03884_frog_eye_leaf_spot.jpg,frog_eye_leaf_spot,True,4000,2672,1.4970059880239521,758.05859375
03885_frog_eye_leaf_spot.jpg,frog_eye_leaf_spot,True,4000,2672,1.4970059880239521,747.630859375
03886_frog_eye_leaf_spot.jpg,frog_eye_leaf_spot,True,4000,2672,1.4970059880239521,881.064453125
03887_frog_eye_leaf_spot.jpg,frog_eye_leaf_spot,True,4000,2672,1.4970059880239521,725.373046875
03888_frog_eye_leaf_spot.jpg,frog_eye_leaf_spot,True,4000,2672,1.4970059880239521,805.3984375
03889_frog_eye_leaf_spot.jpg,frog_eye_leaf_spot,True,4000,2672,1.4970059880239521,992.0478515625
03890_frog_eye_leaf_spot.jpg,frog_eye_leaf_spot,True,4000,2672,1.4970059880239521,689.5673828125
03891_frog_eye_leaf_spot.jpg,frog_eye_leaf_spot,True,4000,2672,1.4970059880239521,894.400390625
03892_frog_eye_leaf_spot.jpg,frog_eye_leaf_spot,True,4000,2672,1.4970059880239521,924.193359375
03893_frog_eye_leaf_spot.jpg,frog_eye_leaf_spot,True,4000,2672,1.4970059880239521,907.3037109375
03894_frog_eye_leaf_spot.jpg,frog_eye_leaf_spot,True,4000,2672,1.4970059880239521,696.5859375
03895_frog_eye_leaf_spot.jpg,frog_eye_leaf_spot,True,4000,2672,1.4970059880239521,799.1171875
03896_frog_eye_leaf_spot.jpg,frog_eye_leaf_spot,True,4000,2672,1.4970059880239521,812.154296875
03897_frog_eye_leaf_spot.jpg,frog_eye_leaf_spot,True,4000,2672,1.4970059880239521,948.5771484375
03898_frog_eye_leaf_spot.jpg,frog_eye_leaf_spot,True,2592,1728,1.5,312.931640625
03899_frog_eye_leaf_spot.jpg,frog_eye_leaf_spot,True,4000,2672,1.4970059880239521,730.3974609375
03900_frog_eye_leaf_spot.jpg,frog_eye_leaf_spot,True,4000,2672,1.4970059880239521,722.26171875
03901_frog_eye_leaf_spot.jpg,frog_eye_leaf_spot,True,4000,2672,1.4970059880239521,738.611328125
03902_frog_eye_leaf_spot.jpg,frog_eye_leaf_spot,True,4000,2672,1.4970059880239521,793.4541015625
03903_frog_eye_leaf_spot.jpg,frog_eye_leaf_spot,True,4000,2672,1.4970059880239521,645.923828125
03904_frog_eye_leaf_spot.jpg,frog_eye_leaf_spot,True,4000,2672,1.4970059880239521,790.29296875
03905_frog_eye_leaf_spot.jpg,frog_eye_leaf_spot,True,4000,2672,1.4970059880239521,694.4228515625
03906_frog_eye_leaf_spot.jpg,frog_eye_leaf_spot,True,4000,2672,1.4970059880239521,507.8466796875
03907_frog_eye_leaf_spot.jpg,frog_eye_leaf_spot,True,4000,2672,1.4970059880239521,987.609375
03908_frog_eye_leaf_spot.jpg,frog_eye_leaf_spot,True,4000,2672,1.4970059880239521,779.283203125
03909_frog_eye_leaf_spot.jpg,frog_eye_leaf_spot,True,4000,2672,1.4970059880239521,1005.8095703125
03910_frog_eye_leaf_spot.jpg,frog_eye_leaf_spot,True,4000,2672,1.4970059880239521,754.56640625
03911_frog_eye_leaf_spot.jpg,frog_eye_leaf_spot,True,4000,2672,1.4970059880239521,777.958984375
03912_frog_eye_leaf_spot.jpg,frog_eye_leaf_spot,True,4000,2672,1.4970059880239521,806.9609375
03913_frog_eye_leaf_spot.jpg,frog_eye_leaf_spot,True,4000,2672,1.4970059880239521,808.33984375
03914_frog_eye_leaf_spot.jpg,frog_eye_leaf_spot,True,4000,2672,1.4970059880239521,1003.986328125
03915_frog_eye_leaf_spot.jpg,frog_eye_leaf_spot,True,4000,2672,1.4970059880239521,773.05078125
03916_frog_eye_leaf_spot.jpg,frog_eye_leaf_spot,True,4000,2672,1.4970059880239521,749.080078125
03917_frog_eye_leaf_spot.jpg,frog_eye_leaf_spot,True,4000,2672,1.4970059880239521,794.0244140625
03918_frog_eye_leaf_spot.jpg,frog_eye_leaf_spot,True,4000,2672,1.4970059880239521,680.763671875
03919_frog_eye_leaf_spot.jpg,frog_eye_leaf_spot,True,4000,2672,1.4970059880239521,912.1708984375
03920_frog_eye_leaf_spot.jpg,frog_eye_leaf_spot,True,4000,2672,1.4970059880239521,812.193359375
03921_frog_eye_leaf_spot.jpg,frog_eye_leaf_spot,True,4000,2672,1.4970059880239521,746.443359375
03922_frog_eye_leaf_spot.jpg,frog_eye_leaf_spot,True,4000,2672,1.4970059880239521,886.5888671875
03923_frog_eye_leaf_spot.jpg,frog_eye_leaf_spot,True,4000,2672,1.4970059880239521,793.0830078125
03924_frog_eye_leaf_spot.jpg,frog_eye_leaf_spot,True,4000,2672,1.4970059880239521,697.7333984375
03925_frog_eye_leaf_spot.jpg,frog_eye_leaf_spot,True,4000,2672,1.4970059880239521,786.140625
03926_frog_eye_leaf_spot.jpg,frog_eye_leaf_spot,True,4000,2672,1.4970059880239521,883.70703125
03927_frog_eye_leaf_spot.jpg,frog_eye_leaf_spot,True,4000,2672,1.4970059880239521,776.9052734375
03928_frog_eye_leaf_spot.jpg,frog_eye_leaf_spot,True,4000,2672,1.4970059880239521,785.2041015625
03929_frog_eye_leaf_spot.jpg,frog_eye_leaf_spot,True,4000,2672,1.4970059880239521,626.974609375
03930_frog_eye_leaf_spot.jpg,frog_eye_leaf_spot,True,4000,2672,1.4970059880239521,951.5185546875
03931_frog_eye_leaf_spot.jpg,frog_eye_leaf_spot,True,4000,2672,1.4970059880239521,1062.83203125
03932_frog_eye_leaf_spot.jpg,frog_eye_leaf_spot,True,4000,2672,1.4970059880239521,1027.8037109375
03933_frog_eye_leaf_spot.jpg,frog_eye_leaf_spot,True,4000,2672,1.4970059880239521,689.12890625
03934_frog_eye_leaf_spot.jpg,frog_eye_leaf_spot,True,4000,2672,1.4970059880239521,931.9638671875
03935_frog_eye_leaf_spot.jpg,frog_eye_leaf_spot,True,4000,2672,1.4970059880239521,771.3486328125
03936_frog_eye_leaf_spot.jpg,frog_eye_leaf_spot,True,4000,2672,1.4970059880239521,743.1806640625
03937_frog_eye_leaf_spot.jpg,frog_eye_leaf_spot,True,4000,2672,1.4970059880239521,843.41796875
03938_frog_eye_leaf_spot.jpg,frog_eye_leaf_spot,True,4000,2672,1.4970059880239521,753.205078125
03939_frog_eye_leaf_spot.jpg,frog_eye_leaf_spot,True,4000,2672,1.4970059880239521,820.798828125
03940_frog_eye_leaf_spot.jpg,frog_eye_leaf_spot,True,4000,2672,1.4970059880239521,756.740234375
03941_frog_eye_leaf_spot.jpg,frog_eye_leaf_spot,True,4000,2672,1.4970059880239521,852.7490234375
03942_frog_eye_leaf_spot.jpg,frog_eye_leaf_spot,True,4000,2672,1.4970059880239521,603.3857421875
03943_frog_eye_leaf_spot.jpg,frog_eye_leaf_spot,True,4000,2672,1.4970059880239521,958.8056640625
03944_frog_eye_leaf_spot.jpg,frog_eye_leaf_spot,True,4000,2672,1.4970059880239521,972.6357421875
03945_frog_eye_leaf_spot.jpg,frog_eye_leaf_spot,True,4000,2672,1.4970059880239521,763.9072265625
03946_frog_eye_leaf_spot.jpg,frog_eye_leaf_spot,True,4000,2672,1.4970059880239521,708.7578125
03947_frog_eye_leaf_spot.jpg,frog_eye_leaf_spot,True,4000,2672,1.4970059880239521,875.330078125
03948_frog_eye_leaf_spot.jpg,frog_eye_leaf_spot,True,4000,2672,1.4970059880239521,874.0693359375
03949_frog_eye_leaf_spot.jpg,frog_eye_leaf_spot,True,4000,2672,1.4970059880239521,635.484375
03950_frog_eye_leaf_spot.jpg,frog_eye_leaf_spot,True,4000,2672,1.4970059880239521,890.55078125
03951_frog_eye_leaf_spot.jpg,frog_eye_leaf_spot,True,4000,2672,1.4970059880239521,1010.509765625
03952_frog_eye_leaf_spot.jpg,frog_eye_leaf_spot,True,4000,2672,1.4970059880239521,1008.5546875
03953_frog_eye_leaf_spot.jpg,frog_eye_leaf_spot,True,4000,2672,1.4970059880239521,942.3349609375
03954_frog_eye_leaf_spot.jpg,frog_eye_leaf_spot,True,4000,2672,1.4970059880239521,865.7421875
03955_frog_eye_leaf_spot.jpg,frog_eye_leaf_spot,True,4000,2672,1.4970059880239521,925.8701171875
03956_frog_eye_leaf_spot.jpg,frog_eye_leaf_spot,True,4000,2672,1.4970059880239521,665.9775390625
03957_frog_eye_leaf_spot.jpg,frog_eye_leaf_spot,True,4000,2672,1.4970059880239521,733.3740234375
03958_frog_eye_leaf_spot.jpg,frog_eye_leaf_spot,True,4000,2672,1.4970059880239521,812.3623046875
03959_frog_eye_leaf_spot.jpg,frog_eye_leaf_spot,True,4000,2672,1.4970059880239521,907.6953125
03960_frog_eye_leaf_spot.jpg,frog_eye_leaf_spot,True,4000,2672,1.4970059880239521,1013.669921875
03961_frog_eye_leaf_spot.jpg,frog_eye_leaf_spot,True,4000,2672,1.4970059880239521,990.9677734375
03962_frog_eye_leaf_spot.jpg,frog_eye_leaf_spot,True,4000,2672,1.4970059880239521,713.7822265625
03963_frog_eye_leaf_spot.jpg,frog_eye_leaf_spot,True,4000,2672,1.4970059880239521,599.396484375
03964_frog_eye_leaf_spot.jpg,frog_eye_leaf_spot,True,4000,2672,1.4970059880239521,934.1806640625
03965_frog_eye_leaf_spot.jpg,frog_eye_leaf_spot,True,4000,2672,1.4970059880239521,681.349609375
03966_frog_eye_leaf_spot.jpg,frog_eye_leaf_spot,True,4000,2672,1.4970059880239521,916.9638671875
03967_frog_eye_leaf_spot.jpg,frog_eye_leaf_spot,True,4000,2672,1.4970059880239521,915.564453125
03968_frog_eye_leaf_spot.jpg,frog_eye_leaf_spot,True,4000,2672,1.4970059880239521,991.0009765625
03969_frog_eye_leaf_spot.jpg,frog_eye_leaf_spot,True,4000,2672,1.4970059880239521,971.529296875
03970_frog_eye_leaf_spot.jpg,frog_eye_leaf_spot,True,4000,2672,1.4970059880239521,889.736328125
03971_frog_eye_leaf_spot.jpg,frog_eye_leaf_spot,True,4000,2672,1.4970059880239521,647.474609375
03972_frog_eye_leaf_spot.jpg,frog_eye_leaf_spot,True,2592,1728,1.5,213.75
03973_frog_eye_leaf_spot.jpg,frog_eye_leaf_spot,True,4000,2672,1.4970059880239521,804.4423828125
03974_frog_eye_leaf_spot.jpg,frog_eye_leaf_spot,True,4000,2672,1.4970059880239521,810.4267578125
03975_frog_eye_leaf_spot.jpg,frog_eye_leaf_spot,True,4000,2672,1.4970059880239521,637.2666015625
03976_frog_eye_leaf_spot.jpg,frog_eye_leaf_spot,True,4000,2672,1.4970059880239521,873.4287109375
03977_frog_eye_leaf_spot.jpg,frog_eye_leaf_spot,True,4000,2672,1.4970059880239521,865.314453125
03978_frog_eye_leaf_spot.jpg,frog_eye_leaf_spot,True,4000,2672,1.4970059880239521,899.3369140625
03979_frog_eye_leaf_spot.jpg,frog_eye_leaf_spot,True,4000,2672,1.4970059880239521,705.4375
03980_frog_eye_leaf_spot.jpg,frog_eye_leaf_spot,True,4000,2672,1.4970059880239521,894.8642578125
03981_frog_eye_leaf_spot.jpg,frog_eye_leaf_spot,True,4000,2672,1.4970059880239521,1038.505859375
03982_frog_eye_leaf_spot.jpg,frog_eye_leaf_spot,True,4000,2672,1.4970059880239521,857.9306640625
03983_frog_eye_leaf_spot.jpg,frog_eye_leaf_spot,True,4000,2672,1.4970059880239521,752.7001953125
03984_frog_eye_leaf_spot.jpg,frog_eye_leaf_spot,True,4000,2672,1.4970059880239521,1016.05859375
03985_frog_eye_leaf_spot.jpg,frog_eye_leaf_spot,True,4000,2672,1.4970059880239521,801.283203125
03986_frog_eye_leaf_spot.jpg,frog_eye_leaf_spot,True,4000,2672,1.4970059880239521,788.423828125
03987_frog_eye_leaf_spot.jpg,frog_eye_leaf_spot,True,4000,2672,1.4970059880239521,812.0859375
03988_frog_eye_leaf_spot.jpg,frog_eye_leaf_spot,True,4000,2672,1.4970059880239521,774.0625
03989_frog_eye_leaf_spot.jpg,frog_eye_leaf_spot,True,4000,2672,1.4970059880239521,898.0185546875
03990_frog_eye_leaf_spot.jpg,frog_eye_leaf_spot,True,4000,2672,1.4970059880239521,926.9033203125
03991_frog_eye_leaf_spot.jpg,frog_eye_leaf_spot,True,4000,2672,1.4970059880239521,887.537109375
03992_frog_eye_leaf_spot.jpg,frog_eye_leaf_spot,True,4000,2672,1.4970059880239521,950.087890625
03993_frog_eye_leaf_spot.jpg,frog_eye_leaf_spot,True,4000,2672,1.4970059880239521,865.029296875
03994_frog_eye_leaf_spot.jpg,frog_eye_leaf_spot,True,4000,2672,1.4970059880239521,761.78515625
03995_frog_eye_leaf_spot.jpg,frog_eye_leaf_spot,True,4000,2672,1.4970059880239521,778.572265625
03996_frog_eye_leaf_spot.jpg,frog_eye_leaf_spot,True,4000,2672,1.4970059880239521,790.703125
03997_frog_eye_leaf_spot.jpg,frog_eye_leaf_spot,True,4000,2672,1.4970059880239521,570.943359375
03998_frog_eye_leaf_spot.jpg,frog_eye_leaf_spot,True,4000,2672,1.4970059880239521,755.1259765625
03999_frog_eye_leaf_spot.jpg,frog_eye_leaf_spot,True,4000,2672,1.4970059880239521,638.6083984375
04000_frog_eye_leaf_spot.jpg,frog_eye_leaf_spot,True,4000,2672,1.4970059880239521,981.30078125
04001_frog_eye_leaf_spot.jpg,frog_eye_leaf_spot,True,4000,2672,1.4970059880239521,793.3046875
04002_frog_eye_leaf_spot.jpg,frog_eye_leaf_spot,True,4000,2672,1.4970059880239521,655.7998046875
04003_frog_eye_leaf_spot.jpg,frog_eye_leaf_spot,True,4000,2672,1.4970059880239521,908.935546875
04004_frog_eye_leaf_spot.jpg,frog_eye_leaf_spot,True,4000,2672,1.4970059880239521,1127.5107421875
04005_frog_eye_leaf_spot.jpg,frog_eye_leaf_spot,True,4000,2672,1.4970059880239521,903.4208984375
04006_frog_eye_leaf_spot.jpg,frog_eye_leaf_spot,True,4000,2672,1.4970059880239521,920.9111328125
04007_frog_eye_leaf_spot.jpg,frog_eye_leaf_spot,True,4000,2672,1.4970059880239521,512.3642578125
04008_frog_eye_leaf_spot.jpg,frog_eye_leaf_spot,True,4000,2672,1.4970059880239521,901.716796875
04009_frog_eye_leaf_spot.jpg,frog_eye_leaf_spot,True,4000,2672,1.4970059880239521,885.22265625
04010_frog_eye_leaf_spot.jpg,frog_eye_leaf_spot,True,4000,2672,1.4970059880239521,691.2255859375
04011_frog_eye_leaf_spot.jpg,frog_eye_leaf_spot,True,4000,2672,1.4970059880239521,579.390625
04012_frog_eye_leaf_spot.jpg,frog_eye_leaf_spot,True,4000,2672,1.4970059880239521,862.734375
04013_frog_eye_leaf_spot.jpg,frog_eye_leaf_spot,True,4000,2672,1.4970059880239521,787.2822265625
04014_frog_eye_leaf_spot.jpg,frog_eye_leaf_spot,True,4000,2672,1.4970059880239521,878.7529296875
04015_frog_eye_leaf_spot.jpg,frog_eye_leaf_spot,True,4000,2672,1.4970059880239521,986.453125
04016_frog_eye_leaf_spot.jpg,frog_eye_leaf_spot,True,4000,2672,1.4970059880239521,764.8154296875
04017_frog_eye_leaf_spot.jpg,frog_eye_leaf_spot,True,4000,2672,1.4970059880239521,804.6083984375
04018_frog_eye_leaf_spot.jpg,frog_eye_leaf_spot,True,4000,2672,1.4970059880239521,592.0361328125
04019_frog_eye_leaf_spot.jpg,frog_eye_leaf_spot,True,4000,2672,1.4970059880239521,699.322265625
04020_frog_eye_leaf_spot.jpg,frog_eye_leaf_spot,True,2592,1728,1.5,227.7939453125
04021_frog_eye_leaf_spot.jpg,frog_eye_leaf_spot,True,4000,2672,1.4970059880239521,631.4033203125
04022_frog_eye_leaf_spot.jpg,frog_eye_leaf_spot,True,4000,2672,1.4970059880239521,861.810546875
04023_frog_eye_leaf_spot.jpg,frog_eye_leaf_spot,True,4000,2672,1.4970059880239521,968.533203125
04024_frog_eye_leaf_spot.jpg,frog_eye_leaf_spot,True,4000,2672,1.4970059880239521,998.70703125
04025_frog_eye_leaf_spot.jpg,frog_eye_leaf_spot,True,4000,2672,1.4970059880239521,956.8603515625
04026_frog_eye_leaf_spot.jpg,frog_eye_leaf_spot,True,4000,2672,1.4970059880239521,821.9873046875
04027_frog_eye_leaf_spot.jpg,frog_eye_leaf_spot,True,4000,2672,1.4970059880239521,909.837890625
04028_frog_eye_leaf_spot.jpg,frog_eye_leaf_spot,True,4000,2672,1.4970059880239521,619.28515625
04029_frog_eye_leaf_spot.jpg,frog_eye_leaf_spot,True,4000,2672,1.4970059880239521,655.181640625
04030_frog_eye_leaf_spot.jpg,frog_eye_leaf_spot,True,4000,2672,1.4970059880239521,804.1484375
04031_frog_eye_leaf_spot.jpg,frog_eye_leaf_spot,True,4000,2672,1.4970059880239521,869.2158203125
04032_frog_eye_leaf_spot.jpg,frog_eye_leaf_spot,True,4000,2672,1.4970059880239521,811.603515625
04033_frog_eye_leaf_spot.jpg,frog_eye_leaf_spot,True,4000,2672,1.4970059880239521,881.453125
04034_frog_eye_leaf_spot.jpg,frog_eye_leaf_spot,True,4000,2672,1.4970059880239521,785.94921875
04035_frog_eye_leaf_spot.jpg,frog_eye_leaf_spot,True,4000,2672,1.4970059880239521,1032.25390625
04036_frog_eye_leaf_spot.jpg,frog_eye_leaf_spot,True,4000,2672,1.4970059880239521,882.482421875
04037_frog_eye_leaf_spot.jpg,frog_eye_leaf_spot,True,4000,2672,1.4970059880239521,781.3291015625
04038_frog_eye_leaf_spot.jpg,frog_eye_leaf_spot,True,4000,2672,1.4970059880239521,958.48828125
04039_frog_eye_leaf_spot.jpg,frog_eye_leaf_spot,True,4000,2672,1.4970059880239521,940.5419921875
04040_frog_eye_leaf_spot.jpg,frog_eye_leaf_spot,True,4000,2672,1.4970059880239521,868.0830078125
04041_frog_eye_leaf_spot.jpg,frog_eye_leaf_spot,True,2592,1728,1.5,295.791015625
04042_frog_eye_leaf_spot.jpg,frog_eye_leaf_spot,True,4000,2672,1.4970059880239521,863.0947265625
04043_frog_eye_leaf_spot.jpg,frog_eye_leaf_spot,True,4000,2672,1.4970059880239521,958.5166015625
04044_frog_eye_leaf_spot.jpg,frog_eye_leaf_spot,True,4000,2672,1.4970059880239521,820.171875
04045_frog_eye_leaf_spot.jpg,frog_eye_leaf_spot,True,4000,2672,1.4970059880239521,823.626953125
04046_frog_eye_leaf_spot.jpg,frog_eye_leaf_spot,True,4000,2672,1.4970059880239521,785.4716796875
04047_frog_eye_leaf_spot.jpg,frog_eye_leaf_spot,True,4000,2672,1.4970059880239521,1002.7919921875
04048_frog_eye_leaf_spot.jpg,frog_eye_leaf_spot,True,4000,2672,1.4970059880239521,900.1953125
04049_frog_eye_leaf_spot.jpg,frog_eye_leaf_spot,True,4000,2672,1.4970059880239521,1062.875
04050_frog_eye_leaf_spot.jpg,frog_eye_leaf_spot,True,4000,2672,1.4970059880239521,907.7568359375
04051_frog_eye_leaf_spot.jpg,frog_eye_leaf_spot,True,4000,2672,1.4970059880239521,761.1123046875
04052_frog_eye_leaf_spot.jpg,frog_eye_leaf_spot,True,4000,2672,1.4970059880239521,825.9287109375
04053_frog_eye_leaf_spot.jpg,frog_eye_leaf_spot,True,4000,2672,1.4970059880239521,934.7392578125
04054_frog_eye_leaf_spot.jpg,frog_eye_leaf_spot,True,4000,2672,1.4970059880239521,1059.8974609375
04055_frog_eye_leaf_spot.jpg,frog_eye_leaf_spot,True,4000,2672,1.4970059880239521,705.9345703125
04056_frog_eye_leaf_spot.jpg,frog_eye_leaf_spot,True,4000,2672,1.4970059880239521,822.2509765625
04057_frog_eye_leaf_spot.jpg,frog_eye_leaf_spot,True,4000,2672,1.4970059880239521,960.859375
04058_frog_eye_leaf_spot.jpg,frog_eye_leaf_spot,True,4000,2672,1.4970059880239521,729.572265625
04059_frog_eye_leaf_spot.jpg,frog_eye_leaf_spot,True,4000,2672,1.4970059880239521,1199.8984375
04060_frog_eye_leaf_spot.jpg,frog_eye_leaf_spot,True,4000,2672,1.4970059880239521,648.4833984375
04061_frog_eye_leaf_spot.jpg,frog_eye_leaf_spot,True,4000,2672,1.4970059880239521,849.53125
04062_frog_eye_leaf_spot.jpg,frog_eye_leaf_spot,True,4000,2672,1.4970059880239521,786.466796875
04063_frog_eye_leaf_spot.jpg,frog_eye_leaf_spot,True,4000,2672,1.4970059880239521,817.388671875
04064_frog_eye_leaf_spot.jpg,frog_eye_leaf_spot,True,4000,2672,1.4970059880239521,892.2451171875
04065_frog_eye_leaf_spot.jpg,frog_eye_leaf_spot,True,4000,2672,1.4970059880239521,737.30078125
04066_frog_eye_leaf_spot.jpg,frog_eye_leaf_spot,True,4000,2672,1.4970059880239521,702.142578125
04067_frog_eye_leaf_spot.jpg,frog_eye_leaf_spot,True,4000,2672,1.4970059880239521,869.0205078125
04068_frog_eye_leaf_spot.jpg,frog_eye_leaf_spot,True,4000,2672,1.4970059880239521,1040.794921875
04069_frog_eye_leaf_spot.jpg,frog_eye_leaf_spot,True,4000,2672,1.4970059880239521,789.4091796875
04070_frog_eye_leaf_spot.jpg,frog_eye_leaf_spot,True,4000,2672,1.4970059880239521,575.82421875
04071_frog_eye_leaf_spot.jpg,frog_eye_leaf_spot,True,4000,2672,1.4970059880239521,776.0029296875
04072_frog_eye_leaf_spot.jpg,frog_eye_leaf_spot,True,4000,2672,1.4970059880239521,803.8125
04073_frog_eye_leaf_spot.jpg,frog_eye_leaf_spot,True,4000,2672,1.4970059880239521,1083.0546875
04074_frog_eye_leaf_spot.jpg,frog_eye_leaf_spot,True,4000,2672,1.4970059880239521,948.53125
04075_frog_eye_leaf_spot.jpg,frog_eye_leaf_spot,True,4000,2672,1.4970059880239521,779.5546875
04076_frog_eye_leaf_spot.jpg,frog_eye_leaf_spot,True,4000,2672,1.4970059880239521,924.1201171875
04077_frog_eye_leaf_spot.jpg,frog_eye_leaf_spot,True,4000,2672,1.4970059880239521,796.603515625
04078_frog_eye_leaf_spot.jpg,frog_eye_leaf_spot,True,4000,2672,1.4970059880239521,1183.1494140625
04079_frog_eye_leaf_spot.jpg,frog_eye_leaf_spot,True,4000,2672,1.4970059880239521,716.37109375
04080_frog_eye_leaf_spot.jpg,frog_eye_leaf_spot,True,4000,2672,1.4970059880239521,866.54296875
04081_frog_eye_leaf_spot.jpg,frog_eye_leaf_spot,True,4000,2672,1.4970059880239521,795.65234375
04082_frog_eye_leaf_spot.jpg,frog_eye_leaf_spot,True,2592,1728,1.5,288.63671875
04083_frog_eye_leaf_spot.jpg,frog_eye_leaf_spot,True,4000,2672,1.4970059880239521,798.365234375
04084_frog_eye_leaf_spot.jpg,frog_eye_leaf_spot,True,4000,2672,1.4970059880239521,1056.0810546875
04085_frog_eye_leaf_spot.jpg,frog_eye_leaf_spot,True,4000,2672,1.4970059880239521,882.330078125
04086_frog_eye_leaf_spot.jpg,frog_eye_leaf_spot,True,4000,2672,1.4970059880239521,711.01953125
04087_frog_eye_leaf_spot.jpg,frog_eye_leaf_spot,True,4000,2672,1.4970059880239521,939.2197265625
04088_frog_eye_leaf_spot.jpg,frog_eye_leaf_spot,True,4000,2672,1.4970059880239521,702.2294921875
04089_frog_eye_leaf_spot.jpg,frog_eye_leaf_spot,True,4000,2672,1.4970059880239521,908.2060546875
04090_frog_eye_leaf_spot.jpg,frog_eye_leaf_spot,True,4000,2672,1.4970059880239521,687.9091796875
04091_frog_eye_leaf_spot.jpg,frog_eye_leaf_spot,True,4000,2672,1.4970059880239521,952.9541015625
04092_frog_eye_leaf_spot.jpg,frog_eye_leaf_spot,True,4000,2672,1.4970059880239521,935.3271484375
04093_frog_eye_leaf_spot.jpg,frog_eye_leaf_spot,True,4000,2672,1.4970059880239521,939.5224609375
04094_frog_eye_leaf_spot.jpg,frog_eye_leaf_spot,True,4000,2672,1.4970059880239521,672.6318359375
04095_frog_eye_leaf_spot.jpg,frog_eye_leaf_spot,True,4000,2672,1.4970059880239521,828.6728515625
04096_frog_eye_leaf_spot.jpg,frog_eye_leaf_spot,True,4000,2672,1.4970059880239521,719.328125
04097_frog_eye_leaf_spot.jpg,frog_eye_leaf_spot,True,4000,2672,1.4970059880239521,678.1025390625
04098_frog_eye_leaf_spot.jpg,frog_eye_leaf_spot,True,4000,2672,1.4970059880239521,722.603515625
04099_frog_eye_leaf_spot.jpg,frog_eye_leaf_spot,True,4000,2672,1.4970059880239521,672.03515625
04100_frog_eye_leaf_spot.jpg,frog_eye_leaf_spot,True,4000,2672,1.4970059880239521,638.0390625
04101_frog_eye_leaf_spot.jpg,frog_eye_leaf_spot,True,4000,2672,1.4970059880239521,898.283203125
04102_frog_eye_leaf_spot.jpg,frog_eye_leaf_spot,True,4000,2672,1.4970059880239521,819.3134765625
04103_frog_eye_leaf_spot.jpg,frog_eye_leaf_spot,True,4000,2672,1.4970059880239521,635.9248046875
04104_frog_eye_leaf_spot.jpg,frog_eye_leaf_spot,True,4000,2672,1.4970059880239521,625.7978515625
04105_frog_eye_leaf_spot.jpg,frog_eye_leaf_spot,True,4000,2672,1.4970059880239521,816.931640625
04106_frog_eye_leaf_spot.jpg,frog_eye_leaf_spot,True,4000,2672,1.4970059880239521,773.923828125
04107_frog_eye_leaf_spot.jpg,frog_eye_leaf_spot,True,4000,2672,1.4970059880239521,788.9453125
04108_frog_eye_leaf_spot.jpg,frog_eye_leaf_spot,True,4000,2672,1.4970059880239521,562.3564453125
04109_frog_eye_leaf_spot.jpg,frog_eye_leaf_spot,True,4000,2672,1.4970059880239521,971.41796875
04110_frog_eye_leaf_spot.jpg,frog_eye_leaf_spot,True,4000,2672,1.4970059880239521,806.623046875
04111_frog_eye_leaf_spot.jpg,frog_eye_leaf_spot,True,4000,2672,1.4970059880239521,888.123046875
04112_frog_eye_leaf_spot.jpg,frog_eye_leaf_spot,True,4000,2672,1.4970059880239521,1175.1533203125
04113_frog_eye_leaf_spot.jpg,frog_eye_leaf_spot,True,4000,2672,1.4970059880239521,1072.671875
04114_frog_eye_leaf_spot.jpg,frog_eye_leaf_spot,True,4000,2672,1.4970059880239521,997.333984375
04115_frog_eye_leaf_spot.jpg,frog_eye_leaf_spot,True,4000,2672,1.4970059880239521,1013.6025390625
04116_frog_eye_leaf_spot.jpg,frog_eye_leaf_spot,True,4000,2672,1.4970059880239521,702.033203125
04117_frog_eye_leaf_spot.jpg,frog_eye_leaf_spot,True,4000,2672,1.4970059880239521,896.6484375
04118_frog_eye_leaf_spot.jpg,frog_eye_leaf_spot,True,4000,2672,1.4970059880239521,870.02734375
04119_frog_eye_leaf_spot.jpg,frog_eye_leaf_spot,True,4000,2672,1.4970059880239521,956.0087890625
04120_frog_eye_leaf_spot.jpg,frog_eye_leaf_spot,True,4000,2672,1.4970059880239521,768.5830078125
04121_frog_eye_leaf_spot.jpg,frog_eye_leaf_spot,True,4000,2672,1.4970059880239521,977.939453125
04122_frog_eye_leaf_spot.jpg,frog_eye_leaf_spot,True,4000,2672,1.4970059880239521,630.1328125
04123_frog_eye_leaf_spot.jpg,frog_eye_leaf_spot,True,4000,2672,1.4970059880239521,542.0048828125
04124_frog_eye_leaf_spot.jpg,frog_eye_leaf_spot,True,4000,2672,1.4970059880239521,750.529296875
04125_frog_eye_leaf_spot.jpg,frog_eye_leaf_spot,True,4000,2672,1.4970059880239521,1019.826171875
04126_frog_eye_leaf_spot.jpg,frog_eye_leaf_spot,True,4000,2672,1.4970059880239521,925.5048828125
04127_frog_eye_leaf_spot.jpg,frog_eye_leaf_spot,True,4000,2672,1.4970059880239521,957.7001953125
04128_frog_eye_leaf_spot.jpg,frog_eye_leaf_spot,True,4000,2672,1.4970059880239521,868.36328125
04129_frog_eye_leaf_spot.jpg,frog_eye_leaf_spot,True,4000,2672,1.4970059880239521,593.703125
04130_frog_eye_leaf_spot.jpg,frog_eye_leaf_spot,True,4000,2672,1.4970059880239521,770.4482421875
04131_frog_eye_leaf_spot.jpg,frog_eye_leaf_spot,True,4000,2672,1.4970059880239521,1014.2939453125
04132_frog_eye_leaf_spot.jpg,frog_eye_leaf_spot,True,4000,2672,1.4970059880239521,719.630859375
04133_frog_eye_leaf_spot.jpg,frog_eye_leaf_spot,True,4000,2672,1.4970059880239521,520.86328125
04134_frog_eye_leaf_spot.jpg,frog_eye_leaf_spot,True,4000,2672,1.4970059880239521,872.0927734375
04135_frog_eye_leaf_spot.jpg,frog_eye_leaf_spot,True,4000,2672,1.4970059880239521,1034.15625
04136_frog_eye_leaf_spot.jpg,frog_eye_leaf_spot,True,4000,2672,1.4970059880239521,988.3095703125
04137_frog_eye_leaf_spot.jpg,frog_eye_leaf_spot,True,4000,2672,1.4970059880239521,649.2060546875
04138_frog_eye_leaf_spot.jpg,frog_eye_leaf_spot,True,4000,2672,1.4970059880239521,799.2685546875
04139_frog_eye_leaf_spot.jpg,frog_eye_leaf_spot,True,4000,2672,1.4970059880239521,794.123046875
04140_frog_eye_leaf_spot.jpg,frog_eye_leaf_spot,True,4000,2672,1.4970059880239521,933.396484375
04141_frog_eye_leaf_spot.jpg,frog_eye_leaf_spot,True,4000,2672,1.4970059880239521,941.4375
04142_frog_eye_leaf_spot.jpg,frog_eye_leaf_spot,True,4000,2672,1.4970059880239521,819.7587890625
04143_frog_eye_leaf_spot.jpg,frog_eye_leaf_spot,True,4000,2672,1.4970059880239521,856.701171875
04144_frog_eye_leaf_spot.jpg,frog_eye_leaf_spot,True,4000,2672,1.4970059880239521,958.3701171875
04145_frog_eye_leaf_spot.jpg,frog_eye_leaf_spot,True,4000,2672,1.4970059880239521,804.1728515625
04146_frog_eye_leaf_spot.jpg,frog_eye_leaf_spot,True,4000,2672,1.4970059880239521,780.37109375
04147_frog_eye_leaf_spot.jpg,frog_eye_leaf_spot,True,4000,2672,1.4970059880239521,967.611328125
04148_frog_eye_leaf_spot.jpg,frog_eye_leaf_spot,True,4000,2672,1.4970059880239521,1097.32421875
04149_frog_eye_leaf_spot.jpg,frog_eye_leaf_spot,True,4000,2672,1.4970059880239521,817.1484375
04150_frog_eye_leaf_spot.jpg,frog_eye_leaf_spot,True,4000,2672,1.4970059880239521,768.95703125
04151_frog_eye_leaf_spot.jpg,frog_eye_leaf_spot,True,4000,2672,1.4970059880239521,973.44140625
04152_frog_eye_leaf_spot.jpg,frog_eye_leaf_spot,True,4000,2672,1.4970059880239521,749.1123046875
04153_frog_eye_leaf_spot.jpg,frog_eye_leaf_spot,True,4000,2672,1.4970059880239521,945.4130859375
04154_frog_eye_leaf_spot.jpg,frog_eye_leaf_spot,True,4000,2672,1.4970059880239521,818.041015625
04155_frog_eye_leaf_spot.jpg,frog_eye_leaf_spot,True,4000,2672,1.4970059880239521,715.84765625
04156_frog_eye_leaf_spot.jpg,frog_eye_leaf_spot,True,4000,2672,1.4970059880239521,794.1787109375
04157_frog_eye_leaf_spot.jpg,frog_eye_leaf_spot,True,4000,2672,1.4970059880239521,871.6640625
04158_frog_eye_leaf_spot.jpg,frog_eye_leaf_spot,True,4000,2672,1.4970059880239521,531.9169921875
04159_frog_eye_leaf_spot.jpg,frog_eye_leaf_spot,True,4000,2672,1.4970059880239521,1028.2001953125
04160_frog_eye_leaf_spot.jpg,frog_eye_leaf_spot,True,4000,2672,1.4970059880239521,700.267578125
04161_frog_eye_leaf_spot.jpg,frog_eye_leaf_spot,True,4000,2672,1.4970059880239521,1024.595703125
04162_frog_eye_leaf_spot.jpg,frog_eye_leaf_spot,True,4000,2672,1.4970059880239521,652.1962890625
04163_frog_eye_leaf_spot.jpg,frog_eye_leaf_spot,True,2592,1728,1.5,389.330078125
04164_frog_eye_leaf_spot.jpg,frog_eye_leaf_spot,True,4000,2672,1.4970059880239521,762.3408203125
04165_frog_eye_leaf_spot.jpg,frog_eye_leaf_spot,True,4000,2672,1.4970059880239521,884.3779296875
04166_frog_eye_leaf_spot.jpg,frog_eye_leaf_spot,True,4000,2672,1.4970059880239521,800.1787109375
04167_frog_eye_leaf_spot.jpg,frog_eye_leaf_spot,True,4000,3000,1.3333333333333333,830.2265625
04168_frog_eye_leaf_spot.jpg,frog_eye_leaf_spot,True,4000,2672,1.4970059880239521,774.1494140625
04169_frog_eye_leaf_spot.jpg,frog_eye_leaf_spot,True,4000,2672,1.4970059880239521,945.8984375
04170_frog_eye_leaf_spot.jpg,frog_eye_leaf_spot,True,4000,2672,1.4970059880239521,784.8125
04171_frog_eye_leaf_spot.jpg,frog_eye_leaf_spot,True,4000,2672,1.4970059880239521,893.1748046875
04172_frog_eye_leaf_spot.jpg,frog_eye_leaf_spot,True,4000,2672,1.4970059880239521,838.68359375
04173_frog_eye_leaf_spot.jpg,frog_eye_leaf_spot,True,4000,2672,1.4970059880239521,1057.6630859375
04174_frog_eye_leaf_spot.jpg,frog_eye_leaf_spot,True,4000,2672,1.4970059880239521,842.9619140625
04175_frog_eye_leaf_spot.jpg,frog_eye_leaf_spot,True,4000,2672,1.4970059880239521,807.978515625
04176_frog_eye_leaf_spot.jpg,frog_eye_leaf_spot,True,4000,2672,1.4970059880239521,820.251953125
04177_frog_eye_leaf_spot.jpg,frog_eye_leaf_spot,True,4000,2672,1.4970059880239521,855.3408203125
04178_frog_eye_leaf_spot.jpg,frog_eye_leaf_spot,True,4000,2672,1.4970059880239521,894.4052734375
04179_frog_eye_leaf_spot.jpg,frog_eye_leaf_spot,True,4000,2672,1.4970059880239521,800.6904296875
04180_frog_eye_leaf_spot.jpg,frog_eye_leaf_spot,True,4000,2672,1.4970059880239521,704.548828125
04181_frog_eye_leaf_spot.jpg,frog_eye_leaf_spot,True,4000,2672,1.4970059880239521,938.8779296875
04182_frog_eye_leaf_spot.jpg,frog_eye_leaf_spot,True,5184,3456,1.5,834.017578125
04183_frog_eye_leaf_spot.jpg,frog_eye_leaf_spot,True,4000,2672,1.4970059880239521,892.4931640625
04184_frog_eye_leaf_spot.jpg,frog_eye_leaf_spot,True,4000,2672,1.4970059880239521,574.8994140625
04185_frog_eye_leaf_spot.jpg,frog_eye_leaf_spot,True,4000,2672,1.4970059880239521,778.2529296875
04186_frog_eye_leaf_spot.jpg,frog_eye_leaf_spot,True,4000,2672,1.4970059880239521,834.484375
04187_frog_eye_leaf_spot.jpg,frog_eye_leaf_spot,True,4000,2672,1.4970059880239521,826.0068359375
04188_frog_eye_leaf_spot.jpg,frog_eye_leaf_spot,True,4000,2672,1.4970059880239521,875.0654296875
04189_frog_eye_leaf_spot.jpg,frog_eye_leaf_spot,True,4000,2672,1.4970059880239521,767.5390625
04190_frog_eye_leaf_spot.jpg,frog_eye_leaf_spot,True,4000,2672,1.4970059880239521,699.9384765625
04191_frog_eye_leaf_spot.jpg,frog_eye_leaf_spot,True,4000,2672,1.4970059880239521,900.38671875
04192_frog_eye_leaf_spot.jpg,frog_eye_leaf_spot,True,4000,2672,1.4970059880239521,993.080078125
04193_frog_eye_leaf_spot.jpg,frog_eye_leaf_spot,True,4000,2672,1.4970059880239521,789.861328125
04194_frog_eye_leaf_spot.jpg,frog_eye_leaf_spot,True,4000,2672,1.4970059880239521,1096.6005859375
04195_frog_eye_leaf_spot.jpg,frog_eye_leaf_spot,True,4000,2672,1.4970059880239521,968.076171875
04196_frog_eye_leaf_spot.jpg,frog_eye_leaf_spot,True,4000,2672,1.4970059880239521,884.998046875
04197_frog_eye_leaf_spot.jpg,frog_eye_leaf_spot,True,4000,2672,1.4970059880239521,924.5576171875
04198_frog_eye_leaf_spot.jpg,frog_eye_leaf_spot,True,4000,2672,1.4970059880239521,776.9560546875
04199_frog_eye_leaf_spot.jpg,frog_eye_leaf_spot,True,4000,2672,1.4970059880239521,713.43359375
04200_frog_eye_leaf_spot.jpg,frog_eye_leaf_spot,True,4000,2672,1.4970059880239521,805.3134765625
04201_frog_eye_leaf_spot.jpg,frog_eye_leaf_spot,True,4000,2672,1.4970059880239521,1052.7822265625
04202_frog_eye_leaf_spot.jpg,frog_eye_leaf_spot,True,4000,2672,1.4970059880239521,810.640625
04203_frog_eye_leaf_spot.jpg,frog_eye_leaf_spot,True,4000,2672,1.4970059880239521,797.7900390625
04204_frog_eye_leaf_spot.jpg,frog_eye_leaf_spot,True,4000,2672,1.4970059880239521,983.1171875
04205_frog_eye_leaf_spot.jpg,frog_eye_leaf_spot,True,4000,2672,1.4970059880239521,880.845703125
04206_frog_eye_leaf_spot.jpg,frog_eye_leaf_spot,True,4000,2672,1.4970059880239521,752.419921875
04207_frog_eye_leaf_spot.jpg,frog_eye_leaf_spot,True,4000,2672,1.4970059880239521,800.8408203125
04208_frog_eye_leaf_spot.jpg,frog_eye_leaf_spot,True,4000,2672,1.4970059880239521,1075.251953125
04209_frog_eye_leaf_spot.jpg,frog_eye_leaf_spot,True,4000,2672,1.4970059880239521,698.2021484375
04210_frog_eye_leaf_spot.jpg,frog_eye_leaf_spot,True,4000,2672,1.4970059880239521,628.587890625
04211_frog_eye_leaf_spot.jpg,frog_eye_leaf_spot,True,4000,2672,1.4970059880239521,601.060546875
04212_frog_eye_leaf_spot.jpg,frog_eye_leaf_spot,True,4000,2672,1.4970059880239521,880.6142578125
04213_frog_eye_leaf_spot.jpg,frog_eye_leaf_spot,True,4000,2672,1.4970059880239521,629.634765625
04214_frog_eye_leaf_spot.jpg,frog_eye_leaf_spot,True,4000,2672,1.4970059880239521,748.328125
04215_frog_eye_leaf_spot.jpg,frog_eye_leaf_spot,True,4000,2672,1.4970059880239521,871.087890625
04216_frog_eye_leaf_spot.jpg,frog_eye_leaf_spot,True,4000,2672,1.4970059880239521,1048.765625
04217_frog_eye_leaf_spot.jpg,frog_eye_leaf_spot,True,4000,2672,1.4970059880239521,823.1572265625
04218_frog_eye_leaf_spot.jpg,frog_eye_leaf_spot,True,4000,2672,1.4970059880239521,985.06640625
04219_frog_eye_leaf_spot.jpg,frog_eye_leaf_spot,True,4000,2672,1.4970059880239521,682.611328125
04220_frog_eye_leaf_spot.jpg,frog_eye_leaf_spot,True,4000,2672,1.4970059880239521,720.443359375
04221_frog_eye_leaf_spot.jpg,frog_eye_leaf_spot,True,4000,2672,1.4970059880239521,648.4873046875
04222_frog_eye_leaf_spot.jpg,frog_eye_leaf_spot,True,4000,2672,1.4970059880239521,778.419921875
04223_frog_eye_leaf_spot.jpg,frog_eye_leaf_spot,True,4000,2672,1.4970059880239521,1043.6884765625
04224_frog_eye_leaf_spot.jpg,frog_eye_leaf_spot,True,4000,2672,1.4970059880239521,861.8251953125
04225_frog_eye_leaf_spot.jpg,frog_eye_leaf_spot,True,4000,2672,1.4970059880239521,1084.552734375
04226_frog_eye_leaf_spot.jpg,frog_eye_leaf_spot,True,4000,2672,1.4970059880239521,874.8466796875
04227_frog_eye_leaf_spot.jpg,frog_eye_leaf_spot,True,4000,2672,1.4970059880239521,680.21484375
04228_frog_eye_leaf_spot.jpg,frog_eye_leaf_spot,True,4000,2672,1.4970059880239521,767.7490234375
04229_frog_eye_leaf_spot.jpg,frog_eye_leaf_spot,True,4000,2672,1.4970059880239521,799.837890625
04230_frog_eye_leaf_spot.jpg,frog_eye_leaf_spot,True,4000,2672,1.4970059880239521,768.1435546875
04231_frog_eye_leaf_spot.jpg,frog_eye_leaf_spot,True,4000,2672,1.4970059880239521,772.1298828125
04232_frog_eye_leaf_spot.jpg,frog_eye_leaf_spot,True,4000,2672,1.4970059880239521,831.919921875
04233_frog_eye_leaf_spot.jpg,frog_eye_leaf_spot,True,4000,2672,1.4970059880239521,806.205078125
04234_frog_eye_leaf_spot.jpg,frog_eye_leaf_spot,True,4000,2672,1.4970059880239521,960.9482421875
04235_frog_eye_leaf_spot.jpg,frog_eye_leaf_spot,True,4000,2672,1.4970059880239521,755.07421875
04236_frog_eye_leaf_spot.jpg,frog_eye_leaf_spot,True,4000,2672,1.4970059880239521,1019.14453125
04237_frog_eye_leaf_spot.jpg,frog_eye_leaf_spot,True,4000,2672,1.4970059880239521,754.2685546875
04238_frog_eye_leaf_spot.jpg,frog_eye_leaf_spot,True,4000,2672,1.4970059880239521,981.404296875
04239_frog_eye_leaf_spot.jpg,frog_eye_leaf_spot,True,4000,2672,1.4970059880239521,914.4638671875
04240_frog_eye_leaf_spot.jpg,frog_eye_leaf_spot,True,4000,2672,1.4970059880239521,800.248046875
04241_frog_eye_leaf_spot.jpg,frog_eye_leaf_spot,True,4000,2672,1.4970059880239521,1066.06640625
04242_frog_eye_leaf_spot.jpg,frog_eye_leaf_spot,True,4000,2672,1.4970059880239521,817.041015625
04243_frog_eye_leaf_spot.jpg,frog_eye_leaf_spot,True,4000,2672,1.4970059880239521,968.6806640625
04244_frog_eye_leaf_spot.jpg,frog_eye_leaf_spot,True,4000,2672,1.4970059880239521,765.4013671875
04245_frog_eye_leaf_spot.jpg,frog_eye_leaf_spot,True,4000,2672,1.4970059880239521,886.0009765625
04246_frog_eye_leaf_spot.jpg,frog_eye_leaf_spot,True,4000,2672,1.4970059880239521,686.783203125
04247_frog_eye_leaf_spot.jpg,frog_eye_leaf_spot,True,4000,2672,1.4970059880239521,725.4736328125
04248_frog_eye_leaf_spot.jpg,frog_eye_leaf_spot,True,4000,2672,1.4970059880239521,690.01953125
04249_frog_eye_leaf_spot.jpg,frog_eye_leaf_spot,True,4000,2672,1.4970059880239521,851.48828125
04250_frog_eye_leaf_spot.jpg,frog_eye_leaf_spot,True,4000,2672,1.4970059880239521,827.8251953125
04251_frog_eye_leaf_spot.jpg,frog_eye_leaf_spot,True,4000,2672,1.4970059880239521,722.1064453125
04252_frog_eye_leaf_spot.jpg,frog_eye_leaf_spot,True,4000,2672,1.4970059880239521,678.5556640625
04253_frog_eye_leaf_spot.jpg,frog_eye_leaf_spot,True,4000,2672,1.4970059880239521,574.4423828125
04254_frog_eye_leaf_spot.jpg,frog_eye_leaf_spot,True,4000,2672,1.4970059880239521,866.6767578125
04255_frog_eye_leaf_spot.jpg,frog_eye_leaf_spot,True,4000,3000,1.3333333333333333,973.0146484375
04256_frog_eye_leaf_spot.jpg,frog_eye_leaf_spot,True,4000,2672,1.4970059880239521,710.1025390625
04257_frog_eye_leaf_spot.jpg,frog_eye_leaf_spot,True,4000,2672,1.4970059880239521,1038.8037109375
04258_frog_eye_leaf_spot.jpg,frog_eye_leaf_spot,True,4000,2672,1.4970059880239521,933.4775390625
04259_frog_eye_leaf_spot.jpg,frog_eye_leaf_spot,True,4000,2672,1.4970059880239521,964.912109375
04260_frog_eye_leaf_spot.jpg,frog_eye_leaf_spot,True,4000,2672,1.4970059880239521,668.0517578125
04261_frog_eye_leaf_spot.jpg,frog_eye_leaf_spot,True,4000,2672,1.4970059880239521,765.693359375
04262_frog_eye_leaf_spot.jpg,frog_eye_leaf_spot,True,4000,2672,1.4970059880239521,696.828125
04263_frog_eye_leaf_spot.jpg,frog_eye_leaf_spot,True,4000,3000,1.3333333333333333,992.42578125
04264_frog_eye_leaf_spot.jpg,frog_eye_leaf_spot,True,4000,3000,1.3333333333333333,997.9990234375
04265_frog_eye_leaf_spot.jpg,frog_eye_leaf_spot,True,4000,2672,1.4970059880239521,869.1162109375
04266_frog_eye_leaf_spot.jpg,frog_eye_leaf_spot,True,4000,2672,1.4970059880239521,928.2333984375
04267_frog_eye_leaf_spot.jpg,frog_eye_leaf_spot,True,4000,2672,1.4970059880239521,1062.4287109375
04268_frog_eye_leaf_spot.jpg,frog_eye_leaf_spot,True,4000,2672,1.4970059880239521,769.490234375
04269_frog_eye_leaf_spot.jpg,frog_eye_leaf_spot,True,4000,2672,1.4970059880239521,796.9501953125
04270_frog_eye_leaf_spot.jpg,frog_eye_leaf_spot,True,4000,2672,1.4970059880239521,810.064453125
04271_frog_eye_leaf_spot.jpg,frog_eye_leaf_spot,True,4000,2672,1.4970059880239521,886.9794921875
04272_frog_eye_leaf_spot.jpg,frog_eye_leaf_spot,True,4000,2672,1.4970059880239521,712.677734375
04273_frog_eye_leaf_spot.jpg,frog_eye_leaf_spot,True,4000,2672,1.4970059880239521,928.0146484375
04274_frog_eye_leaf_spot.jpg,frog_eye_leaf_spot,True,4000,2672,1.4970059880239521,792.5078125
04275_frog_eye_leaf_spot.jpg,frog_eye_leaf_spot,True,4000,2672,1.4970059880239521,932.8779296875
04276_frog_eye_leaf_spot.jpg,frog_eye_leaf_spot,True,4000,2672,1.4970059880239521,856.8095703125
04277_frog_eye_leaf_spot.jpg,frog_eye_leaf_spot,True,4000,2672,1.4970059880239521,848.2705078125
04278_frog_eye_leaf_spot.jpg,frog_eye_leaf_spot,True,4000,3000,1.3333333333333333,927.7158203125
04279_frog_eye_leaf_spot.jpg,frog_eye_leaf_spot,True,4000,2672,1.4970059880239521,934.9755859375
04280_frog_eye_leaf_spot.jpg,frog_eye_leaf_spot,True,4000,2672,1.4970059880239521,1099.4189453125
04281_frog_eye_leaf_spot.jpg,frog_eye_leaf_spot,True,4000,2672,1.4970059880239521,690.2587890625
04282_frog_eye_leaf_spot.jpg,frog_eye_leaf_spot,True,4000,2672,1.4970059880239521,712.255859375
04283_frog_eye_leaf_spot.jpg,frog_eye_leaf_spot,True,4000,2672,1.4970059880239521,710.224609375
04284_frog_eye_leaf_spot.jpg,frog_eye_leaf_spot,True,4000,2672,1.4970059880239521,950.615234375
04285_frog_eye_leaf_spot.jpg,frog_eye_leaf_spot,True,4000,2672,1.4970059880239521,744.7783203125
04286_frog_eye_leaf_spot.jpg,frog_eye_leaf_spot,True,4000,2672,1.4970059880239521,859.5166015625
04287_frog_eye_leaf_spot.jpg,frog_eye_leaf_spot,True,4000,2672,1.4970059880239521,897.955078125
04288_frog_eye_leaf_spot.jpg,frog_eye_leaf_spot,True,4000,2672,1.4970059880239521,850.666015625
04289_frog_eye_leaf_spot.jpg,frog_eye_leaf_spot,True,4000,2672,1.4970059880239521,929.833984375
04290_frog_eye_leaf_spot.jpg,frog_eye_leaf_spot,True,4000,2672,1.4970059880239521,994.1484375
04291_frog_eye_leaf_spot.jpg,frog_eye_leaf_spot,True,4000,2672,1.4970059880239521,812.6484375
04292_frog_eye_leaf_spot.jpg,frog_eye_leaf_spot,True,4000,2672,1.4970059880239521,882.361328125
04293_frog_eye_leaf_spot.jpg,frog_eye_leaf_spot,True,4000,2672,1.4970059880239521,959.6005859375
04294_frog_eye_leaf_spot.jpg,frog_eye_leaf_spot,True,4000,2672,1.4970059880239521,964.0830078125
04295_frog_eye_leaf_spot.jpg,frog_eye_leaf_spot,True,4000,2672,1.4970059880239521,588.375
04296_frog_eye_leaf_spot.jpg,frog_eye_leaf_spot,True,4000,2672,1.4970059880239521,809.814453125
04297_frog_eye_leaf_spot.jpg,frog_eye_leaf_spot,True,4000,2672,1.4970059880239521,927.0029296875
04298_frog_eye_leaf_spot.jpg,frog_eye_leaf_spot,True,4000,2672,1.4970059880239521,701.630859375
04299_frog_eye_leaf_spot.jpg,frog_eye_leaf_spot,True,4000,2672,1.4970059880239521,962.2001953125
04300_frog_eye_leaf_spot.jpg,frog_eye_leaf_spot,True,4000,2672,1.4970059880239521,1009.5
04301_frog_eye_leaf_spot.jpg,frog_eye_leaf_spot,True,4000,2672,1.4970059880239521,820.076171875
04302_frog_eye_leaf_spot.jpg,frog_eye_leaf_spot,True,4000,2672,1.4970059880239521,1094.0048828125
04303_frog_eye_leaf_spot.jpg,frog_eye_leaf_spot,True,4000,2672,1.4970059880239521,783.943359375
04304_frog_eye_leaf_spot.jpg,frog_eye_leaf_spot,True,4000,2672,1.4970059880239521,791.267578125
04305_frog_eye_leaf_spot.jpg,frog_eye_leaf_spot,True,2592,1728,1.5,303.3212890625
04306_frog_eye_leaf_spot.jpg,frog_eye_leaf_spot,True,4000,2672,1.4970059880239521,735.5634765625
04307_frog_eye_leaf_spot.jpg,frog_eye_leaf_spot,True,2592,1728,1.5,321.642578125
04308_frog_eye_leaf_spot.jpg,frog_eye_leaf_spot,True,4000,2672,1.4970059880239521,1044.9287109375
04309_frog_eye_leaf_spot.jpg,frog_eye_leaf_spot,True,4000,2672,1.4970059880239521,860.294921875
04310_frog_eye_leaf_spot.jpg,frog_eye_leaf_spot,True,4000,2672,1.4970059880239521,882.015625
04311_frog_eye_leaf_spot.jpg,frog_eye_leaf_spot,True,4000,2672,1.4970059880239521,915.0556640625
04312_frog_eye_leaf_spot.jpg,frog_eye_leaf_spot,True,4000,2672,1.4970059880239521,895.6044921875
04313_frog_eye_leaf_spot.jpg,frog_eye_leaf_spot,True,4000,2672,1.4970059880239521,828.02734375
04314_frog_eye_leaf_spot.jpg,frog_eye_leaf_spot,True,4000,2672,1.4970059880239521,898.36328125
04315_frog_eye_leaf_spot.jpg,frog_eye_leaf_spot,True,4000,2672,1.4970059880239521,801.1064453125
04316_frog_eye_leaf_spot.jpg,frog_eye_leaf_spot,True,2592,1728,1.5,310.599609375
04317_frog_eye_leaf_spot.jpg,frog_eye_leaf_spot,True,4000,2672,1.4970059880239521,1026.2041015625
04318_frog_eye_leaf_spot.jpg,frog_eye_leaf_spot,True,4000,2672,1.4970059880239521,769.427734375
04319_frog_eye_leaf_spot.jpg,frog_eye_leaf_spot,True,4000,2672,1.4970059880239521,790.865234375
04320_frog_eye_leaf_spot.jpg,frog_eye_leaf_spot,True,4000,2672,1.4970059880239521,868.5224609375
04321_frog_eye_leaf_spot.jpg,frog_eye_leaf_spot,True,4000,2672,1.4970059880239521,759.64453125
04322_frog_eye_leaf_spot.jpg,frog_eye_leaf_spot,True,4000,2672,1.4970059880239521,898.3642578125
04323_frog_eye_leaf_spot.jpg,frog_eye_leaf_spot,True,4000,2672,1.4970059880239521,910.3857421875
04324_frog_eye_leaf_spot.jpg,frog_eye_leaf_spot,True,4000,2672,1.4970059880239521,810.2314453125
04325_frog_eye_leaf_spot.jpg,frog_eye_leaf_spot,True,4000,2672,1.4970059880239521,719.73046875
04326_frog_eye_leaf_spot.jpg,frog_eye_leaf_spot,True,4000,2672,1.4970059880239521,1096.3583984375
04327_frog_eye_leaf_spot.jpg,frog_eye_leaf_spot,True,4000,2672,1.4970059880239521,902.7607421875
04328_frog_eye_leaf_spot.jpg,frog_eye_leaf_spot,True,4000,2672,1.4970059880239521,855.1259765625
04329_frog_eye_leaf_spot.jpg,frog_eye_leaf_spot,True,4000,2672,1.4970059880239521,892.6162109375
04330_frog_eye_leaf_spot.jpg,frog_eye_leaf_spot,True,4000,2672,1.4970059880239521,933.0478515625
04331_frog_eye_leaf_spot.jpg,frog_eye_leaf_spot,True,4000,2672,1.4970059880239521,750.947265625
04332_frog_eye_leaf_spot.jpg,frog_eye_leaf_spot,True,4000,2672,1.4970059880239521,770.763671875
04333_frog_eye_leaf_spot.jpg,frog_eye_leaf_spot,True,4000,2672,1.4970059880239521,726.7373046875
04334_frog_eye_leaf_spot.jpg,frog_eye_leaf_spot,True,4000,2672,1.4970059880239521,805.310546875
04335_frog_eye_leaf_spot.jpg,frog_eye_leaf_spot,True,4000,2672,1.4970059880239521,930.806640625
04336_frog_eye_leaf_spot.jpg,frog_eye_leaf_spot,True,4000,2672,1.4970059880239521,790.46484375
04337_frog_eye_leaf_spot.jpg,frog_eye_leaf_spot,True,4000,2672,1.4970059880239521,866.0556640625
04338_frog_eye_leaf_spot.jpg,frog_eye_leaf_spot,True,4000,2672,1.4970059880239521,721.23046875
04339_frog_eye_leaf_spot.jpg,frog_eye_leaf_spot,True,4000,2672,1.4970059880239521,787.6123046875
04340_frog_eye_leaf_spot.jpg,frog_eye_leaf_spot,True,4000,2672,1.4970059880239521,694.7890625
04341_frog_eye_leaf_spot.jpg,frog_eye_leaf_spot,True,4000,2672,1.4970059880239521,1015.189453125
04342_frog_eye_leaf_spot.jpg,frog_eye_leaf_spot,True,4000,2672,1.4970059880239521,1010.5625
04343_frog_eye_leaf_spot.jpg,frog_eye_leaf_spot,True,4000,2672,1.4970059880239521,714.658203125
04344_frog_eye_leaf_spot.jpg,frog_eye_leaf_spot,True,4000,2672,1.4970059880239521,723.3701171875
04345_frog_eye_leaf_spot.jpg,frog_eye_leaf_spot,True,4000,2672,1.4970059880239521,969.529296875
04346_frog_eye_leaf_spot.jpg,frog_eye_leaf_spot,True,4000,2672,1.4970059880239521,946.8544921875
04347_frog_eye_leaf_spot.jpg,frog_eye_leaf_spot,True,4000,2672,1.4970059880239521,802.986328125
04348_frog_eye_leaf_spot.jpg,frog_eye_leaf_spot,True,4000,2672,1.4970059880239521,915.7041015625
04349_frog_eye_leaf_spot.jpg,frog_eye_leaf_spot,True,4000,2672,1.4970059880239521,866.6884765625
04350_frog_eye_leaf_spot.jpg,frog_eye_leaf_spot,True,4000,2672,1.4970059880239521,889.1689453125
04351_frog_eye_leaf_spot.jpg,frog_eye_leaf_spot,True,4000,2672,1.4970059880239521,814.8837890625
04352_frog_eye_leaf_spot.jpg,frog_eye_leaf_spot,True,4000,2672,1.4970059880239521,827.8740234375
04353_healthy.jpg,healthy,True,4000,2672,1.4970059880239521,687.79296875
04354_healthy.jpg,healthy,True,4000,3000,1.3333333333333333,1065.9345703125
04355_healthy.jpg,healthy,True,4000,2672,1.4970059880239521,685.2177734375
04356_healthy.jpg,healthy,True,4000,2672,1.4970059880239521,1215.87890625
04357_healthy.jpg,healthy,True,4000,2672,1.4970059880239521,760.6865234375
04358_healthy.jpg,healthy,True,4000,2672,1.4970059880239521,1170.8984375
04359_healthy.jpg,healthy,True,4000,3000,1.3333333333333333,1069.818359375
04360_healthy.jpg,healthy,True,4000,2672,1.4970059880239521,684.755859375
04361_healthy.jpg,healthy,True,4000,2672,1.4970059880239521,922.8154296875
04362_healthy.jpg,healthy,True,4000,2672,1.4970059880239521,1142.8427734375
04363_healthy.jpg,healthy,True,4000,2672,1.4970059880239521,1247.2109375
04364_healthy.jpg,healthy,True,4000,2672,1.4970059880239521,922.9404296875
04365_healthy.jpg,healthy,True,4000,3000,1.3333333333333333,935.8125
04366_healthy.jpg,healthy,True,4000,2672,1.4970059880239521,762.6748046875
04367_healthy.jpg,healthy,True,4000,2672,1.4970059880239521,1173.126953125
04368_healthy.jpg,healthy,True,4000,3000,1.3333333333333333,1059.548828125
04369_healthy.jpg,healthy,True,4000,3000,1.3333333333333333,1019.0166015625
04370_healthy.jpg,healthy,True,4000,2672,1.4970059880239521,715.6298828125
04371_healthy.jpg,healthy,True,4000,2672,1.4970059880239521,1014.4931640625
04372_healthy.jpg,healthy,True,4000,2672,1.4970059880239521,701.685546875
04373_healthy.jpg,healthy,True,4000,2672,1.4970059880239521,996.06640625
04374_healthy.jpg,healthy,True,4000,2672,1.4970059880239521,815.318359375
04375_healthy.jpg,healthy,True,4000,2672,1.4970059880239521,1033.3447265625
04376_healthy.jpg,healthy,True,4000,2672,1.4970059880239521,975.3974609375
04377_healthy.jpg,healthy,True,4000,3000,1.3333333333333333,762.5927734375
04378_healthy.jpg,healthy,True,4000,2672,1.4970059880239521,921.5029296875
04379_healthy.jpg,healthy,True,4000,3000,1.3333333333333333,925.298828125
04380_healthy.jpg,healthy,True,4000,2672,1.4970059880239521,1065.15234375
04381_healthy.jpg,healthy,True,4000,2672,1.4970059880239521,975.890625
04382_healthy.jpg,healthy,True,4000,2672,1.4970059880239521,1055.982421875
04383_healthy.jpg,healthy,True,4000,2672,1.4970059880239521,855.216796875
04384_healthy.jpg,healthy,True,4000,2672,1.4970059880239521,951.5126953125
04385_healthy.jpg,healthy,True,4000,2672,1.4970059880239521,1029.576171875
04386_healthy.jpg,healthy,True,4000,2672,1.4970059880239521,448.26953125
04387_healthy.jpg,healthy,True,4000,2672,1.4970059880239521,1086.9638671875
04388_healthy.jpg,healthy,True,4000,2672,1.4970059880239521,1105.2939453125
04389_healthy.jpg,healthy,True,4000,2672,1.4970059880239521,879.240234375
04390_healthy.jpg,healthy,True,4000,2672,1.4970059880239521,802.509765625
04391_healthy.jpg,healthy,True,4000,2672,1.4970059880239521,970.5390625
04392_healthy.jpg,healthy,True,4000,2672,1.4970059880239521,808.6875
04393_healthy.jpg,healthy,True,4000,2672,1.4970059880239521,1041.671875
04394_healthy.jpg,healthy,True,4000,2672,1.4970059880239521,1046.01171875
04395_healthy.jpg,healthy,True,4000,2672,1.4970059880239521,1081.3515625
04396_healthy.jpg,healthy,True,4000,2672,1.4970059880239521,725.255859375
04397_healthy.jpg,healthy,True,4000,2672,1.4970059880239521,1048.8466796875
04398_healthy.jpg,healthy,True,4000,2672,1.4970059880239521,790.19140625
04399_healthy.jpg,healthy,True,4000,2672,1.4970059880239521,1192.201171875
04400_healthy.jpg,healthy,True,4000,2672,1.4970059880239521,886.5712890625
04401_healthy.jpg,healthy,True,4000,2672,1.4970059880239521,860.0302734375
04402_healthy.jpg,healthy,True,4000,2672,1.4970059880239521,965.431640625
04403_healthy.jpg,healthy,True,4000,2672,1.4970059880239521,1092.03515625
04404_healthy.jpg,healthy,True,4000,2672,1.4970059880239521,980.7841796875
04405_healthy.jpg,healthy,True,4000,2672,1.4970059880239521,864.30859375
04406_healthy.jpg,healthy,True,4000,2672,1.4970059880239521,792.4970703125
04407_healthy.jpg,healthy,True,4000,2672,1.4970059880239521,682.748046875
04408_healthy.jpg,healthy,True,4000,2672,1.4970059880239521,703.4111328125
04409_healthy.jpg,healthy,True,4000,2672,1.4970059880239521,896.9208984375
04410_healthy.jpg,healthy,True,4000,2672,1.4970059880239521,841.28125
04411_healthy.jpg,healthy,True,4000,2672,1.4970059880239521,888.8427734375
04412_healthy.jpg,healthy,True,4000,2672,1.4970059880239521,754.5087890625
04413_healthy.jpg,healthy,True,4000,2672,1.4970059880239521,821.130859375
04414_healthy.jpg,healthy,True,4000,2672,1.4970059880239521,860.4892578125
04415_healthy.jpg,healthy,True,4000,2672,1.4970059880239521,1026.9814453125
04416_healthy.jpg,healthy,True,4000,2672,1.4970059880239521,1076.50390625
04417_healthy.jpg,healthy,True,4000,3000,1.3333333333333333,774.2021484375
04418_healthy.jpg,healthy,True,4000,2672,1.4970059880239521,800.61328125
04419_healthy.jpg,healthy,True,4000,2672,1.4970059880239521,1019.1484375
04420_healthy.jpg,healthy,True,4000,2672,1.4970059880239521,1096.140625
04421_healthy.jpg,healthy,True,4000,2672,1.4970059880239521,1053.033203125
04422_healthy.jpg,healthy,True,4000,2672,1.4970059880239521,791.4404296875
04423_healthy.jpg,healthy,True,4000,2672,1.4970059880239521,786.2626953125
04424_healthy.jpg,healthy,True,4000,2672,1.4970059880239521,923.6962890625
04425_healthy.jpg,healthy,True,4000,2672,1.4970059880239521,906.1357421875
04426_healthy.jpg,healthy,True,4000,2672,1.4970059880239521,1022.794921875
04427_healthy.jpg,healthy,True,4000,2672,1.4970059880239521,819.99609375
04428_healthy.jpg,healthy,True,4000,2672,1.4970059880239521,954.6787109375
04429_healthy.jpg,healthy,True,4000,2672,1.4970059880239521,982.5615234375
04430_healthy.jpg,healthy,True,4000,2672,1.4970059880239521,895.66796875
04431_healthy.jpg,healthy,True,4000,2672,1.4970059880239521,1105.13671875
04432_healthy.jpg,healthy,True,4000,2672,1.4970059880239521,911.1337890625
04433_healthy.jpg,healthy,True,4000,2672,1.4970059880239521,724.115234375
04434_healthy.jpg,healthy,True,4000,2672,1.4970059880239521,838.9931640625
04435_healthy.jpg,healthy,True,4000,2672,1.4970059880239521,960.5537109375
04436_healthy.jpg,healthy,True,4000,2672,1.4970059880239521,1249.3046875
04437_healthy.jpg,healthy,True,4000,3000,1.3333333333333333,992.498046875
04438_healthy.jpg,healthy,True,4000,2672,1.4970059880239521,965.494140625
04439_healthy.jpg,healthy,True,4000,2672,1.4970059880239521,1037.1337890625
04440_healthy.jpg,healthy,True,4000,3000,1.3333333333333333,1072.2216796875
04441_healthy.jpg,healthy,True,4000,2672,1.4970059880239521,883.4052734375
04442_healthy.jpg,healthy,True,4000,2672,1.4970059880239521,844.1494140625
04443_healthy.jpg,healthy,True,4000,2672,1.4970059880239521,768.6787109375
04444_healthy.jpg,healthy,True,4000,2672,1.4970059880239521,1158.025390625
04445_healthy.jpg,healthy,True,4000,2672,1.4970059880239521,991.0078125
04446_healthy.jpg,healthy,True,4000,2672,1.4970059880239521,932.6884765625
04447_healthy.jpg,healthy,True,4000,2672,1.4970059880239521,926.2177734375
04448_healthy.jpg,healthy,True,4000,2672,1.4970059880239521,802.9833984375
04449_healthy.jpg,healthy,True,4000,2672,1.4970059880239521,598.423828125
04450_healthy.jpg,healthy,True,4000,3000,1.3333333333333333,971.4248046875
04451_healthy.jpg,healthy,True,4000,2672,1.4970059880239521,1095.65625
04452_healthy.jpg,healthy,True,4000,2672,1.4970059880239521,1112.3876953125
04453_healthy.jpg,healthy,True,4000,2672,1.4970059880239521,887.814453125
04454_healthy.jpg,healthy,True,4000,2672,1.4970059880239521,965.3779296875
04455_healthy.jpg,healthy,True,4000,2672,1.4970059880239521,663.15234375
04456_healthy.jpg,healthy,True,4000,2672,1.4970059880239521,922.234375
04457_healthy.jpg,healthy,True,4000,2672,1.4970059880239521,790.3486328125
04458_healthy.jpg,healthy,True,4000,2672,1.4970059880239521,914.9501953125
04459_healthy.jpg,healthy,True,4000,2672,1.4970059880239521,1030.19140625
04460_healthy.jpg,healthy,True,4000,2672,1.4970059880239521,765.1552734375
04461_healthy.jpg,healthy,True,4000,2672,1.4970059880239521,880.1767578125
04462_healthy.jpg,healthy,True,4000,2672,1.4970059880239521,1032.0146484375
04463_healthy.jpg,healthy,True,4000,2672,1.4970059880239521,878.9716796875
04464_healthy.jpg,healthy,True,4000,2672,1.4970059880239521,652.951171875
04465_healthy.jpg,healthy,True,4000,2672,1.4970059880239521,1040.662109375
04466_healthy.jpg,healthy,True,4000,2672,1.4970059880239521,951.9755859375
04467_healthy.jpg,healthy,True,4000,3000,1.3333333333333333,1099.0283203125
04468_healthy.jpg,healthy,True,4000,2672,1.4970059880239521,918.6376953125
04469_healthy.jpg,healthy,True,4000,2672,1.4970059880239521,707.9599609375
04470_healthy.jpg,healthy,True,4000,2672,1.4970059880239521,876.87890625
04471_healthy.jpg,healthy,True,4000,2672,1.4970059880239521,1001.8818359375
04472_healthy.jpg,healthy,True,4000,2672,1.4970059880239521,927.564453125
04473_healthy.jpg,healthy,True,4000,2672,1.4970059880239521,855.8271484375
04474_healthy.jpg,healthy,True,4000,2672,1.4970059880239521,1076.802734375
04475_healthy.jpg,healthy,True,4000,2672,1.4970059880239521,791.7470703125
04476_healthy.jpg,healthy,True,4000,2672,1.4970059880239521,1053.5673828125
04477_healthy.jpg,healthy,True,4000,3000,1.3333333333333333,991.505859375
04478_healthy.jpg,healthy,True,4000,2672,1.4970059880239521,744.791015625
04479_healthy.jpg,healthy,True,4000,2672,1.4970059880239521,1027.7646484375
04480_healthy.jpg,healthy,True,4000,2672,1.4970059880239521,1088.2216796875
04481_healthy.jpg,healthy,True,4000,2672,1.4970059880239521,962.0517578125
04482_healthy.jpg,healthy,True,4000,2672,1.4970059880239521,1269.72265625
04483_healthy.jpg,healthy,True,4000,2672,1.4970059880239521,1003.15234375
04484_healthy.jpg,healthy,True,4000,2672,1.4970059880239521,961.8779296875
04485_healthy.jpg,healthy,True,4000,2672,1.4970059880239521,768.2197265625
04486_healthy.jpg,healthy,True,4000,3000,1.3333333333333333,1029.16796875
04487_healthy.jpg,healthy,True,4000,2672,1.4970059880239521,769.3349609375
04488_healthy.jpg,healthy,True,4000,2672,1.4970059880239521,1034.08203125
04489_healthy.jpg,healthy,True,4000,2672,1.4970059880239521,883.771484375
04490_healthy.jpg,healthy,True,4000,2672,1.4970059880239521,723.0009765625
04491_healthy.jpg,healthy,True,4000,3000,1.3333333333333333,1031.84375
04492_healthy.jpg,healthy,True,4000,2672,1.4970059880239521,872.5712890625
04493_healthy.jpg,healthy,True,4000,2672,1.4970059880239521,676.0859375
04494_healthy.jpg,healthy,True,4000,2672,1.4970059880239521,1031.0185546875
04495_healthy.jpg,healthy,True,4000,2672,1.4970059880239521,858.8427734375
04496_healthy.jpg,healthy,True,4000,2672,1.4970059880239521,1028.1708984375
04497_healthy.jpg,healthy,True,4000,2672,1.4970059880239521,874.2490234375
04498_healthy.jpg,healthy,True,4000,2672,1.4970059880239521,930.85546875
04499_healthy.jpg,healthy,True,4000,2672,1.4970059880239521,1096.91015625
04500_healthy.jpg,healthy,True,4000,2672,1.4970059880239521,1030.283203125
04501_healthy.jpg,healthy,True,4000,3000,1.3333333333333333,984.6650390625
04502_healthy.jpg,healthy,True,4000,3000,1.3333333333333333,788.802734375
04503_healthy.jpg,healthy,True,4000,2672,1.4970059880239521,942.0400390625
04504_healthy.jpg,healthy,True,4000,2672,1.4970059880239521,923.748046875
04505_healthy.jpg,healthy,True,4000,2672,1.4970059880239521,551.3935546875
04506_healthy.jpg,healthy,True,4000,2672,1.4970059880239521,1093.9443359375
04507_healthy.jpg,healthy,True,4000,2672,1.4970059880239521,916.6875
04508_healthy.jpg,healthy,True,4000,2672,1.4970059880239521,962.681640625
04509_healthy.jpg,healthy,True,4000,2672,1.4970059880239521,979.9248046875
04510_healthy.jpg,healthy,True,4000,2672,1.4970059880239521,995.3232421875
04511_healthy.jpg,healthy,True,4000,3000,1.3333333333333333,1127.26953125
04512_healthy.jpg,healthy,True,4000,2672,1.4970059880239521,679.6181640625
04513_healthy.jpg,healthy,True,4000,3000,1.3333333333333333,875.8076171875
04514_healthy.jpg,healthy,True,4000,2672,1.4970059880239521,770.388671875
04515_healthy.jpg,healthy,True,4000,2672,1.4970059880239521,1070.3017578125
04516_healthy.jpg,healthy,True,4000,2672,1.4970059880239521,892.2734375
04517_healthy.jpg,healthy,True,4000,2672,1.4970059880239521,704.697265625
04518_healthy.jpg,healthy,True,4000,2672,1.4970059880239521,1051.1904296875
04519_healthy.jpg,healthy,True,4000,2672,1.4970059880239521,1039.5009765625
04520_healthy.jpg,healthy,True,4000,2672,1.4970059880239521,826.6611328125
04521_healthy.jpg,healthy,True,4000,2672,1.4970059880239521,1058.947265625
04522_healthy.jpg,healthy,True,4000,2672,1.4970059880239521,1056.8291015625
04523_healthy.jpg,healthy,True,4000,2672,1.4970059880239521,883.8427734375
04524_healthy.jpg,healthy,True,4000,2672,1.4970059880239521,841.1044921875
04525_healthy.jpg,healthy,True,4000,2672,1.4970059880239521,780.515625
04526_healthy.jpg,healthy,True,4000,3000,1.3333333333333333,946.208984375
04527_healthy.jpg,healthy,True,4000,2672,1.4970059880239521,1102.2177734375
04528_healthy.jpg,healthy,True,4000,2672,1.4970059880239521,754.3447265625
04529_healthy.jpg,healthy,True,4000,3000,1.3333333333333333,955.7177734375
04530_healthy.jpg,healthy,True,4000,2672,1.4970059880239521,717.7373046875
04531_healthy.jpg,healthy,True,4000,2672,1.4970059880239521,889.142578125
04532_healthy.jpg,healthy,True,4000,2672,1.4970059880239521,947.6474609375
04533_healthy.jpg,healthy,True,4000,2672,1.4970059880239521,733.6630859375
04534_healthy.jpg,healthy,True,4000,2672,1.4970059880239521,946.181640625
04535_healthy.jpg,healthy,True,4000,2672,1.4970059880239521,868.4951171875
04536_healthy.jpg,healthy,True,4000,2672,1.4970059880239521,811.2548828125
04537_healthy.jpg,healthy,True,4000,2672,1.4970059880239521,721.3916015625
04538_healthy.jpg,healthy,True,4000,2672,1.4970059880239521,1070.5126953125
04539_healthy.jpg,healthy,True,4000,3000,1.3333333333333333,1005.4892578125
04540_healthy.jpg,healthy,True,4000,2672,1.4970059880239521,871.5341796875
04541_healthy.jpg,healthy,True,4000,3000,1.3333333333333333,1059.296875
04542_healthy.jpg,healthy,True,4000,2672,1.4970059880239521,1028.76171875
04543_healthy.jpg,healthy,True,4000,2672,1.4970059880239521,990.24609375
04544_healthy.jpg,healthy,True,4000,2672,1.4970059880239521,1014.9091796875
04545_healthy.jpg,healthy,True,4000,3000,1.3333333333333333,895.953125
04546_healthy.jpg,healthy,True,4000,2672,1.4970059880239521,1069.2080078125
04547_healthy.jpg,healthy,True,4000,3000,1.3333333333333333,822.0498046875
04548_healthy.jpg,healthy,True,4000,2672,1.4970059880239521,723.990234375
04549_healthy.jpg,healthy,True,4000,2672,1.4970059880239521,872.896484375
04550_healthy.jpg,healthy,True,4000,3000,1.3333333333333333,784.4365234375
04551_healthy.jpg,healthy,True,4000,2672,1.4970059880239521,728.115234375
04552_healthy.jpg,healthy,True,4000,3000,1.3333333333333333,1220.736328125
04553_healthy.jpg,healthy,True,4000,3000,1.3333333333333333,1324.6962890625
04554_healthy.jpg,healthy,True,4000,3000,1.3333333333333333,937.40625
04555_healthy.jpg,healthy,True,4000,2672,1.4970059880239521,795.81640625
04556_healthy.jpg,healthy,True,4000,3000,1.3333333333333333,1033.1142578125
04557_healthy.jpg,healthy,True,4000,2672,1.4970059880239521,1016.193359375
04558_healthy.jpg,healthy,True,4000,3000,1.3333333333333333,877.9013671875
04559_healthy.jpg,healthy,True,4000,2672,1.4970059880239521,969.2119140625
04560_healthy.jpg,healthy,True,4000,2672,1.4970059880239521,796.0234375
04561_healthy.jpg,healthy,True,4000,2672,1.4970059880239521,745.7177734375
04562_healthy.jpg,healthy,True,4000,2672,1.4970059880239521,655.1669921875
04563_healthy.jpg,healthy,True,4000,2672,1.4970059880239521,968.1328125
04564_healthy.jpg,healthy,True,4000,2672,1.4970059880239521,1008.087890625
04565_healthy.jpg,healthy,True,4000,2672,1.4970059880239521,863.0595703125
04566_healthy.jpg,healthy,True,4000,2672,1.4970059880239521,795.2421875
04567_healthy.jpg,healthy,True,4000,2672,1.4970059880239521,717.4296875
04568_healthy.jpg,healthy,True,4000,2672,1.4970059880239521,1004.982421875
04569_healthy.jpg,healthy,True,4000,2672,1.4970059880239521,981.5029296875
04570_healthy.jpg,healthy,True,4000,2672,1.4970059880239521,1005.5439453125
04571_healthy.jpg,healthy,True,4000,2672,1.4970059880239521,808.9541015625
04572_healthy.jpg,healthy,True,4000,2672,1.4970059880239521,750.7509765625
04573_healthy.jpg,healthy,True,4000,2672,1.4970059880239521,997.134765625
04574_healthy.jpg,healthy,True,4000,2672,1.4970059880239521,597.5400390625
04575_healthy.jpg,healthy,True,4000,2672,1.4970059880239521,1022.890625
04576_healthy.jpg,healthy,True,4000,2672,1.4970059880239521,903.8515625
04577_healthy.jpg,healthy,True,4000,2672,1.4970059880239521,1197.255859375
04578_healthy.jpg,healthy,True,4000,2672,1.4970059880239521,931.5615234375
04579_healthy.jpg,healthy,True,4000,2672,1.4970059880239521,663.9326171875
04580_healthy.jpg,healthy,True,4000,2672,1.4970059880239521,769.830078125
04581_healthy.jpg,healthy,True,4000,2672,1.4970059880239521,681.1435546875
04582_healthy.jpg,healthy,True,4000,2672,1.4970059880239521,1006.0791015625
04583_healthy.jpg,healthy,True,4000,2672,1.4970059880239521,689.2431640625
04584_healthy.jpg,healthy,True,4000,2672,1.4970059880239521,605.1259765625
04585_healthy.jpg,healthy,True,4000,2672,1.4970059880239521,1055.306640625
04586_healthy.jpg,healthy,True,4000,2672,1.4970059880239521,946.2236328125
04587_healthy.jpg,healthy,True,4000,2672,1.4970059880239521,957.548828125
04588_healthy.jpg,healthy,True,4000,2672,1.4970059880239521,1066.619140625
04589_healthy.jpg,healthy,True,4000,2672,1.4970059880239521,818.6083984375
04590_healthy.jpg,healthy,True,4000,3000,1.3333333333333333,977.5673828125
04591_healthy.jpg,healthy,True,4000,2672,1.4970059880239521,1139.3466796875
04592_healthy.jpg,healthy,True,4000,2672,1.4970059880239521,768.4931640625
04593_healthy.jpg,healthy,True,4000,2672,1.4970059880239521,924.583984375
04594_healthy.jpg,healthy,True,4000,2672,1.4970059880239521,739.9755859375
04595_healthy.jpg,healthy,True,4000,2672,1.4970059880239521,850.064453125
04596_healthy.jpg,healthy,True,4000,2672,1.4970059880239521,856.5556640625
04597_healthy.jpg,healthy,True,4000,2672,1.4970059880239521,751.400390625
04598_healthy.jpg,healthy,True,4000,2672,1.4970059880239521,949.2900390625
04599_healthy.jpg,healthy,True,4000,2672,1.4970059880239521,992.2353515625
04600_healthy.jpg,healthy,True,4000,2672,1.4970059880239521,891.0107421875
04601_healthy.jpg,healthy,True,4000,2672,1.4970059880239521,765.9873046875
04602_healthy.jpg,healthy,True,4000,2672,1.4970059880239521,881.814453125
04603_healthy.jpg,healthy,True,4000,2672,1.4970059880239521,978.435546875
04604_healthy.jpg,healthy,True,4000,2672,1.4970059880239521,1078.2822265625
04605_healthy.jpg,healthy,True,4000,2672,1.4970059880239521,727.6474609375
04606_healthy.jpg,healthy,True,4000,2672,1.4970059880239521,960.908203125
04607_healthy.jpg,healthy,True,4000,2672,1.4970059880239521,821.2138671875
04608_healthy.jpg,healthy,True,4000,2672,1.4970059880239521,875.3515625
04609_healthy.jpg,healthy,True,4000,2672,1.4970059880239521,794.8291015625
04610_healthy.jpg,healthy,True,4000,2672,1.4970059880239521,801.0263671875
04611_healthy.jpg,healthy,True,4000,2672,1.4970059880239521,788.5205078125
04612_healthy.jpg,healthy,True,4000,2672,1.4970059880239521,1016.3046875
04613_healthy.jpg,healthy,True,4000,2672,1.4970059880239521,910.640625
04614_healthy.jpg,healthy,True,4000,2672,1.4970059880239521,861.015625
04615_healthy.jpg,healthy,True,4000,2672,1.4970059880239521,736.1513671875
04616_healthy.jpg,healthy,True,4000,2672,1.4970059880239521,862.5390625
04617_healthy.jpg,healthy,True,4000,2672,1.4970059880239521,483.5400390625
04618_healthy.jpg,healthy,True,4000,2672,1.4970059880239521,939.15625
04619_healthy.jpg,healthy,True,4000,2672,1.4970059880239521,1005.44921875
04620_healthy.jpg,healthy,True,4000,2672,1.4970059880239521,709.248046875
04621_healthy.jpg,healthy,True,4000,2672,1.4970059880239521,840.0283203125
04622_healthy.jpg,healthy,True,4000,2672,1.4970059880239521,816.259765625
04623_healthy.jpg,healthy,True,4000,2672,1.4970059880239521,1003.015625
04624_healthy.jpg,healthy,True,4000,2672,1.4970059880239521,796.3076171875
04625_healthy.jpg,healthy,True,4000,2672,1.4970059880239521,755.7958984375
04626_healthy.jpg,healthy,True,4000,2672,1.4970059880239521,1090.71875
04627_healthy.jpg,healthy,True,4000,2672,1.4970059880239521,858.2265625
04628_healthy.jpg,healthy,True,4000,2672,1.4970059880239521,898.505859375
04629_healthy.jpg,healthy,True,4000,3000,1.3333333333333333,1023.72265625
04630_healthy.jpg,healthy,True,4000,2672,1.4970059880239521,694.7275390625
04631_healthy.jpg,healthy,True,4000,2672,1.4970059880239521,788.787109375
04632_healthy.jpg,healthy,True,4000,2672,1.4970059880239521,825.1220703125
04633_healthy.jpg,healthy,True,4000,2672,1.4970059880239521,962.9677734375
04634_healthy.jpg,healthy,True,4000,2672,1.4970059880239521,983.720703125
04635_healthy.jpg,healthy,True,4000,2672,1.4970059880239521,1063.2158203125
04636_healthy.jpg,healthy,True,4000,2672,1.4970059880239521,523.4169921875
04637_healthy.jpg,healthy,True,4000,2672,1.4970059880239521,1091.294921875
04638_healthy.jpg,healthy,True,4000,2672,1.4970059880239521,674.490234375
04639_healthy.jpg,healthy,True,4000,2672,1.4970059880239521,1103.6435546875
04640_healthy.jpg,healthy,True,4000,2672,1.4970059880239521,469.3828125
04641_healthy.jpg,healthy,True,4000,2672,1.4970059880239521,856.841796875
04642_healthy.jpg,healthy,True,4000,2672,1.4970059880239521,857.1201171875
04643_healthy.jpg,healthy,True,4000,2672,1.4970059880239521,796.986328125
04644_healthy.jpg,healthy,True,4000,2672,1.4970059880239521,995.1396484375
04645_healthy.jpg,healthy,True,4000,2672,1.4970059880239521,989.7265625
04646_healthy.jpg,healthy,True,4000,2672,1.4970059880239521,948.6533203125
04647_healthy.jpg,healthy,True,4000,2672,1.4970059880239521,918.9453125
04648_healthy.jpg,healthy,True,4000,2672,1.4970059880239521,968.111328125
04649_healthy.jpg,healthy,True,4000,2672,1.4970059880239521,989.5234375
04650_healthy.jpg,healthy,True,4000,2672,1.4970059880239521,791.2783203125
04651_healthy.jpg,healthy,True,4000,2672,1.4970059880239521,927.84375
04652_healthy.jpg,healthy,True,4000,2672,1.4970059880239521,958.201171875
04653_healthy.jpg,healthy,True,4000,2672,1.4970059880239521,943.796875
04654_healthy.jpg,healthy,True,4000,2672,1.4970059880239521,1316.44921875
04655_healthy.jpg,healthy,True,4000,2672,1.4970059880239521,663.208984375
04656_healthy.jpg,healthy,True,4000,2672,1.4970059880239521,660.0869140625
04657_healthy.jpg,healthy,True,4000,2672,1.4970059880239521,954.5302734375
04658_healthy.jpg,healthy,True,4000,2672,1.4970059880239521,1093.171875
04659_healthy.jpg,healthy,True,4000,2672,1.4970059880239521,786.958984375
04660_healthy.jpg,healthy,True,4000,2672,1.4970059880239521,681.6240234375
04661_healthy.jpg,healthy,True,4000,2672,1.4970059880239521,1038.1435546875
04662_healthy.jpg,healthy,True,4000,2672,1.4970059880239521,848.2646484375
04663_healthy.jpg,healthy,True,4000,2672,1.4970059880239521,956.3818359375
04664_healthy.jpg,healthy,True,4000,2672,1.4970059880239521,1013.1650390625
04665_healthy.jpg,healthy,True,4000,2672,1.4970059880239521,944.521484375
04666_healthy.jpg,healthy,True,4000,2672,1.4970059880239521,655.912109375
04667_healthy.jpg,healthy,True,4000,2672,1.4970059880239521,1094.953125
04668_healthy.jpg,healthy,True,4000,2672,1.4970059880239521,734.0341796875
04669_healthy.jpg,healthy,True,4000,2672,1.4970059880239521,996.8857421875
04670_healthy.jpg,healthy,True,4000,2672,1.4970059880239521,764.4248046875
04671_healthy.jpg,healthy,True,4000,2672,1.4970059880239521,1089.052734375
04672_healthy.jpg,healthy,True,4000,2672,1.4970059880239521,524.6279296875
04673_healthy.jpg,healthy,True,4000,2672,1.4970059880239521,1068.6474609375
04674_healthy.jpg,healthy,True,4000,2672,1.4970059880239521,886.953125
04675_healthy.jpg,healthy,True,4000,2672,1.4970059880239521,769.2529296875
04676_healthy.jpg,healthy,True,4000,2672,1.4970059880239521,1116.205078125
04677_healthy.jpg,healthy,True,4000,2672,1.4970059880239521,1104.5
04678_healthy.jpg,healthy,True,4000,2672,1.4970059880239521,850.2041015625
04679_healthy.jpg,healthy,True,4000,2672,1.4970059880239521,943.6943359375
04680_healthy.jpg,healthy,True,4000,2672,1.4970059880239521,874.94921875
04681_healthy.jpg,healthy,True,4000,2672,1.4970059880239521,677.9033203125
04682_healthy.jpg,healthy,True,4000,2672,1.4970059880239521,904.033203125
04683_healthy.jpg,healthy,True,4000,2672,1.4970059880239521,657.21875
04684_healthy.jpg,healthy,True,4000,2672,1.4970059880239521,752.005859375
04685_healthy.jpg,healthy,True,4000,2672,1.4970059880239521,925.2822265625
04686_healthy.jpg,healthy,True,4000,2672,1.4970059880239521,798.7744140625
04687_healthy.jpg,healthy,True,4000,2672,1.4970059880239521,736.80078125
04688_healthy.jpg,healthy,True,4000,2672,1.4970059880239521,969.9658203125
04689_healthy.jpg,healthy,True,4000,2672,1.4970059880239521,935.1806640625
04690_healthy.jpg,healthy,True,4000,2672,1.4970059880239521,792.3818359375
04691_healthy.jpg,healthy,True,4000,2672,1.4970059880239521,758.9345703125
04692_healthy.jpg,healthy,True,4000,2672,1.4970059880239521,1046.91796875
04693_healthy.jpg,healthy,True,4000,2672,1.4970059880239521,1047.2744140625
04694_healthy.jpg,healthy,True,4000,2672,1.4970059880239521,1006.4609375
04695_healthy.jpg,healthy,True,4000,2672,1.4970059880239521,957.376953125
04696_healthy.jpg,healthy,True,4000,2672,1.4970059880239521,1084.3779296875
04697_healthy.jpg,healthy,True,4000,2672,1.4970059880239521,966.095703125
04698_healthy.jpg,healthy,True,4000,2672,1.4970059880239521,746.5341796875
04699_healthy.jpg,healthy,True,4000,2672,1.4970059880239521,914.2236328125
04700_healthy.jpg,healthy,True,4000,2672,1.4970059880239521,790.23828125
04701_healthy.jpg,healthy,True,4000,2672,1.4970059880239521,673.3291015625
04702_healthy.jpg,healthy,True,4000,2672,1.4970059880239521,852.57421875
04703_healthy.jpg,healthy,True,4000,2672,1.4970059880239521,866.7763671875
04704_healthy.jpg,healthy,True,4000,2672,1.4970059880239521,806.6103515625
04705_healthy.jpg,healthy,True,4000,2672,1.4970059880239521,932.1982421875
04706_healthy.jpg,healthy,True,4000,2672,1.4970059880239521,1265.71484375
04707_healthy.jpg,healthy,True,4000,2672,1.4970059880239521,856.6103515625
04708_healthy.jpg,healthy,True,4000,2672,1.4970059880239521,812.37890625
04709_healthy.jpg,healthy,True,4000,2672,1.4970059880239521,956.9267578125
04710_healthy.jpg,healthy,True,4000,2672,1.4970059880239521,855.603515625
04711_healthy.jpg,healthy,True,4000,2672,1.4970059880239521,779.763671875
04712_healthy.jpg,healthy,True,4000,2672,1.4970059880239521,882.31640625
04713_healthy.jpg,healthy,True,4000,2672,1.4970059880239521,1024.21875
04714_healthy.jpg,healthy,True,4000,2672,1.4970059880239521,758.3154296875
04715_healthy.jpg,healthy,True,4000,2672,1.4970059880239521,1010.6708984375
04716_healthy.jpg,healthy,True,4000,2672,1.4970059880239521,718.115234375
04717_healthy.jpg,healthy,True,4000,3000,1.3333333333333333,986.1796875
04718_healthy.jpg,healthy,True,4000,2672,1.4970059880239521,780.8173828125
04719_healthy.jpg,healthy,True,4000,2672,1.4970059880239521,977.443359375
04720_healthy.jpg,healthy,True,4000,2672,1.4970059880239521,1046.4833984375
04721_healthy.jpg,healthy,True,4000,2672,1.4970059880239521,922.828125
04722_healthy.jpg,healthy,True,4000,2672,1.4970059880239521,925.14453125
04723_healthy.jpg,healthy,True,4000,2672,1.4970059880239521,969.70703125
04724_healthy.jpg,healthy,True,4000,2672,1.4970059880239521,879.6455078125
04725_healthy.jpg,healthy,True,4000,3000,1.3333333333333333,990.623046875
04726_healthy.jpg,healthy,True,4000,3000,1.3333333333333333,1020.224609375
04727_healthy.jpg,healthy,True,4000,2672,1.4970059880239521,789.177734375
04728_healthy.jpg,healthy,True,4000,2672,1.4970059880239521,1093.1689453125
04729_healthy.jpg,healthy,True,4000,2672,1.4970059880239521,936.5146484375
04730_healthy.jpg,healthy,True,4000,2672,1.4970059880239521,756.677734375
04731_healthy.jpg,healthy,True,4000,2672,1.4970059880239521,1094.9912109375
04732_healthy.jpg,healthy,True,4000,2672,1.4970059880239521,874.17578125
04733_healthy.jpg,healthy,True,4000,2672,1.4970059880239521,761.5546875
04734_healthy.jpg,healthy,True,4000,2672,1.4970059880239521,796.3232421875
04735_healthy.jpg,healthy,True,4000,2672,1.4970059880239521,936.478515625
04736_healthy.jpg,healthy,True,4000,2672,1.4970059880239521,613.978515625
04737_healthy.jpg,healthy,True,4000,2672,1.4970059880239521,897.50390625
04738_healthy.jpg,healthy,True,4000,2672,1.4970059880239521,958.1005859375
04739_healthy.jpg,healthy,True,4000,2672,1.4970059880239521,958.2470703125
04740_healthy.jpg,healthy,True,4000,2672,1.4970059880239521,663.623046875
04741_healthy.jpg,healthy,True,4000,2672,1.4970059880239521,976.2158203125
04742_healthy.jpg,healthy,True,4000,2672,1.4970059880239521,959.9638671875
04743_healthy.jpg,healthy,True,4000,2672,1.4970059880239521,1052.4072265625
04744_healthy.jpg,healthy,True,4000,2672,1.4970059880239521,884.3720703125
04745_healthy.jpg,healthy,True,4000,2672,1.4970059880239521,716.9619140625
04746_healthy.jpg,healthy,True,4000,2672,1.4970059880239521,849.0224609375
04747_healthy.jpg,healthy,True,4000,2672,1.4970059880239521,836.2021484375
04748_healthy.jpg,healthy,True,4000,2672,1.4970059880239521,1087.287109375
04749_healthy.jpg,healthy,True,4000,2672,1.4970059880239521,1062.087890625
04750_healthy.jpg,healthy,True,4000,2672,1.4970059880239521,734.0185546875
04751_healthy.jpg,healthy,True,4000,2672,1.4970059880239521,702.228515625
04752_healthy.jpg,healthy,True,4000,2672,1.4970059880239521,759.9287109375
04753_healthy.jpg,healthy,True,4000,2672,1.4970059880239521,985.0673828125
04754_healthy.jpg,healthy,True,4000,2672,1.4970059880239521,719.775390625
04755_healthy.jpg,healthy,True,4000,2672,1.4970059880239521,1127.4208984375
04756_healthy.jpg,healthy,True,4000,2672,1.4970059880239521,996.2919921875
04757_healthy.jpg,healthy,True,4000,2672,1.4970059880239521,866.810546875
04758_healthy.jpg,healthy,True,4000,2672,1.4970059880239521,673.1240234375
04759_healthy.jpg,healthy,True,4000,2672,1.4970059880239521,939.31640625
04760_healthy.jpg,healthy,True,4000,2672,1.4970059880239521,734.423828125
04761_healthy.jpg,healthy,True,4000,2672,1.4970059880239521,761.9853515625
04762_healthy.jpg,healthy,True,4000,2672,1.4970059880239521,1018.1826171875
04763_healthy.jpg,healthy,True,4000,2672,1.4970059880239521,865.947265625
04764_healthy.jpg,healthy,True,4000,2672,1.4970059880239521,981.83203125
04765_healthy.jpg,healthy,True,4000,2672,1.4970059880239521,782.9931640625
04766_healthy.jpg,healthy,True,4000,3000,1.3333333333333333,1051.3173828125
04767_healthy.jpg,healthy,True,4000,2672,1.4970059880239521,782.779296875
04768_healthy.jpg,healthy,True,4000,2672,1.4970059880239521,871.7734375
04769_healthy.jpg,healthy,True,4000,2672,1.4970059880239521,881.3876953125
04770_healthy.jpg,healthy,True,4000,2672,1.4970059880239521,1026.9970703125
04771_healthy.jpg,healthy,True,4000,2672,1.4970059880239521,1165.0673828125
04772_healthy.jpg,healthy,True,4000,2672,1.4970059880239521,951.166015625
04773_healthy.jpg,healthy,True,4000,2672,1.4970059880239521,918.9853515625
04774_healthy.jpg,healthy,True,4000,2672,1.4970059880239521,843.455078125
04775_healthy.jpg,healthy,True,4000,2672,1.4970059880239521,791.4306640625
04776_healthy.jpg,healthy,True,4000,2672,1.4970059880239521,962.9091796875
04777_healthy.jpg,healthy,True,4000,2672,1.4970059880239521,1008.8701171875
04778_healthy.jpg,healthy,True,4000,3000,1.3333333333333333,957.1962890625
04779_healthy.jpg,healthy,True,4000,2672,1.4970059880239521,1060.37890625
04780_healthy.jpg,healthy,True,4000,2672,1.4970059880239521,981.919921875
04781_healthy.jpg,healthy,True,4000,2672,1.4970059880239521,852.5927734375
04782_healthy.jpg,healthy,True,4000,2672,1.4970059880239521,1135.7548828125
04783_healthy.jpg,healthy,True,4000,2672,1.4970059880239521,702.4443359375
04784_healthy.jpg,healthy,True,4000,2672,1.4970059880239521,686.333984375
04785_healthy.jpg,healthy,True,4000,3000,1.3333333333333333,848.0009765625
04786_healthy.jpg,healthy,True,4000,2672,1.4970059880239521,1104.0869140625
04787_healthy.jpg,healthy,True,4000,2672,1.4970059880239521,760.818359375
04788_healthy.jpg,healthy,True,4000,2672,1.4970059880239521,790.572265625
04789_healthy.jpg,healthy,True,4000,2672,1.4970059880239521,1034.8251953125
04790_healthy.jpg,healthy,True,4000,2672,1.4970059880239521,791.724609375
04791_healthy.jpg,healthy,True,4000,2672,1.4970059880239521,599.1904296875
04792_healthy.jpg,healthy,True,4000,2672,1.4970059880239521,733.0869140625
04793_healthy.jpg,healthy,True,4000,2672,1.4970059880239521,1002.0517578125
04794_healthy.jpg,healthy,True,4000,2672,1.4970059880239521,905.142578125
04795_healthy.jpg,healthy,True,4000,3000,1.3333333333333333,1009.4697265625
04796_healthy.jpg,healthy,True,4000,2672,1.4970059880239521,681.0205078125
04797_healthy.jpg,healthy,True,4000,2672,1.4970059880239521,1056.013671875
04798_healthy.jpg,healthy,True,4000,2672,1.4970059880239521,933.25390625
04799_healthy.jpg,healthy,True,4000,2672,1.4970059880239521,609.1181640625
04800_healthy.jpg,healthy,True,4000,2672,1.4970059880239521,791.2216796875
04801_healthy.jpg,healthy,True,4000,2672,1.4970059880239521,975.373046875
04802_healthy.jpg,healthy,True,4000,2672,1.4970059880239521,1260.9189453125
04803_healthy.jpg,healthy,True,4000,2672,1.4970059880239521,779.2841796875
04804_healthy.jpg,healthy,True,4000,3000,1.3333333333333333,1089.869140625
04805_healthy.jpg,healthy,True,4000,2672,1.4970059880239521,938.2822265625
04806_healthy.jpg,healthy,True,4000,2672,1.4970059880239521,990.9501953125
04807_healthy.jpg,healthy,True,4000,2672,1.4970059880239521,980.318359375
04808_healthy.jpg,healthy,True,4000,3000,1.3333333333333333,1062.62890625
04809_healthy.jpg,healthy,True,4000,2672,1.4970059880239521,953.625
04810_healthy.jpg,healthy,True,4000,2672,1.4970059880239521,757.37109375
04811_healthy.jpg,healthy,True,4000,2672,1.4970059880239521,861.91796875
04812_healthy.jpg,healthy,True,4000,2672,1.4970059880239521,819.7861328125
04813_healthy.jpg,healthy,True,4000,2672,1.4970059880239521,1018.10546875
04814_healthy.jpg,healthy,True,4000,2672,1.4970059880239521,1026.6201171875
04815_healthy.jpg,healthy,True,4000,2672,1.4970059880239521,683.1064453125
04816_healthy.jpg,healthy,True,4000,2672,1.4970059880239521,796.181640625
04817_healthy.jpg,healthy,True,4000,2672,1.4970059880239521,927.53125
04818_healthy.jpg,healthy,True,4000,2672,1.4970059880239521,868.9091796875
04819_healthy.jpg,healthy,True,4000,3000,1.3333333333333333,1111.0537109375
04820_healthy.jpg,healthy,True,4000,2672,1.4970059880239521,682.9990234375
04821_healthy.jpg,healthy,True,4000,2672,1.4970059880239521,797.4248046875
04822_healthy.jpg,healthy,True,4000,3000,1.3333333333333333,1073.0556640625
04823_healthy.jpg,healthy,True,4000,3000,1.3333333333333333,1069.7314453125
04824_healthy.jpg,healthy,True,4000,2672,1.4970059880239521,1091.9658203125
04825_healthy.jpg,healthy,True,4000,2672,1.4970059880239521,791.439453125
04826_healthy.jpg,healthy,True,4000,2672,1.4970059880239521,974.2958984375
04827_healthy.jpg,healthy,True,4000,2672,1.4970059880239521,958.4814453125
04828_healthy.jpg,healthy,True,4000,2672,1.4970059880239521,887.7919921875
04829_healthy.jpg,healthy,True,4000,2672,1.4970059880239521,949.677734375
04830_healthy.jpg,healthy,True,4000,2672,1.4970059880239521,1085.59765625
04831_healthy.jpg,healthy,True,4000,2672,1.4970059880239521,903.6689453125
04832_healthy.jpg,healthy,True,4000,2672,1.4970059880239521,736.556640625
04833_healthy.jpg,healthy,True,4000,2672,1.4970059880239521,680.7939453125
04834_healthy.jpg,healthy,True,4000,2672,1.4970059880239521,982.5595703125
04835_healthy.jpg,healthy,True,4000,2672,1.4970059880239521,611.107421875
04836_healthy.jpg,healthy,True,4000,2672,1.4970059880239521,903.4736328125
04837_healthy.jpg,healthy,True,4000,2672,1.4970059880239521,1040.8837890625
04838_healthy.jpg,healthy,True,4000,2672,1.4970059880239521,880.556640625
04839_healthy.jpg,healthy,True,4000,2672,1.4970059880239521,742.2685546875
04840_healthy.jpg,healthy,True,4000,3000,1.3333333333333333,1173.125
04841_healthy.jpg,healthy,True,4000,3000,1.3333333333333333,1012.359375
04842_healthy.jpg,healthy,True,4000,2672,1.4970059880239521,960.94140625
04843_healthy.jpg,healthy,True,4000,2672,1.4970059880239521,1046.802734375
04844_healthy.jpg,healthy,True,4000,3000,1.3333333333333333,774.689453125
04845_healthy.jpg,healthy,True,4000,2672,1.4970059880239521,1009.3662109375
04846_healthy.jpg,healthy,True,4000,2672,1.4970059880239521,885.3466796875
04847_healthy.jpg,healthy,True,4000,2672,1.4970059880239521,733.2021484375
04848_healthy.jpg,healthy,True,4000,2672,1.4970059880239521,691.646484375
04849_healthy.jpg,healthy,True,4000,2672,1.4970059880239521,791.6083984375
04850_healthy.jpg,healthy,True,4000,2672,1.4970059880239521,1135.0537109375
04851_healthy.jpg,healthy,True,4000,2672,1.4970059880239521,977.13671875
04852_healthy.jpg,healthy,True,4000,3000,1.3333333333333333,1179.9990234375
04853_healthy.jpg,healthy,True,4000,2672,1.4970059880239521,498.6103515625
04854_healthy.jpg,healthy,True,4000,2672,1.4970059880239521,947.568359375
04855_healthy.jpg,healthy,True,4000,2672,1.4970059880239521,864.0966796875
04856_healthy.jpg,healthy,True,4000,2672,1.4970059880239521,1082.6083984375
04857_healthy.jpg,healthy,True,4000,2672,1.4970059880239521,952.2001953125
04858_healthy.jpg,healthy,True,4000,2672,1.4970059880239521,730.5966796875
04859_healthy.jpg,healthy,True,4000,2672,1.4970059880239521,832.328125
04860_healthy.jpg,healthy,True,4000,2672,1.4970059880239521,821.6025390625
04861_healthy.jpg,healthy,True,4000,2672,1.4970059880239521,694.4326171875
04862_healthy.jpg,healthy,True,4000,2672,1.4970059880239521,1011.091796875
04863_healthy.jpg,healthy,True,4000,2672,1.4970059880239521,1198.4873046875
04864_healthy.jpg,healthy,True,4000,2672,1.4970059880239521,1008.3642578125
04865_healthy.jpg,healthy,True,4000,2672,1.4970059880239521,804.8447265625
04866_healthy.jpg,healthy,True,4000,2672,1.4970059880239521,884.890625
04867_healthy.jpg,healthy,True,4000,2672,1.4970059880239521,1027.4228515625
04868_healthy.jpg,healthy,True,4000,2672,1.4970059880239521,946.2841796875
04869_healthy.jpg,healthy,True,4000,2672,1.4970059880239521,959.7412109375
04870_healthy.jpg,healthy,True,4000,2672,1.4970059880239521,516.29296875
04871_healthy.jpg,healthy,True,4000,2672,1.4970059880239521,1104.8662109375
04872_healthy.jpg,healthy,True,4000,2672,1.4970059880239521,994.8974609375
04873_healthy.jpg,healthy,True,4000,2672,1.4970059880239521,1090.2626953125
04874_healthy.jpg,healthy,True,4000,2672,1.4970059880239521,951.1552734375
04875_healthy.jpg,healthy,True,4000,2672,1.4970059880239521,723.9296875
04876_healthy.jpg,healthy,True,4000,2672,1.4970059880239521,856.5126953125
04877_healthy.jpg,healthy,True,4000,2672,1.4970059880239521,692.708984375
04878_healthy.jpg,healthy,True,4000,2672,1.4970059880239521,844.6708984375
04879_healthy.jpg,healthy,True,4000,2672,1.4970059880239521,850.96875
04880_healthy.jpg,healthy,True,4000,2672,1.4970059880239521,969.435546875
04881_healthy.jpg,healthy,True,4000,3000,1.3333333333333333,942.8349609375
04882_healthy.jpg,healthy,True,4000,2672,1.4970059880239521,649.7060546875
04883_healthy.jpg,healthy,True,4000,3000,1.3333333333333333,1022.5791015625
04884_healthy.jpg,healthy,True,4000,2672,1.4970059880239521,1080.8359375
04885_healthy.jpg,healthy,True,4000,2672,1.4970059880239521,722.0361328125
04886_healthy.jpg,healthy,True,4000,2672,1.4970059880239521,900.1884765625
04887_healthy.jpg,healthy,True,4000,2672,1.4970059880239521,852.2705078125
04888_healthy.jpg,healthy,True,4000,2672,1.4970059880239521,792.58984375
04889_healthy.jpg,healthy,True,4000,2672,1.4970059880239521,773.99609375
04890_healthy.jpg,healthy,True,4000,2672,1.4970059880239521,733.0869140625
04891_healthy.jpg,healthy,True,4000,2672,1.4970059880239521,872.8330078125
04892_healthy.jpg,healthy,True,4000,3000,1.3333333333333333,921.6484375
04893_healthy.jpg,healthy,True,4000,2672,1.4970059880239521,1031.1201171875
04894_healthy.jpg,healthy,True,4000,2672,1.4970059880239521,623.5634765625
04895_healthy.jpg,healthy,True,4000,2672,1.4970059880239521,1024.3837890625
04896_healthy.jpg,healthy,True,4000,2672,1.4970059880239521,850.576171875
04897_healthy.jpg,healthy,True,4000,2672,1.4970059880239521,958.5380859375
04898_healthy.jpg,healthy,True,4000,2672,1.4970059880239521,772.2216796875
04899_healthy.jpg,healthy,True,4000,2672,1.4970059880239521,987.3232421875
04900_healthy.jpg,healthy,True,4000,2672,1.4970059880239521,1045.8291015625
04901_healthy.jpg,healthy,True,4000,2672,1.4970059880239521,699.197265625
04902_healthy.jpg,healthy,True,4000,2672,1.4970059880239521,1057.9951171875
04903_healthy.jpg,healthy,True,4000,2672,1.4970059880239521,777.2939453125
04904_healthy.jpg,healthy,True,4000,2672,1.4970059880239521,902.873046875
04905_healthy.jpg,healthy,True,4000,3000,1.3333333333333333,1041.8662109375
04906_healthy.jpg,healthy,True,4000,2672,1.4970059880239521,903.060546875
04907_healthy.jpg,healthy,True,4000,2672,1.4970059880239521,744.8623046875
04908_healthy.jpg,healthy,True,4000,2672,1.4970059880239521,713.1474609375
04909_healthy.jpg,healthy,True,4000,2672,1.4970059880239521,963.8037109375
04910_healthy.jpg,healthy,True,4000,2672,1.4970059880239521,690.8037109375
04911_healthy.jpg,healthy,True,4000,2672,1.4970059880239521,905.84375
04912_healthy.jpg,healthy,True,4000,2672,1.4970059880239521,957.42578125
04913_healthy.jpg,healthy,True,4000,2672,1.4970059880239521,1051.76953125
04914_healthy.jpg,healthy,True,4000,2672,1.4970059880239521,826.5625
04915_healthy.jpg,healthy,True,4000,3000,1.3333333333333333,1090.3193359375
04916_healthy.jpg,healthy,True,4000,2672,1.4970059880239521,1111.099609375
04917_healthy.jpg,healthy,True,4000,2672,1.4970059880239521,790.19921875
04918_healthy.jpg,healthy,True,4000,2672,1.4970059880239521,978.0302734375
04919_healthy.jpg,healthy,True,4000,2672,1.4970059880239521,854.3681640625
04920_healthy.jpg,healthy,True,4000,2672,1.4970059880239521,857.9423828125
04921_healthy.jpg,healthy,True,4000,2672,1.4970059880239521,944.3046875
04922_healthy.jpg,healthy,True,4000,2672,1.4970059880239521,1044.3203125
04923_healthy.jpg,healthy,True,4000,2672,1.4970059880239521,1150.2421875
04924_healthy.jpg,healthy,True,4000,2672,1.4970059880239521,628.0263671875
04925_healthy.jpg,healthy,True,4000,2672,1.4970059880239521,884.3701171875
04926_healthy.jpg,healthy,True,4000,3000,1.3333333333333333,846.0048828125
04927_healthy.jpg,healthy,True,4000,2672,1.4970059880239521,936.3583984375
04928_healthy.jpg,healthy,True,4000,2672,1.4970059880239521,894.9921875
04929_healthy.jpg,healthy,True,4000,2672,1.4970059880239521,857.8720703125
04930_healthy.jpg,healthy,True,4000,2672,1.4970059880239521,865.619140625
04931_healthy.jpg,healthy,True,4000,2672,1.4970059880239521,902.087890625
04932_healthy.jpg,healthy,True,4000,2672,1.4970059880239521,662.5361328125
04933_healthy.jpg,healthy,True,4000,2672,1.4970059880239521,931.1328125
04934_healthy.jpg,healthy,True,4000,2672,1.4970059880239521,761.2236328125
04935_healthy.jpg,healthy,True,4000,2672,1.4970059880239521,922.294921875
04936_healthy.jpg,healthy,True,4000,2672,1.4970059880239521,872.658203125
04937_healthy.jpg,healthy,True,4000,2672,1.4970059880239521,932.595703125
04938_healthy.jpg,healthy,True,4000,2672,1.4970059880239521,965.8681640625
04939_healthy.jpg,healthy,True,4000,2672,1.4970059880239521,850.3095703125
04940_healthy.jpg,healthy,True,4000,2672,1.4970059880239521,1061.8232421875
04941_healthy.jpg,healthy,True,4000,2672,1.4970059880239521,659.314453125
04942_healthy.jpg,healthy,True,4000,2672,1.4970059880239521,1018.0908203125
04943_healthy.jpg,healthy,True,4000,2672,1.4970059880239521,712.5595703125
04944_healthy.jpg,healthy,True,4000,3000,1.3333333333333333,1154.0673828125
04945_healthy.jpg,healthy,True,4000,2672,1.4970059880239521,825.525390625
04946_healthy.jpg,healthy,True,4000,2672,1.4970059880239521,884.466796875
04947_healthy.jpg,healthy,True,4000,2672,1.4970059880239521,1035.26171875
04948_healthy.jpg,healthy,True,4000,2672,1.4970059880239521,1021.37890625
04949_healthy.jpg,healthy,True,4000,2672,1.4970059880239521,1096.2626953125
04950_healthy.jpg,healthy,True,4000,2672,1.4970059880239521,861.6845703125
04951_healthy.jpg,healthy,True,4000,2672,1.4970059880239521,1035.2421875
04952_healthy.jpg,healthy,True,4000,2672,1.4970059880239521,745.2470703125
04953_healthy.jpg,healthy,True,4000,2672,1.4970059880239521,954.0712890625
04954_healthy.jpg,healthy,True,4000,2672,1.4970059880239521,956.5888671875
04955_healthy.jpg,healthy,True,4000,2672,1.4970059880239521,1015.8935546875
04956_healthy.jpg,healthy,True,4000,3000,1.3333333333333333,974.880859375
04957_healthy.jpg,healthy,True,4000,2672,1.4970059880239521,925.8271484375
04958_healthy.jpg,healthy,True,4000,2672,1.4970059880239521,970.5771484375
04959_healthy.jpg,healthy,True,4000,2672,1.4970059880239521,705.3125
04960_healthy.jpg,healthy,True,4000,2672,1.4970059880239521,727.0732421875
04961_healthy.jpg,healthy,True,4000,3000,1.3333333333333333,931.5576171875
04962_healthy.jpg,healthy,True,4000,2672,1.4970059880239521,1134.705078125
04963_healthy.jpg,healthy,True,4000,2672,1.4970059880239521,526.123046875
04964_healthy.jpg,healthy,True,4000,2672,1.4970059880239521,956.9921875
04965_healthy.jpg,healthy,True,4000,2672,1.4970059880239521,1044.6171875
04966_healthy.jpg,healthy,True,4000,2672,1.4970059880239521,847.0380859375
04967_healthy.jpg,healthy,True,4000,2672,1.4970059880239521,859.896484375
04968_healthy.jpg,healthy,True,4000,2672,1.4970059880239521,767.9990234375
04969_healthy.jpg,healthy,True,4000,2672,1.4970059880239521,1023.994140625
04970_healthy.jpg,healthy,True,4000,2672,1.4970059880239521,868.6337890625
04971_healthy.jpg,healthy,True,4000,2672,1.4970059880239521,937.4677734375
04972_healthy.jpg,healthy,True,4000,2672,1.4970059880239521,745.1640625
04973_healthy.jpg,healthy,True,4000,2672,1.4970059880239521,1171.640625
04974_healthy.jpg,healthy,True,4000,2672,1.4970059880239521,715.705078125
04975_healthy.jpg,healthy,True,4000,2672,1.4970059880239521,1132.453125
04976_healthy.jpg,healthy,True,4000,2672,1.4970059880239521,951.828125
04977_healthy.jpg,healthy,True,4000,2672,1.4970059880239521,695.52734375
04978_healthy.jpg,healthy,True,4000,2672,1.4970059880239521,951.1328125
04979_healthy.jpg,healthy,True,4000,3000,1.3333333333333333,986.8642578125
04980_healthy.jpg,healthy,True,4000,2672,1.4970059880239521,788.0107421875
04981_healthy.jpg,healthy,True,4000,3000,1.3333333333333333,1065.30859375
04982_healthy.jpg,healthy,True,4000,2672,1.4970059880239521,636.17578125
04983_healthy.jpg,healthy,True,4000,2672,1.4970059880239521,654.09375
04984_healthy.jpg,healthy,True,4000,3000,1.3333333333333333,837.4345703125
04985_healthy.jpg,healthy,True,4000,2672,1.4970059880239521,871.5205078125
04986_healthy.jpg,healthy,True,4000,2672,1.4970059880239521,890.8076171875
04987_healthy.jpg,healthy,True,4000,2672,1.4970059880239521,1025.326171875
04988_healthy.jpg,healthy,True,4000,2672,1.4970059880239521,945.375
04989_healthy.jpg,healthy,True,4000,2672,1.4970059880239521,998.232421875
04990_healthy.jpg,healthy,True,4000,2672,1.4970059880239521,928.0869140625
04991_healthy.jpg,healthy,True,4000,2672,1.4970059880239521,939.017578125
04992_healthy.jpg,healthy,True,4000,2672,1.4970059880239521,867.1435546875
04993_healthy.jpg,healthy,True,4000,3000,1.3333333333333333,1229.298828125
04994_healthy.jpg,healthy,True,4000,3000,1.3333333333333333,946.44140625
04995_healthy.jpg,healthy,True,4000,2672,1.4970059880239521,1281.267578125
04996_healthy.jpg,healthy,True,4000,3000,1.3333333333333333,1044.5302734375
04997_healthy.jpg,healthy,True,4000,2672,1.4970059880239521,1160.9345703125
04998_healthy.jpg,healthy,True,4000,2672,1.4970059880239521,958.0810546875
04999_healthy.jpg,healthy,True,4000,3000,1.3333333333333333,780.931640625
05000_healthy.jpg,healthy,True,4000,3000,1.3333333333333333,1212.921875
05001_healthy.jpg,healthy,True,4000,2672,1.4970059880239521,959.0439453125
05002_healthy.jpg,healthy,True,4000,2672,1.4970059880239521,763.61328125
05003_healthy.jpg,healthy,True,4000,3000,1.3333333333333333,1017.578125
05004_healthy.jpg,healthy,True,4000,2672,1.4970059880239521,926.7197265625
05005_healthy.jpg,healthy,True,4000,2672,1.4970059880239521,814.3896484375
05006_healthy.jpg,healthy,True,4000,2672,1.4970059880239521,933.3369140625
05007_healthy.jpg,healthy,True,4000,2672,1.4970059880239521,1054.2958984375
05008_healthy.jpg,healthy,True,4000,2672,1.4970059880239521,711.5380859375
05009_healthy.jpg,healthy,True,4000,2672,1.4970059880239521,1027.951171875
05010_healthy.jpg,healthy,True,4000,2672,1.4970059880239521,1119.484375
05011_healthy.jpg,healthy,True,4000,2672,1.4970059880239521,882.56640625
05012_healthy.jpg,healthy,True,4000,2672,1.4970059880239521,847.7470703125
05013_healthy.jpg,healthy,True,4000,2672,1.4970059880239521,815.9677734375
05014_healthy.jpg,healthy,True,4000,2672,1.4970059880239521,777.748046875
05015_healthy.jpg,healthy,True,4000,2672,1.4970059880239521,1062.7919921875
05016_healthy.jpg,healthy,True,4000,2672,1.4970059880239521,1043.2861328125
05017_healthy.jpg,healthy,True,4000,2672,1.4970059880239521,940.2685546875
05018_healthy.jpg,healthy,True,4000,2672,1.4970059880239521,861.66015625
05019_healthy.jpg,healthy,True,4000,2672,1.4970059880239521,772.9775390625
05020_healthy.jpg,healthy,True,4000,2672,1.4970059880239521,890.77734375
05021_healthy.jpg,healthy,True,4000,2672,1.4970059880239521,862.9169921875
05022_healthy.jpg,healthy,True,4000,2672,1.4970059880239521,683.8046875
05023_healthy.jpg,healthy,True,4000,2672,1.4970059880239521,1005.4462890625
05024_healthy.jpg,healthy,True,4000,2672,1.4970059880239521,738.0810546875
05025_healthy.jpg,healthy,True,4000,2672,1.4970059880239521,931.8466796875
05026_healthy.jpg,healthy,True,4000,3000,1.3333333333333333,1023.021484375
05027_healthy.jpg,healthy,True,4000,2672,1.4970059880239521,805.9453125
05028_healthy.jpg,healthy,True,4000,2672,1.4970059880239521,839.9931640625
05029_healthy.jpg,healthy,True,4000,2672,1.4970059880239521,975.666015625
05030_healthy.jpg,healthy,True,4000,2672,1.4970059880239521,689.5478515625
05031_healthy.jpg,healthy,True,4000,2672,1.4970059880239521,674.724609375
05032_healthy.jpg,healthy,True,4000,2672,1.4970059880239521,734.255859375
05033_healthy.jpg,healthy,True,4000,2672,1.4970059880239521,772.1171875
05034_healthy.jpg,healthy,True,4000,2672,1.4970059880239521,998.7724609375
05035_healthy.jpg,healthy,True,4000,2672,1.4970059880239521,979.0224609375
05036_healthy.jpg,healthy,True,4000,3000,1.3333333333333333,1028.8828125
05037_healthy.jpg,healthy,True,4000,2672,1.4970059880239521,802.638671875
05038_healthy.jpg,healthy,True,4000,2672,1.4970059880239521,661.7666015625
05039_healthy.jpg,healthy,True,4000,2672,1.4970059880239521,981.4990234375
05040_healthy.jpg,healthy,True,4000,2672,1.4970059880239521,820.2998046875
05041_healthy.jpg,healthy,True,4000,2672,1.4970059880239521,785.998046875
05042_healthy.jpg,healthy,True,4000,2672,1.4970059880239521,623.603515625
05043_healthy.jpg,healthy,True,4000,2672,1.4970059880239521,902.671875
05044_healthy.jpg,healthy,True,4000,2672,1.4970059880239521,1019.0966796875
05045_healthy.jpg,healthy,True,4000,2672,1.4970059880239521,1088.134765625
05046_healthy.jpg,healthy,True,4000,2672,1.4970059880239521,874.9697265625
05047_healthy.jpg,healthy,True,4000,2672,1.4970059880239521,965.294921875
05048_healthy.jpg,healthy,True,4000,2672,1.4970059880239521,1134.6005859375
05049_healthy.jpg,healthy,True,4000,2672,1.4970059880239521,986.7021484375
05050_healthy.jpg,healthy,True,4000,2672,1.4970059880239521,989.2939453125
05051_healthy.jpg,healthy,True,4000,2672,1.4970059880239521,782.4853515625
05052_healthy.jpg,healthy,True,4000,2672,1.4970059880239521,766.9921875
05053_healthy.jpg,healthy,True,4000,2672,1.4970059880239521,935.30859375
05054_healthy.jpg,healthy,True,4000,2672,1.4970059880239521,870.8486328125
05055_healthy.jpg,healthy,True,4000,2672,1.4970059880239521,1088.7646484375
05056_healthy.jpg,healthy,True,4000,2672,1.4970059880239521,758.2998046875
05057_healthy.jpg,healthy,True,4000,2672,1.4970059880239521,809.421875
05058_healthy.jpg,healthy,True,4000,2672,1.4970059880239521,696.439453125
05059_healthy.jpg,healthy,True,4000,2672,1.4970059880239521,994.486328125
05060_healthy.jpg,healthy,True,4000,2672,1.4970059880239521,658.5380859375
05061_healthy.jpg,healthy,True,4000,3000,1.3333333333333333,1020.15234375
05062_healthy.jpg,healthy,True,4000,2672,1.4970059880239521,919.556640625
05063_healthy.jpg,healthy,True,4000,2672,1.4970059880239521,896.7392578125
05064_healthy.jpg,healthy,True,4000,2672,1.4970059880239521,975.9111328125
05065_healthy.jpg,healthy,True,4000,2672,1.4970059880239521,1028.9892578125
05066_healthy.jpg,healthy,True,4000,2672,1.4970059880239521,864.4462890625
05067_healthy.jpg,healthy,True,4000,2672,1.4970059880239521,1103.8798828125
05068_healthy.jpg,healthy,True,4000,2672,1.4970059880239521,1015.6552734375
05069_healthy.jpg,healthy,True,4000,3000,1.3333333333333333,937.4140625
05070_healthy.jpg,healthy,True,4000,2672,1.4970059880239521,822.955078125
05071_healthy.jpg,healthy,True,4000,2672,1.4970059880239521,873.228515625
05072_healthy.jpg,healthy,True,4000,3000,1.3333333333333333,835.248046875
05073_healthy.jpg,healthy,True,4000,2672,1.4970059880239521,791.0537109375
05074_healthy.jpg,healthy,True,4000,2672,1.4970059880239521,905.7802734375
05075_healthy.jpg,healthy,True,4000,2672,1.4970059880239521,1021.0205078125
05076_healthy.jpg,healthy,True,4000,2672,1.4970059880239521,785.490234375
05077_healthy.jpg,healthy,True,4000,2672,1.4970059880239521,908.0263671875
05078_healthy.jpg,healthy,True,4000,2672,1.4970059880239521,998.134765625
05079_healthy.jpg,healthy,True,4000,2672,1.4970059880239521,785.8486328125
05080_healthy.jpg,healthy,True,4000,2672,1.4970059880239521,881.8974609375
05081_healthy.jpg,healthy,True,4000,2672,1.4970059880239521,992.673828125
05082_healthy.jpg,healthy,True,4000,2672,1.4970059880239521,673.5791015625
05083_healthy.jpg,healthy,True,4000,2672,1.4970059880239521,929.4462890625
05084_healthy.jpg,healthy,True,4000,2672,1.4970059880239521,1099.5556640625
05085_healthy.jpg,healthy,True,4000,2672,1.4970059880239521,806.4443359375
05086_healthy.jpg,healthy,True,4000,2672,1.4970059880239521,782.7802734375
05087_healthy.jpg,healthy,True,4000,2672,1.4970059880239521,898.107421875
05088_healthy.jpg,healthy,True,4000,2672,1.4970059880239521,941.8310546875
05089_healthy.jpg,healthy,True,4000,2672,1.4970059880239521,968.328125
05090_healthy.jpg,healthy,True,4000,2672,1.4970059880239521,878.88671875
05091_healthy.jpg,healthy,True,4000,2672,1.4970059880239521,1106.154296875
05092_healthy.jpg,healthy,True,4000,2672,1.4970059880239521,773.369140625
05093_healthy.jpg,healthy,True,4000,3000,1.3333333333333333,1040.6923828125
05094_healthy.jpg,healthy,True,4000,2672,1.4970059880239521,763.4296875
05095_healthy.jpg,healthy,True,4000,2672,1.4970059880239521,637.0986328125
05096_healthy.jpg,healthy,True,4000,2672,1.4970059880239521,1034.5673828125
05097_healthy.jpg,healthy,True,4000,2672,1.4970059880239521,922.119140625
05098_healthy.jpg,healthy,True,4000,2672,1.4970059880239521,710.5166015625
05099_healthy.jpg,healthy,True,4000,2672,1.4970059880239521,793.828125
05100_healthy.jpg,healthy,True,4000,2672,1.4970059880239521,852.169921875
05101_healthy.jpg,healthy,True,4000,2672,1.4970059880239521,874.314453125
05102_healthy.jpg,healthy,True,4000,2672,1.4970059880239521,811.1865234375
05103_healthy.jpg,healthy,True,4000,2672,1.4970059880239521,691.416015625
05104_healthy.jpg,healthy,True,4000,2672,1.4970059880239521,727.71875
05105_healthy.jpg,healthy,True,4000,2672,1.4970059880239521,733.763671875
05106_healthy.jpg,healthy,True,4000,2672,1.4970059880239521,746.884765625
05107_healthy.jpg,healthy,True,4000,3000,1.3333333333333333,1142.8349609375
05108_healthy.jpg,healthy,True,4000,2672,1.4970059880239521,521.505859375
05109_healthy.jpg,healthy,True,4000,2672,1.4970059880239521,774.61328125
05110_healthy.jpg,healthy,True,4000,2672,1.4970059880239521,856.37109375
05111_healthy.jpg,healthy,True,4000,2672,1.4970059880239521,693.96875
05112_healthy.jpg,healthy,True,4000,2672,1.4970059880239521,717.8662109375
05113_healthy.jpg,healthy,True,4000,2672,1.4970059880239521,1074.34375
05114_healthy.jpg,healthy,True,4000,2672,1.4970059880239521,1081.8642578125
05115_healthy.jpg,healthy,True,4000,2672,1.4970059880239521,1044.6103515625
05116_healthy.jpg,healthy,True,4000,2672,1.4970059880239521,1016.103515625
05117_healthy.jpg,healthy,True,4000,2672,1.4970059880239521,981.9609375
05118_healthy.jpg,healthy,True,4000,2672,1.4970059880239521,996.123046875
05119_healthy.jpg,healthy,True,4000,2672,1.4970059880239521,1089.8720703125
05120_healthy.jpg,healthy,True,4000,2672,1.4970059880239521,950.0595703125
05121_healthy.jpg,healthy,True,4000,2672,1.4970059880239521,1035.234375
05122_healthy.jpg,healthy,True,4000,3000,1.3333333333333333,1051.2529296875
05123_healthy.jpg,healthy,True,4000,2672,1.4970059880239521,748.037109375
05124_healthy.jpg,healthy,True,4000,2672,1.4970059880239521,894.3447265625
05125_healthy.jpg,healthy,True,4000,2672,1.4970059880239521,861.7900390625
05126_healthy.jpg,healthy,True,4000,2672,1.4970059880239521,1100.603515625
05127_healthy.jpg,healthy,True,4000,3000,1.3333333333333333,874.255859375
05128_healthy.jpg,healthy,True,4000,2672,1.4970059880239521,1086.666015625
05129_healthy.jpg,healthy,True,4000,2672,1.4970059880239521,544.701171875
05130_healthy.jpg,healthy,True,4000,2672,1.4970059880239521,931.8583984375
05131_healthy.jpg,healthy,True,4000,2672,1.4970059880239521,898.86328125
05132_healthy.jpg,healthy,True,4000,2672,1.4970059880239521,1034.6962890625
05133_healthy.jpg,healthy,True,4000,2672,1.4970059880239521,584.8388671875
05134_healthy.jpg,healthy,True,4000,2672,1.4970059880239521,1009.671875
05135_healthy.jpg,healthy,True,4000,2672,1.4970059880239521,843.48828125
05136_healthy.jpg,healthy,True,4000,2672,1.4970059880239521,958.11328125
05137_healthy.jpg,healthy,True,4000,2672,1.4970059880239521,894.115234375
05138_healthy.jpg,healthy,True,4000,2672,1.4970059880239521,1038.0439453125
05139_healthy.jpg,healthy,True,4000,2672,1.4970059880239521,861.7236328125
05140_healthy.jpg,healthy,True,4000,2672,1.4970059880239521,910.58203125
05141_healthy.jpg,healthy,True,4000,2672,1.4970059880239521,1041.07421875
05142_healthy.jpg,healthy,True,4000,2672,1.4970059880239521,711.5927734375
05143_healthy.jpg,healthy,True,4000,2672,1.4970059880239521,796.7744140625
05144_healthy.jpg,healthy,True,4000,2672,1.4970059880239521,793.53125
05145_healthy.jpg,healthy,True,4000,2672,1.4970059880239521,761.19140625
05146_healthy.jpg,healthy,True,4000,2672,1.4970059880239521,859.8994140625
05147_healthy.jpg,healthy,True,4000,2672,1.4970059880239521,1053.5283203125
05148_healthy.jpg,healthy,True,4000,3000,1.3333333333333333,866.60546875
05149_healthy.jpg,healthy,True,4000,2672,1.4970059880239521,1020.3876953125
05150_healthy.jpg,healthy,True,4000,2672,1.4970059880239521,923.513671875
05151_healthy.jpg,healthy,True,4000,2672,1.4970059880239521,964.2548828125
05152_healthy.jpg,healthy,True,4000,3000,1.3333333333333333,1066.65625
05153_healthy.jpg,healthy,True,4000,2672,1.4970059880239521,1122.98828125
05154_healthy.jpg,healthy,True,4000,2672,1.4970059880239521,890.98828125
05155_healthy.jpg,healthy,True,4000,2672,1.4970059880239521,800.3857421875
05156_healthy.jpg,healthy,True,4000,2672,1.4970059880239521,744.841796875
05157_healthy.jpg,healthy,True,4000,2672,1.4970059880239521,720.240234375
05158_healthy.jpg,healthy,True,4000,2672,1.4970059880239521,891.1806640625
05159_healthy.jpg,healthy,True,4000,3000,1.3333333333333333,1113.5927734375
05160_healthy.jpg,healthy,True,4000,2672,1.4970059880239521,1099.51171875
05161_healthy.jpg,healthy,True,4000,2672,1.4970059880239521,796.169921875
05162_healthy.jpg,healthy,True,4000,2672,1.4970059880239521,944.92578125
05163_healthy.jpg,healthy,True,4000,2672,1.4970059880239521,800.033203125
05164_healthy.jpg,healthy,True,4000,3000,1.3333333333333333,1047.513671875
05165_healthy.jpg,healthy,True,4000,2672,1.4970059880239521,896.12890625
05166_healthy.jpg,healthy,True,4000,2672,1.4970059880239521,973.3173828125
05167_healthy.jpg,healthy,True,4000,2672,1.4970059880239521,749.978515625
05168_healthy.jpg,healthy,True,4000,2672,1.4970059880239521,1026.4658203125
05169_healthy.jpg,healthy,True,4000,2672,1.4970059880239521,1016.005859375
05170_healthy.jpg,healthy,True,4000,2672,1.4970059880239521,1197.482421875
05171_healthy.jpg,healthy,True,4000,2672,1.4970059880239521,792.8447265625
05172_healthy.jpg,healthy,True,4000,2672,1.4970059880239521,1078.341796875
05173_healthy.jpg,healthy,True,4000,2672,1.4970059880239521,957.4697265625
05174_healthy.jpg,healthy,True,4000,3000,1.3333333333333333,1069.69140625
05175_healthy.jpg,healthy,True,4000,2672,1.4970059880239521,861.6015625
05176_healthy.jpg,healthy,True,4000,2672,1.4970059880239521,879.5888671875
05177_healthy.jpg,healthy,True,4000,2672,1.4970059880239521,682.642578125
05178_healthy.jpg,healthy,True,4000,2672,1.4970059880239521,1013.8154296875
05179_healthy.jpg,healthy,True,4000,2672,1.4970059880239521,808.8818359375
05180_healthy.jpg,healthy,True,4000,2672,1.4970059880239521,859.892578125
05181_healthy.jpg,healthy,True,4000,2672,1.4970059880239521,867.3720703125
05182_healthy.jpg,healthy,True,4000,2672,1.4970059880239521,937.7705078125
05183_healthy.jpg,healthy,True,4000,2672,1.4970059880239521,1101.802734375
05184_healthy.jpg,healthy,True,4000,2672,1.4970059880239521,1020.1982421875
05185_healthy.jpg,healthy,True,4000,2672,1.4970059880239521,833.09765625
05186_healthy.jpg,healthy,True,4000,2672,1.4970059880239521,853.578125
05187_healthy.jpg,healthy,True,4000,2672,1.4970059880239521,803.16015625
05188_healthy.jpg,healthy,True,4000,2672,1.4970059880239521,950.146484375
05189_healthy.jpg,healthy,True,4000,2672,1.4970059880239521,787.9794921875
05190_healthy.jpg,healthy,True,4000,2672,1.4970059880239521,880.6025390625
05191_healthy.jpg,healthy,True,4000,3000,1.3333333333333333,1045.0283203125
05192_healthy.jpg,healthy,True,4000,2672,1.4970059880239521,843.6767578125
05193_healthy.jpg,healthy,True,4000,2672,1.4970059880239521,746.1376953125
05194_healthy.jpg,healthy,True,4000,2672,1.4970059880239521,1077.626953125
05195_healthy.jpg,healthy,True,4000,2672,1.4970059880239521,649.708984375
05196_healthy.jpg,healthy,True,4000,2672,1.4970059880239521,804.2431640625
05197_healthy.jpg,healthy,True,4000,2672,1.4970059880239521,858.8447265625
05198_healthy.jpg,healthy,True,4000,2672,1.4970059880239521,724.1240234375
05199_healthy.jpg,healthy,True,4000,2672,1.4970059880239521,1022.970703125
05200_healthy.jpg,healthy,True,4000,2672,1.4970059880239521,1064.275390625
05201_healthy.jpg,healthy,True,4000,2672,1.4970059880239521,876.4580078125
05202_healthy.jpg,healthy,True,4000,2672,1.4970059880239521,769.89453125
05203_healthy.jpg,healthy,True,4000,2672,1.4970059880239521,950.90234375
05204_healthy.jpg,healthy,True,4000,2672,1.4970059880239521,764.671875
05205_healthy.jpg,healthy,True,4000,2672,1.4970059880239521,897.6767578125
05206_healthy.jpg,healthy,True,4000,2672,1.4970059880239521,783.4033203125
05207_healthy.jpg,healthy,True,4000,2672,1.4970059880239521,980.6494140625
05208_healthy.jpg,healthy,True,4000,2672,1.4970059880239521,939.8525390625
05209_healthy.jpg,healthy,True,4000,2672,1.4970059880239521,760.548828125
05210_healthy.jpg,healthy,True,4000,2672,1.4970059880239521,1079.3173828125
05211_healthy.jpg,healthy,True,4000,2672,1.4970059880239521,1119.767578125
05212_healthy.jpg,healthy,True,4000,2672,1.4970059880239521,799.8427734375
05213_healthy.jpg,healthy,True,4000,2672,1.4970059880239521,707.0830078125
05214_healthy.jpg,healthy,True,4000,2672,1.4970059880239521,675.9013671875
05215_healthy.jpg,healthy,True,4000,2672,1.4970059880239521,692.3583984375
05216_healthy.jpg,healthy,True,4000,2672,1.4970059880239521,843.083984375
05217_healthy.jpg,healthy,True,4000,2672,1.4970059880239521,770.1220703125
05218_healthy.jpg,healthy,True,4000,2672,1.4970059880239521,533.7431640625
05219_healthy.jpg,healthy,True,4000,2672,1.4970059880239521,791.7705078125
05220_healthy.jpg,healthy,True,4000,2672,1.4970059880239521,1007.2822265625
05221_healthy.jpg,healthy,True,4000,2672,1.4970059880239521,1136.369140625
05222_healthy.jpg,healthy,True,4000,2672,1.4970059880239521,826.5205078125
05223_healthy.jpg,healthy,True,4000,2672,1.4970059880239521,1079.1962890625
05224_healthy.jpg,healthy,True,4000,2672,1.4970059880239521,732.9150390625
05225_healthy.jpg,healthy,True,4000,2672,1.4970059880239521,1065.0986328125
05226_healthy.jpg,healthy,True,4000,2672,1.4970059880239521,876.3759765625
05227_healthy.jpg,healthy,True,4000,2672,1.4970059880239521,804.0166015625
05228_healthy.jpg,healthy,True,4000,2672,1.4970059880239521,929.69140625
05229_healthy.jpg,healthy,True,4000,2672,1.4970059880239521,743.87890625
05230_healthy.jpg,healthy,True,4000,2672,1.4970059880239521,1020.8720703125
05231_healthy.jpg,healthy,True,4000,2672,1.4970059880239521,795.7861328125
05232_healthy.jpg,healthy,True,4000,2672,1.4970059880239521,776.7138671875
05233_healthy.jpg,healthy,True,4000,2672,1.4970059880239521,714.390625
05234_healthy.jpg,healthy,True,4000,2672,1.4970059880239521,773.0009765625
05235_healthy.jpg,healthy,True,4000,2672,1.4970059880239521,764.7216796875
05236_healthy.jpg,healthy,True,4000,2672,1.4970059880239521,811.556640625
05237_healthy.jpg,healthy,True,4000,2672,1.4970059880239521,828.9033203125
05238_healthy.jpg,healthy,True,4000,2672,1.4970059880239521,979.09375
05239_healthy.jpg,healthy,True,4000,2672,1.4970059880239521,964.681640625
05240_healthy.jpg,healthy,True,4000,2672,1.4970059880239521,973.0234375
05241_healthy.jpg,healthy,True,4000,2672,1.4970059880239521,1001.8076171875
05242_healthy.jpg,healthy,True,4000,2672,1.4970059880239521,799.4794921875
05243_healthy.jpg,healthy,True,4000,2672,1.4970059880239521,736.3896484375
05244_healthy.jpg,healthy,True,4000,2672,1.4970059880239521,946.7998046875
05245_healthy.jpg,healthy,True,4000,2672,1.4970059880239521,730.275390625
05246_healthy.jpg,healthy,True,4000,2672,1.4970059880239521,749.0205078125
05247_healthy.jpg,healthy,True,4000,2672,1.4970059880239521,677.705078125
05248_healthy.jpg,healthy,True,4000,2672,1.4970059880239521,899.853515625
05249_healthy.jpg,healthy,True,4000,2672,1.4970059880239521,740.373046875
05250_healthy.jpg,healthy,True,4000,2672,1.4970059880239521,744.560546875
05251_healthy.jpg,healthy,True,4000,2672,1.4970059880239521,631.845703125
05252_healthy.jpg,healthy,True,4000,2672,1.4970059880239521,721.44921875
05253_healthy.jpg,healthy,True,4000,3000,1.3333333333333333,963.9931640625
05254_healthy.jpg,healthy,True,4000,2672,1.4970059880239521,1109.6806640625
05255_healthy.jpg,healthy,True,4000,3000,1.3333333333333333,1088.333984375
05256_healthy.jpg,healthy,True,4000,2672,1.4970059880239521,906.0888671875
05257_healthy.jpg,healthy,True,4000,2672,1.4970059880239521,1023.4619140625
05258_healthy.jpg,healthy,True,4000,3000,1.3333333333333333,1067.853515625
05259_healthy.jpg,healthy,True,4000,2672,1.4970059880239521,697.7353515625
05260_healthy.jpg,healthy,True,4000,2672,1.4970059880239521,882.7890625
05261_healthy.jpg,healthy,True,4000,2672,1.4970059880239521,723.837890625
05262_healthy.jpg,healthy,True,4000,2672,1.4970059880239521,809.787109375
05263_healthy.jpg,healthy,True,4000,2672,1.4970059880239521,679.1064453125
05264_healthy.jpg,healthy,True,4000,2672,1.4970059880239521,723.6630859375
05265_healthy.jpg,healthy,True,4000,2672,1.4970059880239521,727.759765625
05266_healthy.jpg,healthy,True,4000,2672,1.4970059880239521,738.4462890625
05267_healthy.jpg,healthy,True,4000,2672,1.4970059880239521,970.775390625
05268_healthy.jpg,healthy,True,4000,2672,1.4970059880239521,785.6943359375
05269_healthy.jpg,healthy,True,4000,2672,1.4970059880239521,965.6337890625
05270_healthy.jpg,healthy,True,4000,2672,1.4970059880239521,972.7080078125
05271_healthy.jpg,healthy,True,4000,2672,1.4970059880239521,951.67578125
05272_healthy.jpg,healthy,True,4000,2672,1.4970059880239521,701.828125
05273_healthy.jpg,healthy,True,4000,3000,1.3333333333333333,859.013671875
05274_healthy.jpg,healthy,True,4000,3000,1.3333333333333333,1193.44921875
05275_healthy.jpg,healthy,True,4000,2672,1.4970059880239521,824.2666015625
05276_healthy.jpg,healthy,True,4000,2672,1.4970059880239521,786.4013671875
05277_healthy.jpg,healthy,True,4000,2672,1.4970059880239521,689.662109375
05278_healthy.jpg,healthy,True,4000,3000,1.3333333333333333,978.40234375
05279_healthy.jpg,healthy,True,4000,2672,1.4970059880239521,853.8623046875
05280_healthy.jpg,healthy,True,4000,2672,1.4970059880239521,1015.4521484375
05281_healthy.jpg,healthy,True,4000,2672,1.4970059880239521,1089.7431640625
05282_healthy.jpg,healthy,True,4000,2672,1.4970059880239521,719.8154296875
05283_healthy.jpg,healthy,True,4000,2672,1.4970059880239521,808.33984375
05284_healthy.jpg,healthy,True,4000,2672,1.4970059880239521,870.6064453125
05285_healthy.jpg,healthy,True,4000,2672,1.4970059880239521,965.2685546875
05286_healthy.jpg,healthy,True,4000,2672,1.4970059880239521,902.6748046875
05287_healthy.jpg,healthy,True,4000,2672,1.4970059880239521,1098.51953125
05288_healthy.jpg,healthy,True,4000,2672,1.4970059880239521,748.509765625
05289_healthy.jpg,healthy,True,4000,2672,1.4970059880239521,863.263671875
05290_healthy.jpg,healthy,True,4000,2672,1.4970059880239521,944.291015625
05291_healthy.jpg,healthy,True,4000,2672,1.4970059880239521,937.4140625
05292_healthy.jpg,healthy,True,4000,2672,1.4970059880239521,780.359375
05293_healthy.jpg,healthy,True,4000,3000,1.3333333333333333,913.8359375
05294_healthy.jpg,healthy,True,4000,2672,1.4970059880239521,858.0361328125
05295_healthy.jpg,healthy,True,4000,2672,1.4970059880239521,778.708984375
05296_healthy.jpg,healthy,True,4000,2672,1.4970059880239521,1177.3857421875
05297_healthy.jpg,healthy,True,4000,2672,1.4970059880239521,1126.97265625
05298_healthy.jpg,healthy,True,4000,2672,1.4970059880239521,799.0986328125
05299_healthy.jpg,healthy,True,4000,2672,1.4970059880239521,673.6396484375
05300_healthy.jpg,healthy,True,4000,2672,1.4970059880239521,786.888671875
05301_healthy.jpg,healthy,True,4000,2672,1.4970059880239521,665.6826171875
05302_healthy.jpg,healthy,True,4000,2672,1.4970059880239521,737.375
05303_healthy.jpg,healthy,True,4000,2672,1.4970059880239521,934.21875
05304_healthy.jpg,healthy,True,4000,2672,1.4970059880239521,868.8466796875
05305_healthy.jpg,healthy,True,4000,2672,1.4970059880239521,785.69921875
05306_healthy.jpg,healthy,True,4000,2672,1.4970059880239521,860.10546875
05307_healthy.jpg,healthy,True,4000,2672,1.4970059880239521,792.2763671875
05308_healthy.jpg,healthy,True,4000,2672,1.4970059880239521,903.2919921875
05309_healthy.jpg,healthy,True,4000,2672,1.4970059880239521,1324.8896484375
05310_healthy.jpg,healthy,True,4000,2672,1.4970059880239521,908.978515625
05311_healthy.jpg,healthy,True,4000,2672,1.4970059880239521,1109.380859375
05312_healthy.jpg,healthy,True,4000,2672,1.4970059880239521,751.9541015625
05313_healthy.jpg,healthy,True,4000,2672,1.4970059880239521,993.171875
05314_healthy.jpg,healthy,True,4000,2672,1.4970059880239521,803.478515625
05315_healthy.jpg,healthy,True,4000,2672,1.4970059880239521,816.720703125
05316_healthy.jpg,healthy,True,4000,2672,1.4970059880239521,437.6376953125
05317_healthy.jpg,healthy,True,4000,2672,1.4970059880239521,594.162109375
05318_healthy.jpg,healthy,True,4000,2672,1.4970059880239521,996.5751953125
05319_healthy.jpg,healthy,True,4000,2672,1.4970059880239521,714.0185546875
05320_healthy.jpg,healthy,True,4000,2672,1.4970059880239521,837.2353515625
05321_healthy.jpg,healthy,True,4000,2672,1.4970059880239521,898.2861328125
05322_healthy.jpg,healthy,True,4000,2672,1.4970059880239521,798.6455078125
05323_healthy.jpg,healthy,True,4000,2672,1.4970059880239521,975.59375
05324_healthy.jpg,healthy,True,4000,2672,1.4970059880239521,803.0126953125
05325_healthy.jpg,healthy,True,4000,2672,1.4970059880239521,1028.326171875
05326_healthy.jpg,healthy,True,4000,2672,1.4970059880239521,860.216796875
05327_healthy.jpg,healthy,True,4000,2672,1.4970059880239521,829.3388671875
05328_healthy.jpg,healthy,True,4000,2672,1.4970059880239521,739.935546875
05329_healthy.jpg,healthy,True,4000,2672,1.4970059880239521,1054.892578125
05330_healthy.jpg,healthy,True,4000,2672,1.4970059880239521,1026.642578125
05331_healthy.jpg,healthy,True,4000,2672,1.4970059880239521,899.6982421875
05332_healthy.jpg,healthy,True,4000,2672,1.4970059880239521,586.9306640625
05333_healthy.jpg,healthy,True,4000,2672,1.4970059880239521,960.0439453125
05334_healthy.jpg,healthy,True,4000,2672,1.4970059880239521,888.2470703125
05335_healthy.jpg,healthy,True,4000,2672,1.4970059880239521,797.3564453125
05336_healthy.jpg,healthy,True,4000,2672,1.4970059880239521,729.7646484375
05337_healthy.jpg,healthy,True,4000,2672,1.4970059880239521,894.7060546875
05338_healthy.jpg,healthy,True,4000,2672,1.4970059880239521,1020.0634765625
05339_healthy.jpg,healthy,True,4000,2672,1.4970059880239521,907.7099609375
05340_healthy.jpg,healthy,True,4000,2672,1.4970059880239521,819.283203125
05341_healthy.jpg,healthy,True,4000,2672,1.4970059880239521,497.998046875
05342_healthy.jpg,healthy,True,4000,2672,1.4970059880239521,993.06640625
05343_healthy.jpg,healthy,True,4000,2672,1.4970059880239521,1115.2490234375
05344_healthy.jpg,healthy,True,4000,2672,1.4970059880239521,893.3955078125
05345_healthy.jpg,healthy,True,4000,2672,1.4970059880239521,976.9287109375
05346_healthy.jpg,healthy,True,4000,2672,1.4970059880239521,687.9775390625
05347_healthy.jpg,healthy,True,4000,2672,1.4970059880239521,717.296875
05348_healthy.jpg,healthy,True,4000,2672,1.4970059880239521,681.1455078125
05349_healthy.jpg,healthy,True,4000,2672,1.4970059880239521,695.1181640625
05350_healthy.jpg,healthy,True,4000,2672,1.4970059880239521,965.7822265625
05351_healthy.jpg,healthy,True,4000,2672,1.4970059880239521,851.8408203125
05352_healthy.jpg,healthy,True,4000,2672,1.4970059880239521,882.7587890625
05353_healthy.jpg,healthy,True,4000,2672,1.4970059880239521,612.64453125
05354_healthy.jpg,healthy,True,4000,3000,1.3333333333333333,964.990234375
05355_healthy.jpg,healthy,True,4000,2672,1.4970059880239521,866.5869140625
05356_healthy.jpg,healthy,True,4000,3000,1.3333333333333333,1112.244140625
05357_healthy.jpg,healthy,True,4000,2672,1.4970059880239521,938.2412109375
05358_healthy.jpg,healthy,True,4000,2672,1.4970059880239521,817.771484375
05359_healthy.jpg,healthy,True,4000,2672,1.4970059880239521,756.408203125
05360_healthy.jpg,healthy,True,4000,2672,1.4970059880239521,743.48046875
05361_healthy.jpg,healthy,True,4000,2672,1.4970059880239521,783.306640625
05362_healthy.jpg,healthy,True,4000,2672,1.4970059880239521,762.4453125
05363_healthy.jpg,healthy,True,4000,3000,1.3333333333333333,1146.55078125
05364_healthy.jpg,healthy,True,4000,2672,1.4970059880239521,1001.6611328125
05365_healthy.jpg,healthy,True,4000,2672,1.4970059880239521,784.0751953125
05366_healthy.jpg,healthy,True,4000,2672,1.4970059880239521,913.0419921875
05367_healthy.jpg,healthy,True,4000,2672,1.4970059880239521,741.2578125
05368_healthy.jpg,healthy,True,4000,2672,1.4970059880239521,934.23828125
05369_healthy.jpg,healthy,True,4000,2672,1.4970059880239521,700.7451171875
05370_healthy.jpg,healthy,True,4000,3000,1.3333333333333333,1053.0126953125
05371_healthy.jpg,healthy,True,4000,2672,1.4970059880239521,734.9619140625
05372_healthy.jpg,healthy,True,4000,2672,1.4970059880239521,1019.1279296875
05373_healthy.jpg,healthy,True,4000,2672,1.4970059880239521,714.3056640625
05374_healthy.jpg,healthy,True,4000,2672,1.4970059880239521,784.3837890625
05375_healthy.jpg,healthy,True,4000,2672,1.4970059880239521,773.8974609375
05376_healthy.jpg,healthy,True,4000,2672,1.4970059880239521,986.1962890625
05377_healthy.jpg,healthy,True,4000,2672,1.4970059880239521,578.8330078125
05378_healthy.jpg,healthy,True,4000,2672,1.4970059880239521,807.134765625
05379_healthy.jpg,healthy,True,4000,2672,1.4970059880239521,978.314453125
05380_healthy.jpg,healthy,True,4000,3000,1.3333333333333333,862.1552734375
05381_healthy.jpg,healthy,True,4000,2672,1.4970059880239521,1063.9248046875
05382_healthy.jpg,healthy,True,4000,2672,1.4970059880239521,1024.064453125
05383_healthy.jpg,healthy,True,4000,2672,1.4970059880239521,1058.9208984375
05384_healthy.jpg,healthy,True,4000,2672,1.4970059880239521,1002.4833984375
05385_healthy.jpg,healthy,True,4000,3000,1.3333333333333333,1003.279296875
05386_healthy.jpg,healthy,True,4000,2672,1.4970059880239521,977.4453125
05387_healthy.jpg,healthy,True,4000,2672,1.4970059880239521,783.65234375
05388_healthy.jpg,healthy,True,4000,2672,1.4970059880239521,885.8505859375
05389_healthy.jpg,healthy,True,4000,2672,1.4970059880239521,696.873046875
05390_healthy.jpg,healthy,True,4000,2672,1.4970059880239521,806.689453125
05391_healthy.jpg,healthy,True,4000,2672,1.4970059880239521,943.8623046875
05392_healthy.jpg,healthy,True,4000,2672,1.4970059880239521,972.1357421875
05393_healthy.jpg,healthy,True,4000,2672,1.4970059880239521,692.357421875
05394_healthy.jpg,healthy,True,4000,2672,1.4970059880239521,785.1611328125
05395_healthy.jpg,healthy,True,4000,2672,1.4970059880239521,949.4765625
05396_healthy.jpg,healthy,True,4000,2672,1.4970059880239521,702.30859375
05397_healthy.jpg,healthy,True,4000,3000,1.3333333333333333,1200.5458984375
05398_healthy.jpg,healthy,True,4000,2672,1.4970059880239521,627.49609375
05399_healthy.jpg,healthy,True,4000,2672,1.4970059880239521,940.875
05400_healthy.jpg,healthy,True,4000,2672,1.4970059880239521,691.1064453125
05401_healthy.jpg,healthy,True,4000,2672,1.4970059880239521,735.689453125
05402_healthy.jpg,healthy,True,4000,2672,1.4970059880239521,889.5849609375
05403_healthy.jpg,healthy,True,4000,2672,1.4970059880239521,896.48828125
05404_healthy.jpg,healthy,True,4000,2672,1.4970059880239521,863.0068359375
05405_healthy.jpg,healthy,True,4000,2672,1.4970059880239521,972.6162109375
05406_healthy.jpg,healthy,True,4000,2672,1.4970059880239521,733.833984375
05407_healthy.jpg,healthy,True,4000,2672,1.4970059880239521,900.7021484375
05408_healthy.jpg,healthy,True,4000,2672,1.4970059880239521,1011.63671875
05409_healthy.jpg,healthy,True,4000,2672,1.4970059880239521,873.6025390625
05410_healthy.jpg,healthy,True,4000,2672,1.4970059880239521,845.142578125
05411_healthy.jpg,healthy,True,4000,2672,1.4970059880239521,856.9375
05412_healthy.jpg,healthy,True,4000,2672,1.4970059880239521,1007.71875
05413_healthy.jpg,healthy,True,4000,2672,1.4970059880239521,869.6845703125
05414_healthy.jpg,healthy,True,4000,2672,1.4970059880239521,940.85546875
05415_healthy.jpg,healthy,True,4000,2672,1.4970059880239521,824.689453125
05416_healthy.jpg,healthy,True,4000,2672,1.4970059880239521,887.0029296875
05417_healthy.jpg,healthy,True,4000,2672,1.4970059880239521,887.3505859375
05418_healthy.jpg,healthy,True,4000,2672,1.4970059880239521,742.728515625
05419_healthy.jpg,healthy,True,4000,2672,1.4970059880239521,582.740234375
05420_healthy.jpg,healthy,True,4000,2672,1.4970059880239521,907.0400390625
05421_healthy.jpg,healthy,True,4000,2672,1.4970059880239521,917.3671875
05422_healthy.jpg,healthy,True,4000,2672,1.4970059880239521,916.177734375
05423_healthy.jpg,healthy,True,4000,2672,1.4970059880239521,987.44921875
05424_healthy.jpg,healthy,True,4000,3000,1.3333333333333333,1178.1904296875
05425_healthy.jpg,healthy,True,4000,2672,1.4970059880239521,687.4541015625
05426_healthy.jpg,healthy,True,4000,2672,1.4970059880239521,746.1435546875
05427_healthy.jpg,healthy,True,4000,3000,1.3333333333333333,984.3681640625
05428_healthy.jpg,healthy,True,4000,2672,1.4970059880239521,677.5361328125
05429_healthy.jpg,healthy,True,4000,2672,1.4970059880239521,736.7197265625
05430_healthy.jpg,healthy,True,4000,2672,1.4970059880239521,810.091796875
05431_healthy.jpg,healthy,True,4000,2672,1.4970059880239521,488.3427734375
05432_healthy.jpg,healthy,True,4000,2672,1.4970059880239521,962.16015625
05433_healthy.jpg,healthy,True,4000,2672,1.4970059880239521,752.201171875
05434_healthy.jpg,healthy,True,4000,2672,1.4970059880239521,868.9521484375
05435_healthy.jpg,healthy,True,4000,2672,1.4970059880239521,832.5224609375
05436_healthy.jpg,healthy,True,4000,2672,1.4970059880239521,768.8798828125
05437_healthy.jpg,healthy,True,4000,2672,1.4970059880239521,989.505859375
05438_healthy.jpg,healthy,True,4000,2672,1.4970059880239521,773.052734375
05439_healthy.jpg,healthy,True,4000,2672,1.4970059880239521,868.4306640625
05440_healthy.jpg,healthy,True,4000,2672,1.4970059880239521,711.083984375
05441_healthy.jpg,healthy,True,4000,2672,1.4970059880239521,501.517578125
05442_healthy.jpg,healthy,True,4000,2672,1.4970059880239521,761.3681640625
05443_healthy.jpg,healthy,True,4000,2672,1.4970059880239521,920.8271484375
05444_healthy.jpg,healthy,True,4000,2672,1.4970059880239521,792.09375
05445_healthy.jpg,healthy,True,4000,2672,1.4970059880239521,955.7021484375
05446_healthy.jpg,healthy,True,4000,2672,1.4970059880239521,993.7099609375
05447_healthy.jpg,healthy,True,4000,2672,1.4970059880239521,755.7138671875
05448_healthy.jpg,healthy,True,4000,2672,1.4970059880239521,1032.486328125
05449_healthy.jpg,healthy,True,4000,2672,1.4970059880239521,758.3525390625
05450_healthy.jpg,healthy,True,4000,2672,1.4970059880239521,725.8642578125
05451_healthy.jpg,healthy,True,4000,2672,1.4970059880239521,977.7685546875
05452_healthy.jpg,healthy,True,4000,2672,1.4970059880239521,778.908203125
05453_healthy.jpg,healthy,True,4000,2672,1.4970059880239521,906.75390625
05454_healthy.jpg,healthy,True,4000,2672,1.4970059880239521,886.361328125
05455_healthy.jpg,healthy,True,4000,2672,1.4970059880239521,862.3701171875
05456_healthy.jpg,healthy,True,4000,2672,1.4970059880239521,725.2265625
05457_healthy.jpg,healthy,True,4000,2672,1.4970059880239521,936.783203125
05458_healthy.jpg,healthy,True,4000,2672,1.4970059880239521,827.5986328125
05459_healthy.jpg,healthy,True,4000,2672,1.4970059880239521,947.6982421875
05460_healthy.jpg,healthy,True,4000,2672,1.4970059880239521,1046.2890625
05461_healthy.jpg,healthy,True,4000,2672,1.4970059880239521,799.1513671875
05462_healthy.jpg,healthy,True,4000,2672,1.4970059880239521,925.7294921875
05463_healthy.jpg,healthy,True,4000,2672,1.4970059880239521,860.53125
05464_healthy.jpg,healthy,True,4000,2672,1.4970059880239521,640.6884765625
05465_healthy.jpg,healthy,True,4000,2672,1.4970059880239521,951.775390625
05466_healthy.jpg,healthy,True,4000,2672,1.4970059880239521,776.525390625
05467_healthy.jpg,healthy,True,4000,2672,1.4970059880239521,854.8525390625
05468_healthy.jpg,healthy,True,4000,2672,1.4970059880239521,1009.896484375
05469_healthy.jpg,healthy,True,4000,3000,1.3333333333333333,1044.19921875
05470_healthy.jpg,healthy,True,4000,2672,1.4970059880239521,705.2607421875
05471_healthy.jpg,healthy,True,4000,2672,1.4970059880239521,853.267578125
05472_healthy.jpg,healthy,True,4000,2672,1.4970059880239521,777.765625
05473_healthy.jpg,healthy,True,4000,2672,1.4970059880239521,1018.3671875
05474_healthy.jpg,healthy,True,4000,2672,1.4970059880239521,1014.908203125
05475_healthy.jpg,healthy,True,4000,2672,1.4970059880239521,1002.6484375
05476_healthy.jpg,healthy,True,4000,3000,1.3333333333333333,988.109375
05477_healthy.jpg,healthy,True,4000,2672,1.4970059880239521,1067.6923828125
05478_healthy.jpg,healthy,True,4000,2672,1.4970059880239521,688.8427734375
05479_healthy.jpg,healthy,True,4000,2672,1.4970059880239521,651.6552734375
05480_healthy.jpg,healthy,True,4000,2672,1.4970059880239521,761.4951171875
05481_healthy.jpg,healthy,True,4000,2672,1.4970059880239521,785.166015625
05482_healthy.jpg,healthy,True,4000,2672,1.4970059880239521,705.5234375
05483_healthy.jpg,healthy,True,4000,2672,1.4970059880239521,1029.1357421875
05484_healthy.jpg,healthy,True,4000,2672,1.4970059880239521,768.0986328125
05485_healthy.jpg,healthy,True,4000,2672,1.4970059880239521,890.4375
05486_healthy.jpg,healthy,True,4000,2672,1.4970059880239521,1020.65234375
05487_healthy.jpg,healthy,True,4000,2672,1.4970059880239521,709.4716796875
05488_healthy.jpg,healthy,True,4000,2672,1.4970059880239521,633.7197265625
05489_healthy.jpg,healthy,True,4000,2672,1.4970059880239521,635.337890625
05490_healthy.jpg,healthy,True,4000,2672,1.4970059880239521,1010.6796875
05491_healthy.jpg,healthy,True,4000,2672,1.4970059880239521,1120.1640625
05492_healthy.jpg,healthy,True,4000,2672,1.4970059880239521,932.15625
05493_healthy.jpg,healthy,True,4000,2672,1.4970059880239521,704.5302734375
05494_healthy.jpg,healthy,True,4000,2672,1.4970059880239521,942.2900390625
05495_healthy.jpg,healthy,True,4000,2672,1.4970059880239521,1036.56640625
05496_healthy.jpg,healthy,True,4000,2672,1.4970059880239521,892.96875
05497_healthy.jpg,healthy,True,4000,2672,1.4970059880239521,869.7158203125
05498_healthy.jpg,healthy,True,4000,2672,1.4970059880239521,782.326171875
05499_healthy.jpg,healthy,True,4000,3000,1.3333333333333333,1100.5654296875
05500_healthy.jpg,healthy,True,4000,2672,1.4970059880239521,697.052734375
05501_healthy.jpg,healthy,True,4000,2672,1.4970059880239521,743.9931640625
05502_healthy.jpg,healthy,True,4000,2672,1.4970059880239521,918.5859375
05503_healthy.jpg,healthy,True,4000,2672,1.4970059880239521,834.0546875
05504_healthy.jpg,healthy,True,4000,2672,1.4970059880239521,879.162109375
05505_healthy.jpg,healthy,True,4000,2672,1.4970059880239521,986.0966796875
05506_healthy.jpg,healthy,True,4000,3000,1.3333333333333333,1014.0634765625
05507_healthy.jpg,healthy,True,4000,2672,1.4970059880239521,1012.4873046875
05508_healthy.jpg,healthy,True,4000,2672,1.4970059880239521,913.265625
05509_healthy.jpg,healthy,True,4000,2672,1.4970059880239521,711.287109375
05510_healthy.jpg,healthy,True,4000,2672,1.4970059880239521,790.7080078125
05511_healthy.jpg,healthy,True,4000,2672,1.4970059880239521,751.724609375
05512_healthy.jpg,healthy,True,4000,2672,1.4970059880239521,914.0341796875
05513_healthy.jpg,healthy,True,4000,2672,1.4970059880239521,740.728515625
05514_healthy.jpg,healthy,True,4000,2672,1.4970059880239521,1181.15625
05515_healthy.jpg,healthy,True,4000,2672,1.4970059880239521,814.3193359375
05516_healthy.jpg,healthy,True,4000,2672,1.4970059880239521,750.798828125
05517_healthy.jpg,healthy,True,4000,3000,1.3333333333333333,1206.2705078125
05518_healthy.jpg,healthy,True,4000,3000,1.3333333333333333,872.228515625
05519_healthy.jpg,healthy,True,4000,2672,1.4970059880239521,803.6728515625
05520_healthy.jpg,healthy,True,4000,2672,1.4970059880239521,708.8681640625
05521_healthy.jpg,healthy,True,4000,2672,1.4970059880239521,1001.3759765625
05522_healthy.jpg,healthy,True,4000,3000,1.3333333333333333,816.783203125
05523_healthy.jpg,healthy,True,4000,2672,1.4970059880239521,565.4384765625
05524_healthy.jpg,healthy,True,4000,2672,1.4970059880239521,1061.41796875
05525_healthy.jpg,healthy,True,4000,2672,1.4970059880239521,1006.705078125
05526_healthy.jpg,healthy,True,4000,2672,1.4970059880239521,907.4775390625
05527_healthy.jpg,healthy,True,4000,2672,1.4970059880239521,941.4970703125
05528_healthy.jpg,healthy,True,4000,2672,1.4970059880239521,870.3330078125
05529_healthy.jpg,healthy,True,4000,2672,1.4970059880239521,1111.740234375
05530_healthy.jpg,healthy,True,4000,3000,1.3333333333333333,1091.5888671875
05531_healthy.jpg,healthy,True,4000,2672,1.4970059880239521,1158.66015625
05532_healthy.jpg,healthy,True,4000,2672,1.4970059880239521,839.7568359375
05533_healthy.jpg,healthy,True,4000,2672,1.4970059880239521,922.1640625
05534_healthy.jpg,healthy,True,4000,2672,1.4970059880239521,719.466796875
05535_healthy.jpg,healthy,True,4000,2672,1.4970059880239521,1049.9384765625
05536_healthy.jpg,healthy,True,4000,2672,1.4970059880239521,742.0185546875
05537_healthy.jpg,healthy,True,4000,2672,1.4970059880239521,678.8955078125
05538_healthy.jpg,healthy,True,4000,2672,1.4970059880239521,848.1103515625
05539_healthy.jpg,healthy,True,4000,2672,1.4970059880239521,932.451171875
05540_healthy.jpg,healthy,True,4000,2672,1.4970059880239521,880.888671875
05541_healthy.jpg,healthy,True,4000,2672,1.4970059880239521,1065.091796875
05542_healthy.jpg,healthy,True,4000,2672,1.4970059880239521,917.1572265625
05543_healthy.jpg,healthy,True,4000,2672,1.4970059880239521,1049.9677734375
05544_healthy.jpg,healthy,True,4000,2672,1.4970059880239521,1036.349609375
05545_healthy.jpg,healthy,True,4000,2672,1.4970059880239521,935.7802734375
05546_healthy.jpg,healthy,True,4000,2672,1.4970059880239521,936.685546875
05547_healthy.jpg,healthy,True,4000,2672,1.4970059880239521,878.275390625
05548_healthy.jpg,healthy,True,4000,2672,1.4970059880239521,883.509765625
05549_healthy.jpg,healthy,True,4000,3000,1.3333333333333333,1135.421875
05550_healthy.jpg,healthy,True,4000,2672,1.4970059880239521,531.970703125
05551_healthy.jpg,healthy,True,4000,2672,1.4970059880239521,819.9482421875
05552_healthy.jpg,healthy,True,4000,2672,1.4970059880239521,1048.1298828125
05553_healthy.jpg,healthy,True,4000,2672,1.4970059880239521,765.4013671875
05554_healthy.jpg,healthy,True,4000,2672,1.4970059880239521,779.4775390625
05555_healthy.jpg,healthy,True,4000,3000,1.3333333333333333,974.9609375
05556_healthy.jpg,healthy,True,4000,2672,1.4970059880239521,824.6005859375
05557_healthy.jpg,healthy,True,4000,2672,1.4970059880239521,855.7451171875
05558_healthy.jpg,healthy,True,4000,2672,1.4970059880239521,674.8056640625
05559_healthy.jpg,healthy,True,4000,2672,1.4970059880239521,685.2568359375
05560_healthy.jpg,healthy,True,4000,2672,1.4970059880239521,710.80078125
05561_healthy.jpg,healthy,True,4000,2672,1.4970059880239521,829.2451171875
05562_healthy.jpg,healthy,True,4000,2672,1.4970059880239521,992.568359375
05563_healthy.jpg,healthy,True,4000,2672,1.4970059880239521,592.1142578125
05564_healthy.jpg,healthy,True,4000,2672,1.4970059880239521,778.2744140625
05565_healthy.jpg,healthy,True,4000,2672,1.4970059880239521,1126.1484375
05566_healthy.jpg,healthy,True,4000,2672,1.4970059880239521,688.8447265625
05567_healthy.jpg,healthy,True,4000,2672,1.4970059880239521,550.24609375
05568_healthy.jpg,healthy,True,4000,2672,1.4970059880239521,705.650390625
05569_healthy.jpg,healthy,True,4000,2672,1.4970059880239521,862.93359375
05570_healthy.jpg,healthy,True,4000,2672,1.4970059880239521,699.5439453125
05571_healthy.jpg,healthy,True,4000,2672,1.4970059880239521,988.8193359375
05572_healthy.jpg,healthy,True,4000,2672,1.4970059880239521,670.60546875
05573_healthy.jpg,healthy,True,4000,2672,1.4970059880239521,752.1064453125
05574_healthy.jpg,healthy,True,4000,2672,1.4970059880239521,973.158203125
05575_healthy.jpg,healthy,True,4000,2672,1.4970059880239521,967.59375
05576_healthy.jpg,healthy,True,4000,2672,1.4970059880239521,1005.0458984375
05577_healthy.jpg,healthy,True,4000,2672,1.4970059880239521,820.9375
05578_healthy.jpg,healthy,True,4000,2672,1.4970059880239521,960.80859375
05579_healthy.jpg,healthy,True,4000,2672,1.4970059880239521,833.00390625
05580_healthy.jpg,healthy,True,4000,2672,1.4970059880239521,606.7685546875
05581_healthy.jpg,healthy,True,4000,2672,1.4970059880239521,774.705078125
05582_healthy.jpg,healthy,True,4000,2672,1.4970059880239521,837.109375
05583_healthy.jpg,healthy,True,4000,2672,1.4970059880239521,710.154296875
05584_healthy.jpg,healthy,True,4000,2672,1.4970059880239521,1025.1962890625
05585_healthy.jpg,healthy,True,4000,2672,1.4970059880239521,810.134765625
05586_healthy.jpg,healthy,True,4000,2672,1.4970059880239521,740.638671875
05587_healthy.jpg,healthy,True,4000,2672,1.4970059880239521,681.1796875
05588_healthy.jpg,healthy,True,4000,2672,1.4970059880239521,1043.408203125
05589_healthy.jpg,healthy,True,4000,2672,1.4970059880239521,764.8505859375
05590_healthy.jpg,healthy,True,4000,2672,1.4970059880239521,1037.544921875
05591_healthy.jpg,healthy,True,4000,2672,1.4970059880239521,921.3857421875
05592_healthy.jpg,healthy,True,4000,2672,1.4970059880239521,1122.8466796875
05593_healthy.jpg,healthy,True,4000,2672,1.4970059880239521,677.1875
05594_healthy.jpg,healthy,True,4000,2672,1.4970059880239521,988.744140625
05595_healthy.jpg,healthy,True,4000,2672,1.4970059880239521,1107.6591796875
05596_healthy.jpg,healthy,True,4000,2672,1.4970059880239521,735.525390625
05597_healthy.jpg,healthy,True,4000,2672,1.4970059880239521,782.3681640625
05598_healthy.jpg,healthy,True,4000,2672,1.4970059880239521,842.517578125
05599_healthy.jpg,healthy,True,4000,2672,1.4970059880239521,821.0693359375
05600_healthy.jpg,healthy,True,4000,2672,1.4970059880239521,936.724609375
05601_healthy.jpg,healthy,True,4000,2672,1.4970059880239521,942.9931640625
05602_healthy.jpg,healthy,True,4000,2672,1.4970059880239521,891.095703125
05603_healthy.jpg,healthy,True,4000,2672,1.4970059880239521,759.732421875
05604_healthy.jpg,healthy,True,4000,2672,1.4970059880239521,760.0244140625
05605_healthy.jpg,healthy,True,4000,2672,1.4970059880239521,624.1025390625
05606_healthy.jpg,healthy,True,4000,2672,1.4970059880239521,969.3623046875
05607_healthy.jpg,healthy,True,4000,2672,1.4970059880239521,663.0517578125
05608_healthy.jpg,healthy,True,4000,3000,1.3333333333333333,988.201171875
05609_healthy.jpg,healthy,True,4000,2672,1.4970059880239521,1021.6533203125
05610_healthy.jpg,healthy,True,4000,2672,1.4970059880239521,908.021484375
05611_healthy.jpg,healthy,True,4000,2672,1.4970059880239521,980.037109375
05612_healthy.jpg,healthy,True,4000,2672,1.4970059880239521,878.486328125
05613_healthy.jpg,healthy,True,4000,2672,1.4970059880239521,926.8408203125
05614_healthy.jpg,healthy,True,4000,2672,1.4970059880239521,947.1708984375
05615_healthy.jpg,healthy,True,4000,2672,1.4970059880239521,681.373046875
05616_healthy.jpg,healthy,True,4000,2672,1.4970059880239521,1015.0576171875
05617_healthy.jpg,healthy,True,4000,2672,1.4970059880239521,718.5126953125
05618_healthy.jpg,healthy,True,4000,2672,1.4970059880239521,668.3857421875
05619_healthy.jpg,healthy,True,4000,2672,1.4970059880239521,1217.5419921875
05620_healthy.jpg,healthy,True,4000,2672,1.4970059880239521,792.0146484375
05621_healthy.jpg,healthy,True,4000,2672,1.4970059880239521,1038.87890625
05622_healthy.jpg,healthy,True,4000,2672,1.4970059880239521,901.95703125
05623_healthy.jpg,healthy,True,4000,2672,1.4970059880239521,956.1005859375
05624_healthy.jpg,healthy,True,4000,2672,1.4970059880239521,806.708984375
05625_healthy.jpg,healthy,True,4000,2672,1.4970059880239521,898.6455078125
05626_healthy.jpg,healthy,True,4000,2672,1.4970059880239521,807.078125
05627_healthy.jpg,healthy,True,4000,2672,1.4970059880239521,810.8037109375
05628_healthy.jpg,healthy,True,4000,2672,1.4970059880239521,902.21875
05629_healthy.jpg,healthy,True,4000,2672,1.4970059880239521,757.5419921875
05630_healthy.jpg,healthy,True,4000,2672,1.4970059880239521,1027.177734375
05631_healthy.jpg,healthy,True,4000,2672,1.4970059880239521,885.2109375
05632_healthy.jpg,healthy,True,4000,2672,1.4970059880239521,786.2685546875
05633_healthy.jpg,healthy,True,4000,2672,1.4970059880239521,817.01953125
05634_healthy.jpg,healthy,True,4000,2672,1.4970059880239521,1050.4365234375
05635_healthy.jpg,healthy,True,4000,2672,1.4970059880239521,1050.8017578125
05636_healthy.jpg,healthy,True,4000,2672,1.4970059880239521,810.166015625
05637_healthy.jpg,healthy,True,4000,2672,1.4970059880239521,779.822265625
05638_healthy.jpg,healthy,True,4000,2672,1.4970059880239521,810.759765625
05639_healthy.jpg,healthy,True,4000,2672,1.4970059880239521,946.9189453125
05640_healthy.jpg,healthy,True,4000,2672,1.4970059880239521,989.7294921875
05641_healthy.jpg,healthy,True,4000,2672,1.4970059880239521,679.91015625
05642_healthy.jpg,healthy,True,4000,2672,1.4970059880239521,948.5390625
05643_healthy.jpg,healthy,True,4000,2672,1.4970059880239521,829.18359375
05644_healthy.jpg,healthy,True,4000,2672,1.4970059880239521,1086.1982421875
05645_healthy.jpg,healthy,True,4000,2672,1.4970059880239521,850.0537109375
05646_healthy.jpg,healthy,True,4000,2672,1.4970059880239521,719.4599609375
05647_healthy.jpg,healthy,True,4000,2672,1.4970059880239521,775.4033203125
05648_healthy.jpg,healthy,True,4000,2672,1.4970059880239521,915.6005859375
05649_healthy.jpg,healthy,True,4000,2672,1.4970059880239521,769.509765625
05650_healthy.jpg,healthy,True,4000,2672,1.4970059880239521,671.0849609375
05651_healthy.jpg,healthy,True,4000,2672,1.4970059880239521,1089.5263671875
05652_healthy.jpg,healthy,True,4000,2672,1.4970059880239521,660.6923828125
05653_healthy.jpg,healthy,True,4000,2672,1.4970059880239521,857.048828125
05654_healthy.jpg,healthy,True,4000,2672,1.4970059880239521,948.6103515625
05655_healthy.jpg,healthy,True,4000,2672,1.4970059880239521,1107.86328125
05656_healthy.jpg,healthy,True,4000,3000,1.3333333333333333,835.994140625
05657_healthy.jpg,healthy,True,4000,2672,1.4970059880239521,822.1416015625
05658_healthy.jpg,healthy,True,4000,2672,1.4970059880239521,547.0712890625
05659_healthy.jpg,healthy,True,4000,2672,1.4970059880239521,999.7978515625
05660_healthy.jpg,healthy,True,4000,2672,1.4970059880239521,785.5947265625
05661_healthy.jpg,healthy,True,4000,2672,1.4970059880239521,1037.8896484375
05662_healthy.jpg,healthy,True,4000,2672,1.4970059880239521,738.44921875
05663_healthy.jpg,healthy,True,4000,2672,1.4970059880239521,908.2578125
05664_healthy.jpg,healthy,True,4000,2672,1.4970059880239521,809.20703125
05665_healthy.jpg,healthy,True,4000,2672,1.4970059880239521,904.4638671875
05666_healthy.jpg,healthy,True,4000,2672,1.4970059880239521,870.912109375
05667_healthy.jpg,healthy,True,4000,2672,1.4970059880239521,756.947265625
05668_healthy.jpg,healthy,True,4000,2672,1.4970059880239521,1155.2587890625
05669_healthy.jpg,healthy,True,4000,2672,1.4970059880239521,732.0654296875
05670_healthy.jpg,healthy,True,4000,2672,1.4970059880239521,897.9404296875
05671_healthy.jpg,healthy,True,4000,2672,1.4970059880239521,735.216796875
05672_healthy.jpg,healthy,True,4000,2672,1.4970059880239521,955.1484375
05673_healthy.jpg,healthy,True,4000,2672,1.4970059880239521,718.0107421875
05674_healthy.jpg,healthy,True,4000,2672,1.4970059880239521,886.025390625
05675_healthy.jpg,healthy,True,4000,2672,1.4970059880239521,810.36328125
05676_healthy.jpg,healthy,True,4000,2672,1.4970059880239521,771.5771484375
05677_healthy.jpg,healthy,True,4000,2672,1.4970059880239521,674.294921875
05678_healthy.jpg,healthy,True,4000,2672,1.4970059880239521,799.5166015625
05679_healthy.jpg,healthy,True,4000,2672,1.4970059880239521,828.2939453125
05680_healthy.jpg,healthy,True,4000,2672,1.4970059880239521,865.767578125
05681_healthy.jpg,healthy,True,4000,2672,1.4970059880239521,949.99609375
05682_healthy.jpg,healthy,True,4000,2672,1.4970059880239521,1211.5029296875
05683_healthy.jpg,healthy,True,4000,2672,1.4970059880239521,898.5107421875
05684_healthy.jpg,healthy,True,4000,2672,1.4970059880239521,914.6484375
05685_healthy.jpg,healthy,True,4000,2672,1.4970059880239521,1027.13671875
05686_healthy.jpg,healthy,True,4000,2672,1.4970059880239521,944.375
05687_healthy.jpg,healthy,True,4000,2672,1.4970059880239521,776.7919921875
05688_healthy.jpg,healthy,True,4000,2672,1.4970059880239521,681.7783203125
05689_healthy.jpg,healthy,True,4000,2672,1.4970059880239521,880.912109375
05690_healthy.jpg,healthy,True,4000,2672,1.4970059880239521,629.419921875
05691_healthy.jpg,healthy,True,4000,2672,1.4970059880239521,914.263671875
05692_healthy.jpg,healthy,True,4000,2672,1.4970059880239521,829.791015625
05693_healthy.jpg,healthy,True,4000,2672,1.4970059880239521,956.671875
05694_healthy.jpg,healthy,True,4000,2672,1.4970059880239521,901.576171875
05695_healthy.jpg,healthy,True,4000,2672,1.4970059880239521,772.392578125
05696_healthy.jpg,healthy,True,4000,2672,1.4970059880239521,1055.1337890625
05697_healthy.jpg,healthy,True,4000,2672,1.4970059880239521,932.681640625
05698_healthy.jpg,healthy,True,4000,2672,1.4970059880239521,747.708984375
05699_healthy.jpg,healthy,True,4000,2672,1.4970059880239521,544.314453125
05700_healthy.jpg,healthy,True,4000,2672,1.4970059880239521,965.115234375
05701_healthy.jpg,healthy,True,4000,2672,1.4970059880239521,909.5791015625
05702_healthy.jpg,healthy,True,4000,3000,1.3333333333333333,1002.7900390625
05703_healthy.jpg,healthy,True,4000,2672,1.4970059880239521,768.7314453125
05704_healthy.jpg,healthy,True,4000,2672,1.4970059880239521,568.521484375
05705_healthy.jpg,healthy,True,4000,2672,1.4970059880239521,842.8818359375
05706_healthy.jpg,healthy,True,4000,2672,1.4970059880239521,1066.20703125
05707_healthy.jpg,healthy,True,4000,2672,1.4970059880239521,743.541015625
05708_healthy.jpg,healthy,True,4000,2672,1.4970059880239521,932.43359375
05709_healthy.jpg,healthy,True,4000,2672,1.4970059880239521,1000.7001953125
05710_healthy.jpg,healthy,True,4000,2672,1.4970059880239521,907.0
05711_healthy.jpg,healthy,True,4000,2672,1.4970059880239521,876.283203125
05712_healthy.jpg,healthy,True,4000,2672,1.4970059880239521,793.162109375
05713_healthy.jpg,healthy,True,4000,2672,1.4970059880239521,796.52734375
05714_healthy.jpg,healthy,True,4000,2672,1.4970059880239521,914.5615234375
05715_healthy.jpg,healthy,True,4000,2672,1.4970059880239521,763.3759765625
05716_healthy.jpg,healthy,True,4000,2672,1.4970059880239521,1081.6103515625
05717_healthy.jpg,healthy,True,4000,2672,1.4970059880239521,858.6826171875
05718_healthy.jpg,healthy,True,4000,2672,1.4970059880239521,710.5166015625
05719_healthy.jpg,healthy,True,4000,2672,1.4970059880239521,983.7861328125
05720_healthy.jpg,healthy,True,4000,2672,1.4970059880239521,904.6689453125
05721_healthy.jpg,healthy,True,4000,2672,1.4970059880239521,730.9755859375
05722_healthy.jpg,healthy,True,4000,2672,1.4970059880239521,713.876953125
05723_healthy.jpg,healthy,True,4000,2672,1.4970059880239521,563.6875
05724_healthy.jpg,healthy,True,4000,3000,1.3333333333333333,922.419921875
05725_healthy.jpg,healthy,True,4000,2672,1.4970059880239521,955.9052734375
05726_healthy.jpg,healthy,True,4000,2672,1.4970059880239521,841.15234375
05727_healthy.jpg,healthy,True,4000,2672,1.4970059880239521,1101.9306640625
05728_healthy.jpg,healthy,True,4000,2672,1.4970059880239521,839.1728515625
05729_healthy.jpg,healthy,True,4000,2672,1.4970059880239521,868.771484375
05730_healthy.jpg,healthy,True,4000,2672,1.4970059880239521,680.3896484375
05731_healthy.jpg,healthy,True,4000,2672,1.4970059880239521,946.59765625
05732_healthy.jpg,healthy,True,4000,2672,1.4970059880239521,787.640625
05733_healthy.jpg,healthy,True,4000,2672,1.4970059880239521,577.9765625
05734_healthy.jpg,healthy,True,4000,2672,1.4970059880239521,960.3154296875
05735_healthy.jpg,healthy,True,4000,2672,1.4970059880239521,936.0048828125
05736_healthy.jpg,healthy,True,4000,2672,1.4970059880239521,840.4619140625
05737_healthy.jpg,healthy,True,4000,2672,1.4970059880239521,955.685546875
05738_healthy.jpg,healthy,True,4000,2672,1.4970059880239521,773.7724609375
05739_healthy.jpg,healthy,True,4000,2672,1.4970059880239521,752.794921875
05740_healthy.jpg,healthy,True,4000,2672,1.4970059880239521,866.71484375
05741_healthy.jpg,healthy,True,4000,2672,1.4970059880239521,742.7294921875
05742_healthy.jpg,healthy,True,4000,2672,1.4970059880239521,1101.0166015625
05743_healthy.jpg,healthy,True,4000,2672,1.4970059880239521,826.791015625
05744_healthy.jpg,healthy,True,4000,2672,1.4970059880239521,877.4970703125
05745_healthy.jpg,healthy,True,4000,2672,1.4970059880239521,616.7880859375
05746_healthy.jpg,healthy,True,4000,2672,1.4970059880239521,1058.3046875
05747_healthy.jpg,healthy,True,4000,2672,1.4970059880239521,1051.08203125
05748_healthy.jpg,healthy,True,4000,2672,1.4970059880239521,951.5595703125
05749_healthy.jpg,healthy,True,4000,2672,1.4970059880239521,955.20703125
05750_healthy.jpg,healthy,True,4000,2672,1.4970059880239521,792.0146484375
05751_healthy.jpg,healthy,True,4000,2672,1.4970059880239521,1004.267578125
05752_healthy.jpg,healthy,True,4000,2672,1.4970059880239521,724.9677734375
05753_healthy.jpg,healthy,True,4000,2672,1.4970059880239521,900.8017578125
05754_healthy.jpg,healthy,True,4000,2672,1.4970059880239521,859.4013671875
05755_healthy.jpg,healthy,True,4000,2672,1.4970059880239521,1034.7421875
05756_healthy.jpg,healthy,True,4000,2672,1.4970059880239521,727.5087890625
05757_healthy.jpg,healthy,True,4000,2672,1.4970059880239521,794.640625
05758_healthy.jpg,healthy,True,4000,2672,1.4970059880239521,1027.509765625
05759_healthy.jpg,healthy,True,4000,2672,1.4970059880239521,758.2392578125
05760_healthy.jpg,healthy,True,4000,2672,1.4970059880239521,935.728515625
05761_healthy.jpg,healthy,True,4000,2672,1.4970059880239521,855.9248046875
05762_healthy.jpg,healthy,True,4000,2672,1.4970059880239521,1121.6669921875
05763_healthy.jpg,healthy,True,4000,2672,1.4970059880239521,685.6171875
05764_healthy.jpg,healthy,True,4000,2672,1.4970059880239521,957.9638671875
05765_healthy.jpg,healthy,True,4000,2672,1.4970059880239521,959.46875
05766_healthy.jpg,healthy,True,4000,2672,1.4970059880239521,708.970703125
05767_healthy.jpg,healthy,True,4000,2672,1.4970059880239521,806.537109375
05768_healthy.jpg,healthy,True,4000,2672,1.4970059880239521,818.087890625
05769_healthy.jpg,healthy,True,4000,2672,1.4970059880239521,1069.962890625
05770_healthy.jpg,healthy,True,4000,2672,1.4970059880239521,1049.4970703125
05771_healthy.jpg,healthy,True,4000,2672,1.4970059880239521,996.833984375
05772_healthy.jpg,healthy,True,4000,2672,1.4970059880239521,775.2646484375
05773_healthy.jpg,healthy,True,4000,2672,1.4970059880239521,772.65625
05774_healthy.jpg,healthy,True,4000,2672,1.4970059880239521,819.029296875
05775_healthy.jpg,healthy,True,4000,2672,1.4970059880239521,741.84765625
05776_healthy.jpg,healthy,True,4000,2672,1.4970059880239521,953.96484375
05777_healthy.jpg,healthy,True,4000,2672,1.4970059880239521,966.32421875
05778_healthy.jpg,healthy,True,4000,2672,1.4970059880239521,700.568359375
05779_healthy.jpg,healthy,True,4000,3000,1.3333333333333333,930.3974609375
05780_healthy.jpg,healthy,True,4000,2672,1.4970059880239521,598.0478515625
05781_healthy.jpg,healthy,True,4000,2672,1.4970059880239521,633.484375
05782_healthy.jpg,healthy,True,4000,2672,1.4970059880239521,948.677734375
05783_healthy.jpg,healthy,True,4000,3000,1.3333333333333333,774.3994140625
05784_healthy.jpg,healthy,True,4000,2672,1.4970059880239521,1055.83984375
05785_healthy.jpg,healthy,True,4000,2672,1.4970059880239521,865.4580078125
05786_healthy.jpg,healthy,True,4000,2672,1.4970059880239521,1105.5810546875
05787_healthy.jpg,healthy,True,4000,2672,1.4970059880239521,1081.2802734375
05788_healthy.jpg,healthy,True,4000,2672,1.4970059880239521,941.7109375
05789_healthy.jpg,healthy,True,4000,2672,1.4970059880239521,616.7998046875
05790_healthy.jpg,healthy,True,4000,2672,1.4970059880239521,991.865234375
05791_healthy.jpg,healthy,True,4000,2672,1.4970059880239521,726.1005859375
05792_healthy.jpg,healthy,True,4000,2672,1.4970059880239521,1011.6484375
05793_healthy.jpg,healthy,True,4000,2672,1.4970059880239521,772.0986328125
05794_healthy.jpg,healthy,True,4000,2672,1.4970059880239521,646.025390625
05795_healthy.jpg,healthy,True,4000,2672,1.4970059880239521,893.3603515625
05796_healthy.jpg,healthy,True,4000,2672,1.4970059880239521,973.4921875
05797_healthy.jpg,healthy,True,4000,2672,1.4970059880239521,782.693359375
05798_healthy.jpg,healthy,True,4000,2672,1.4970059880239521,1021.361328125
05799_healthy.jpg,healthy,True,4000,2672,1.4970059880239521,992.599609375
05800_healthy.jpg,healthy,True,4000,2672,1.4970059880239521,955.6259765625
05801_healthy.jpg,healthy,True,4000,2672,1.4970059880239521,947.9130859375
05802_healthy.jpg,healthy,True,4000,2672,1.4970059880239521,789.841796875
05803_healthy.jpg,healthy,True,4000,2672,1.4970059880239521,603.6015625
05804_healthy.jpg,healthy,True,4000,2672,1.4970059880239521,808.2705078125
05805_healthy.jpg,healthy,True,4000,2672,1.4970059880239521,719.806640625
05806_healthy.jpg,healthy,True,4000,2672,1.4970059880239521,755.8916015625
05807_healthy.jpg,healthy,True,4000,2672,1.4970059880239521,883.7041015625
05808_healthy.jpg,healthy,True,4000,2672,1.4970059880239521,803.9052734375
05809_healthy.jpg,healthy,True,4000,2672,1.4970059880239521,724.994140625
05810_healthy.jpg,healthy,True,4000,2672,1.4970059880239521,963.283203125
05811_healthy.jpg,healthy,True,4000,2672,1.4970059880239521,863.4892578125
05812_healthy.jpg,healthy,True,4000,2672,1.4970059880239521,746.451171875
05813_healthy.jpg,healthy,True,4000,2672,1.4970059880239521,828.8857421875
05814_healthy.jpg,healthy,True,4000,3000,1.3333333333333333,1083.6025390625
05815_healthy.jpg,healthy,True,4000,2672,1.4970059880239521,745.982421875
05816_healthy.jpg,healthy,True,4000,2672,1.4970059880239521,976.212890625
05817_healthy.jpg,healthy,True,4000,2672,1.4970059880239521,853.3486328125
05818_healthy.jpg,healthy,True,4000,2672,1.4970059880239521,959.6796875
05819_healthy.jpg,healthy,True,4000,2672,1.4970059880239521,921.576171875
05820_healthy.jpg,healthy,True,4000,2672,1.4970059880239521,1056.490234375
05821_healthy.jpg,healthy,True,4000,2672,1.4970059880239521,594.271484375
05822_healthy.jpg,healthy,True,4000,3000,1.3333333333333333,923.2060546875
05823_healthy.jpg,healthy,True,4000,2672,1.4970059880239521,940.8486328125
05824_healthy.jpg,healthy,True,4000,2672,1.4970059880239521,791.8193359375
05825_healthy.jpg,healthy,True,4000,2672,1.4970059880239521,750.01953125
05826_healthy.jpg,healthy,True,4000,2672,1.4970059880239521,772.3583984375
05827_healthy.jpg,healthy,True,4000,2672,1.4970059880239521,1009.7724609375
05828_healthy.jpg,healthy,True,4000,2672,1.4970059880239521,739.40625
05829_healthy.jpg,healthy,True,4000,2672,1.4970059880239521,691.2314453125
05830_healthy.jpg,healthy,True,4000,2672,1.4970059880239521,822.4208984375
05831_healthy.jpg,healthy,True,4000,2672,1.4970059880239521,1113.7607421875
05832_healthy.jpg,healthy,True,4000,2672,1.4970059880239521,711.587890625
05833_healthy.jpg,healthy,True,4000,3000,1.3333333333333333,1110.845703125
05834_healthy.jpg,healthy,True,4000,2672,1.4970059880239521,747.0400390625
05835_healthy.jpg,healthy,True,4000,2672,1.4970059880239521,938.7568359375
05836_healthy.jpg,healthy,True,4000,2672,1.4970059880239521,738.86328125
05837_healthy.jpg,healthy,True,4000,2672,1.4970059880239521,989.337890625
05838_healthy.jpg,healthy,True,4000,2672,1.4970059880239521,974.5400390625
05839_healthy.jpg,healthy,True,4000,2672,1.4970059880239521,709.4189453125
05840_healthy.jpg,healthy,True,4000,2672,1.4970059880239521,650.1923828125
05841_healthy.jpg,healthy,True,4000,2672,1.4970059880239521,716.95703125
05842_healthy.jpg,healthy,True,4000,2672,1.4970059880239521,1045.2529296875
05843_healthy.jpg,healthy,True,4000,2672,1.4970059880239521,760.91015625
05844_healthy.jpg,healthy,True,4000,2672,1.4970059880239521,1070.0234375
05845_healthy.jpg,healthy,True,4000,2672,1.4970059880239521,773.1767578125
05846_healthy.jpg,healthy,True,4000,2672,1.4970059880239521,1007.9482421875
05847_healthy.jpg,healthy,True,4000,2672,1.4970059880239521,728.353515625
05848_healthy.jpg,healthy,True,4000,2672,1.4970059880239521,903.6318359375
05849_healthy.jpg,healthy,True,4000,2672,1.4970059880239521,950.478515625
05850_healthy.jpg,healthy,True,4000,2672,1.4970059880239521,863.6826171875
05851_healthy.jpg,healthy,True,4000,2672,1.4970059880239521,813.2421875
05852_healthy.jpg,healthy,True,4000,2672,1.4970059880239521,861.0986328125
05853_healthy.jpg,healthy,True,4000,2672,1.4970059880239521,910.8203125
05854_healthy.jpg,healthy,True,4000,2672,1.4970059880239521,993.2783203125
05855_healthy.jpg,healthy,True,4000,2672,1.4970059880239521,709.5556640625
05856_healthy.jpg,healthy,True,4000,2672,1.4970059880239521,808.3125
05857_healthy.jpg,healthy,True,4000,2672,1.4970059880239521,1081.92578125
05858_healthy.jpg,healthy,True,4000,2672,1.4970059880239521,1044.7958984375
05859_healthy.jpg,healthy,True,4000,2672,1.4970059880239521,884.671875
05860_healthy.jpg,healthy,True,4000,2672,1.4970059880239521,993.7041015625
05861_healthy.jpg,healthy,True,4000,2672,1.4970059880239521,768.0712890625
05862_healthy.jpg,healthy,True,4000,2672,1.4970059880239521,964.1298828125
05863_healthy.jpg,healthy,True,4000,2672,1.4970059880239521,734.9384765625
05864_healthy.jpg,healthy,True,4000,2672,1.4970059880239521,1060.4921875
05865_healthy.jpg,healthy,True,4000,2672,1.4970059880239521,972.9443359375
05866_healthy.jpg,healthy,True,4000,2672,1.4970059880239521,956.388671875
05867_healthy.jpg,healthy,True,4000,2672,1.4970059880239521,1105.333984375
05868_healthy.jpg,healthy,True,4000,2672,1.4970059880239521,867.4501953125
05869_healthy.jpg,healthy,True,4000,2672,1.4970059880239521,1005.2265625
05870_healthy.jpg,healthy,True,4000,2672,1.4970059880239521,926.5546875
05871_healthy.jpg,healthy,True,4000,2672,1.4970059880239521,801.6953125
05872_healthy.jpg,healthy,True,4000,2672,1.4970059880239521,814.751953125
05873_healthy.jpg,healthy,True,4000,2672,1.4970059880239521,722.7431640625
05874_healthy.jpg,healthy,True,4000,2672,1.4970059880239521,1013.103515625
05875_healthy.jpg,healthy,True,4000,2672,1.4970059880239521,792.65234375
05876_healthy.jpg,healthy,True,4000,2672,1.4970059880239521,970.958984375
05877_healthy.jpg,healthy,True,4000,2672,1.4970059880239521,900.6767578125
05878_healthy.jpg,healthy,True,4000,2672,1.4970059880239521,836.603515625
05879_healthy.jpg,healthy,True,4000,2672,1.4970059880239521,693.505859375
05880_healthy.jpg,healthy,True,4000,2672,1.4970059880239521,681.701171875
05881_healthy.jpg,healthy,True,4000,2672,1.4970059880239521,663.8935546875
05882_healthy.jpg,healthy,True,4000,2672,1.4970059880239521,945.421875
05883_healthy.jpg,healthy,True,4000,2672,1.4970059880239521,729.7841796875
05884_healthy.jpg,healthy,True,4000,2672,1.4970059880239521,804.1982421875
05885_healthy.jpg,healthy,True,4000,2672,1.4970059880239521,870.84375
05886_healthy.jpg,healthy,True,4000,2672,1.4970059880239521,955.9091796875
05887_healthy.jpg,healthy,True,4000,2672,1.4970059880239521,681.900390625
05888_healthy.jpg,healthy,True,4000,2672,1.4970059880239521,972.94921875
05889_healthy.jpg,healthy,True,4000,2672,1.4970059880239521,815.1533203125
05890_healthy.jpg,healthy,True,4000,2672,1.4970059880239521,872.666015625
05891_healthy.jpg,healthy,True,4000,2672,1.4970059880239521,771.5185546875
05892_healthy.jpg,healthy,True,4000,2672,1.4970059880239521,1064.6357421875
05893_healthy.jpg,healthy,True,4000,3000,1.3333333333333333,1011.8115234375
05894_healthy.jpg,healthy,True,4000,2672,1.4970059880239521,792.876953125
05895_healthy.jpg,healthy,True,4000,2672,1.4970059880239521,631.6748046875
05896_healthy.jpg,healthy,True,4000,2672,1.4970059880239521,818.3310546875
05897_healthy.jpg,healthy,True,4000,2672,1.4970059880239521,1008.2041015625
05898_healthy.jpg,healthy,True,4000,2672,1.4970059880239521,933.18359375
05899_healthy.jpg,healthy,True,4000,2672,1.4970059880239521,799.349609375
05900_healthy.jpg,healthy,True,4000,2672,1.4970059880239521,725.474609375
05901_healthy.jpg,healthy,True,4000,2672,1.4970059880239521,919.083984375
05902_healthy.jpg,healthy,True,4000,2672,1.4970059880239521,1067.7578125
05903_healthy.jpg,healthy,True,4000,2672,1.4970059880239521,977.5244140625
05904_healthy.jpg,healthy,True,4000,2672,1.4970059880239521,1048.0458984375
05905_healthy.jpg,healthy,True,4000,2672,1.4970059880239521,605.6337890625
05906_healthy.jpg,healthy,True,4000,2672,1.4970059880239521,732.7607421875
05907_healthy.jpg,healthy,True,4000,2672,1.4970059880239521,986.25390625
05908_healthy.jpg,healthy,True,4000,2672,1.4970059880239521,1185.71484375
05909_healthy.jpg,healthy,True,4000,2672,1.4970059880239521,967.86328125
05910_healthy.jpg,healthy,True,4000,3000,1.3333333333333333,1048.4638671875
05911_healthy.jpg,healthy,True,4000,2672,1.4970059880239521,757.3662109375
05912_healthy.jpg,healthy,True,4000,2672,1.4970059880239521,974.029296875
05913_healthy.jpg,healthy,True,4000,2672,1.4970059880239521,1027.671875
05914_healthy.jpg,healthy,True,4000,2672,1.4970059880239521,526.37890625
05915_healthy.jpg,healthy,True,4000,2672,1.4970059880239521,876.73828125
05916_healthy.jpg,healthy,True,4000,2672,1.4970059880239521,898.0126953125
05917_healthy.jpg,healthy,True,4000,2672,1.4970059880239521,887.744140625
05918_healthy.jpg,healthy,True,4000,2672,1.4970059880239521,779.39453125
05919_healthy.jpg,healthy,True,4000,2672,1.4970059880239521,756.2861328125
05920_healthy.jpg,healthy,True,4000,2672,1.4970059880239521,794.67578125
05921_healthy.jpg,healthy,True,4000,2672,1.4970059880239521,764.958984375
05922_healthy.jpg,healthy,True,4000,2672,1.4970059880239521,1044.6474609375
05923_healthy.jpg,healthy,True,4000,2672,1.4970059880239521,758.9873046875
05924_healthy.jpg,healthy,True,4000,2672,1.4970059880239521,844.87890625
05925_healthy.jpg,healthy,True,4000,2672,1.4970059880239521,990.7333984375
05926_healthy.jpg,healthy,True,4000,2672,1.4970059880239521,793.2158203125
05927_healthy.jpg,healthy,True,4000,2672,1.4970059880239521,433.0205078125
05928_healthy.jpg,healthy,True,4000,2672,1.4970059880239521,945.8701171875
05929_healthy.jpg,healthy,True,4000,2672,1.4970059880239521,884.228515625
05930_healthy.jpg,healthy,True,4000,2672,1.4970059880239521,761.9794921875
05931_healthy.jpg,healthy,True,4000,2672,1.4970059880239521,882.484375
05932_healthy.jpg,healthy,True,4000,2672,1.4970059880239521,802.2890625
05933_healthy.jpg,healthy,True,4000,2672,1.4970059880239521,670.8662109375
05934_healthy.jpg,healthy,True,4000,2672,1.4970059880239521,803.4345703125
05935_healthy.jpg,healthy,True,4000,2672,1.4970059880239521,997.4619140625
05936_healthy.jpg,healthy,True,4000,2672,1.4970059880239521,1030.84375
05937_healthy.jpg,healthy,True,4000,2672,1.4970059880239521,1006.0048828125
05938_healthy.jpg,healthy,True,4000,2672,1.4970059880239521,653.1806640625
05939_healthy.jpg,healthy,True,4000,2672,1.4970059880239521,805.7919921875
05940_healthy.jpg,healthy,True,4000,2672,1.4970059880239521,695.1279296875
05941_healthy.jpg,healthy,True,4000,2672,1.4970059880239521,918.70703125
05942_healthy.jpg,healthy,True,4000,2672,1.4970059880239521,977.9560546875
05943_healthy.jpg,healthy,True,4000,2672,1.4970059880239521,1109.0712890625
05944_healthy.jpg,healthy,True,4000,2672,1.4970059880239521,659.8271484375
05945_healthy.jpg,healthy,True,4000,2672,1.4970059880239521,702.408203125
05946_healthy.jpg,healthy,True,4000,2672,1.4970059880239521,703.5283203125
05947_healthy.jpg,healthy,True,4000,2672,1.4970059880239521,726.056640625
05948_healthy.jpg,healthy,True,4000,2672,1.4970059880239521,831.208984375
05949_healthy.jpg,healthy,True,4000,2672,1.4970059880239521,638.306640625
05950_healthy.jpg,healthy,True,4000,3000,1.3333333333333333,1008.57421875
05951_healthy.jpg,healthy,True,4000,2672,1.4970059880239521,886.822265625
05952_healthy.jpg,healthy,True,4000,2672,1.4970059880239521,1042.623046875
05953_healthy.jpg,healthy,True,4000,2672,1.4970059880239521,705.888671875
05954_healthy.jpg,healthy,True,4000,2672,1.4970059880239521,771.7001953125
05955_healthy.jpg,healthy,True,4000,2672,1.4970059880239521,947.11328125
05956_healthy.jpg,healthy,True,4000,2672,1.4970059880239521,588.060546875
05957_healthy.jpg,healthy,True,4000,2672,1.4970059880239521,1077.24609375
05958_healthy.jpg,healthy,True,4000,2672,1.4970059880239521,728.341796875
05959_healthy.jpg,healthy,True,4000,2672,1.4970059880239521,825.1298828125
05960_healthy.jpg,healthy,True,4000,2672,1.4970059880239521,755.748046875
05961_healthy.jpg,healthy,True,4000,2672,1.4970059880239521,797.2607421875
05962_healthy.jpg,healthy,True,4000,2672,1.4970059880239521,892.3291015625
05963_healthy.jpg,healthy,True,4000,2672,1.4970059880239521,983.1337890625
05964_healthy.jpg,healthy,True,4000,2672,1.4970059880239521,603.5966796875
05965_healthy.jpg,healthy,True,4000,2672,1.4970059880239521,800.091796875
05966_healthy.jpg,healthy,True,4000,2672,1.4970059880239521,1009.734375
05967_healthy.jpg,healthy,True,4000,2672,1.4970059880239521,746.578125
05968_healthy.jpg,healthy,True,4000,2672,1.4970059880239521,700.767578125
05969_healthy.jpg,healthy,True,4000,2672,1.4970059880239521,838.6484375
05970_healthy.jpg,healthy,True,4000,2672,1.4970059880239521,973.1103515625
05971_healthy.jpg,healthy,True,4000,2672,1.4970059880239521,940.0830078125
05972_healthy.jpg,healthy,True,4000,2672,1.4970059880239521,735.255859375
05973_healthy.jpg,healthy,True,4000,2672,1.4970059880239521,818.201171875
05974_healthy.jpg,healthy,True,4000,2672,1.4970059880239521,967.7119140625
05975_healthy.jpg,healthy,True,4000,2672,1.4970059880239521,1145.3642578125
05976_healthy.jpg,healthy,True,4000,2672,1.4970059880239521,796.91796875
05977_healthy.jpg,healthy,True,4000,2672,1.4970059880239521,953.7275390625
05978_healthy.jpg,healthy,True,4000,2672,1.4970059880239521,1106.35546875
05979_healthy.jpg,healthy,True,4000,2672,1.4970059880239521,699.6640625
05980_healthy.jpg,healthy,True,4000,2672,1.4970059880239521,991.1318359375
05981_healthy.jpg,healthy,True,4000,2672,1.4970059880239521,959.748046875
05982_healthy.jpg,healthy,True,4000,2672,1.4970059880239521,988.525390625
05983_healthy.jpg,healthy,True,4000,2672,1.4970059880239521,771.9912109375
05984_healthy.jpg,healthy,True,4000,2672,1.4970059880239521,864.6953125
05985_healthy.jpg,healthy,True,4000,2672,1.4970059880239521,978.04296875
05986_healthy.jpg,healthy,True,4000,2672,1.4970059880239521,823.3623046875
05987_healthy.jpg,healthy,True,4000,2672,1.4970059880239521,921.7431640625
05988_healthy.jpg,healthy,True,4000,2672,1.4970059880239521,861.5615234375
05989_healthy.jpg,healthy,True,4000,2672,1.4970059880239521,826.275390625
05990_healthy.jpg,healthy,True,4000,2672,1.4970059880239521,936.03125
05991_healthy.jpg,healthy,True,4000,2672,1.4970059880239521,570.02734375
05992_healthy.jpg,healthy,True,4000,2672,1.4970059880239521,1078.041015625
05993_healthy.jpg,healthy,True,4000,2672,1.4970059880239521,798.580078125
05994_healthy.jpg,healthy,True,4000,2672,1.4970059880239521,764.7978515625
05995_healthy.jpg,healthy,True,4000,2672,1.4970059880239521,792.357421875
05996_healthy.jpg,healthy,True,4000,2672,1.4970059880239521,925.05859375
05997_healthy.jpg,healthy,True,4000,2672,1.4970059880239521,914.2783203125
05998_healthy.jpg,healthy,True,4000,2672,1.4970059880239521,940.498046875
05999_healthy.jpg,healthy,True,4000,2672,1.4970059880239521,778.7099609375
06000_healthy.jpg,healthy,True,4000,2672,1.4970059880239521,942.5458984375
06001_healthy.jpg,healthy,True,4000,2672,1.4970059880239521,763.2265625
06002_healthy.jpg,healthy,True,4000,2672,1.4970059880239521,1024.630859375
06003_healthy.jpg,healthy,True,4000,2672,1.4970059880239521,752.15625
06004_healthy.jpg,healthy,True,4000,2672,1.4970059880239521,677.9462890625
06005_healthy.jpg,healthy,True,4000,2672,1.4970059880239521,763.0
06006_healthy.jpg,healthy,True,4000,2672,1.4970059880239521,844.2216796875
06007_healthy.jpg,healthy,True,4000,2672,1.4970059880239521,823.947265625
06008_healthy.jpg,healthy,True,4000,2672,1.4970059880239521,871.390625
06009_healthy.jpg,healthy,True,4000,2672,1.4970059880239521,828.056640625
06010_healthy.jpg,healthy,True,4000,2672,1.4970059880239521,675.947265625
06011_healthy.jpg,healthy,True,4000,2672,1.4970059880239521,869.8115234375
06012_healthy.jpg,healthy,True,4000,2672,1.4970059880239521,738.7216796875
06013_healthy.jpg,healthy,True,4000,2672,1.4970059880239521,857.9169921875
06014_healthy.jpg,healthy,True,4000,2672,1.4970059880239521,815.8505859375
06015_healthy.jpg,healthy,True,4000,2672,1.4970059880239521,885.005859375
06016_healthy.jpg,healthy,True,4000,2672,1.4970059880239521,749.3251953125
06017_healthy.jpg,healthy,True,4000,2672,1.4970059880239521,826.51171875
06018_healthy.jpg,healthy,True,4000,2672,1.4970059880239521,1095.6484375
06019_healthy.jpg,healthy,True,4000,2672,1.4970059880239521,764.798828125
06020_healthy.jpg,healthy,True,4000,2672,1.4970059880239521,808.1376953125
06021_healthy.jpg,healthy,True,4000,2672,1.4970059880239521,717.955078125
06022_healthy.jpg,healthy,True,4000,2672,1.4970059880239521,783.228515625
06023_healthy.jpg,healthy,True,4000,2672,1.4970059880239521,874.3447265625
06024_healthy.jpg,healthy,True,4000,2672,1.4970059880239521,668.896484375
06025_healthy.jpg,healthy,True,4000,2672,1.4970059880239521,963.8740234375
06026_healthy.jpg,healthy,True,4000,2672,1.4970059880239521,803.5634765625
06027_healthy.jpg,healthy,True,4000,2672,1.4970059880239521,906.5166015625
06028_healthy.jpg,healthy,True,4000,2672,1.4970059880239521,774.81640625
06029_healthy.jpg,healthy,True,4000,2672,1.4970059880239521,738.126953125
06030_healthy.jpg,healthy,True,4000,2672,1.4970059880239521,1028.6435546875
06031_healthy.jpg,healthy,True,4000,2672,1.4970059880239521,945.6162109375
06032_healthy.jpg,healthy,True,4000,2672,1.4970059880239521,722.3291015625
06033_healthy.jpg,healthy,True,4000,2672,1.4970059880239521,741.3271484375
06034_healthy.jpg,healthy,True,4000,2672,1.4970059880239521,730.8798828125
06035_healthy.jpg,healthy,True,4000,2672,1.4970059880239521,981.353515625
06036_healthy.jpg,healthy,True,4000,2672,1.4970059880239521,1472.7333984375
06037_healthy.jpg,healthy,True,4000,2672,1.4970059880239521,785.283203125
06038_healthy.jpg,healthy,True,4000,2672,1.4970059880239521,888.9873046875
06039_healthy.jpg,healthy,True,4000,2672,1.4970059880239521,721.1064453125
06040_healthy.jpg,healthy,True,4000,2672,1.4970059880239521,967.87109375
06041_healthy.jpg,healthy,True,4000,2672,1.4970059880239521,944.66015625
06042_healthy.jpg,healthy,True,4000,2672,1.4970059880239521,931.3935546875
06043_healthy.jpg,healthy,True,4000,2672,1.4970059880239521,794.068359375
06044_healthy.jpg,healthy,True,4000,2672,1.4970059880239521,695.5419921875
06045_healthy.jpg,healthy,True,4000,2672,1.4970059880239521,664.87109375
06046_healthy.jpg,healthy,True,4000,3000,1.3333333333333333,893.4423828125
06047_healthy.jpg,healthy,True,4000,2672,1.4970059880239521,962.689453125
06048_healthy.jpg,healthy,True,4000,2672,1.4970059880239521,1007.109375
06049_healthy.jpg,healthy,True,4000,2672,1.4970059880239521,741.919921875
06050_healthy.jpg,healthy,True,4000,2672,1.4970059880239521,983.923828125
06051_healthy.jpg,healthy,True,4000,2672,1.4970059880239521,1033.87890625
06052_healthy.jpg,healthy,True,4000,2672,1.4970059880239521,871.03515625
06053_healthy.jpg,healthy,True,4000,3000,1.3333333333333333,1067.7041015625
06054_healthy.jpg,healthy,True,4000,2672,1.4970059880239521,919.6015625
06055_healthy.jpg,healthy,True,4000,2672,1.4970059880239521,987.537109375
06056_healthy.jpg,healthy,True,4000,2672,1.4970059880239521,771.8759765625
06057_healthy.jpg,healthy,True,4000,2672,1.4970059880239521,738.5546875
06058_healthy.jpg,healthy,True,4000,3000,1.3333333333333333,1037.359375
06059_healthy.jpg,healthy,True,4000,2672,1.4970059880239521,967.5
06060_healthy.jpg,healthy,True,4000,2672,1.4970059880239521,1013.5390625
06061_healthy.jpg,healthy,True,4000,2672,1.4970059880239521,757.8935546875
06062_healthy.jpg,healthy,True,4000,3000,1.3333333333333333,1026.33203125
06063_healthy.jpg,healthy,True,4000,2672,1.4970059880239521,656.546875
06064_healthy.jpg,healthy,True,4000,2672,1.4970059880239521,993.384765625
06065_healthy.jpg,healthy,True,4000,2672,1.4970059880239521,746.6640625
06066_healthy.jpg,healthy,True,4000,2672,1.4970059880239521,812.5859375
06067_healthy.jpg,healthy,True,4000,2672,1.4970059880239521,867.8251953125
06068_healthy.jpg,healthy,True,4000,3000,1.3333333333333333,927.212890625
06069_healthy.jpg,healthy,True,4000,2672,1.4970059880239521,1033.0400390625
06070_healthy.jpg,healthy,True,4000,2672,1.4970059880239521,923.5234375
06071_healthy.jpg,healthy,True,4000,2672,1.4970059880239521,778.490234375
06072_healthy.jpg,healthy,True,4000,2672,1.4970059880239521,571.876953125
06073_healthy.jpg,healthy,True,4000,2672,1.4970059880239521,755.4736328125
06074_healthy.jpg,healthy,True,4000,2672,1.4970059880239521,1008.046875
06075_healthy.jpg,healthy,True,4000,2672,1.4970059880239521,715.306640625
06076_healthy.jpg,healthy,True,4000,2672,1.4970059880239521,926.4443359375
06077_healthy.jpg,healthy,True,4000,2672,1.4970059880239521,767.021484375
06078_healthy.jpg,healthy,True,4000,2672,1.4970059880239521,720.1435546875
06079_healthy.jpg,healthy,True,4000,2672,1.4970059880239521,865.3779296875
06080_healthy.jpg,healthy,True,4000,2672,1.4970059880239521,850.22265625
06081_healthy.jpg,healthy,True,4000,3000,1.3333333333333333,1061.6162109375
06082_healthy.jpg,healthy,True,4000,3000,1.3333333333333333,1045.3203125
06083_healthy.jpg,healthy,True,4000,2672,1.4970059880239521,867.8623046875
06084_healthy.jpg,healthy,True,4000,2672,1.4970059880239521,771.13671875
06085_healthy.jpg,healthy,True,4000,2672,1.4970059880239521,875.841796875
06086_healthy.jpg,healthy,True,4000,2672,1.4970059880239521,635.4560546875
06087_healthy.jpg,healthy,True,4000,2672,1.4970059880239521,1028.03125
06088_healthy.jpg,healthy,True,4000,2672,1.4970059880239521,878.8095703125
06089_healthy.jpg,healthy,True,4000,2672,1.4970059880239521,730.4560546875
06090_healthy.jpg,healthy,True,4000,2672,1.4970059880239521,720.6240234375
06091_healthy.jpg,healthy,True,4000,2672,1.4970059880239521,1105.9267578125
06092_healthy.jpg,healthy,True,4000,2672,1.4970059880239521,969.13671875
06093_healthy.jpg,healthy,True,4000,2672,1.4970059880239521,966.4423828125
06094_healthy.jpg,healthy,True,4000,2672,1.4970059880239521,752.7685546875
06095_healthy.jpg,healthy,True,4000,2672,1.4970059880239521,1084.6142578125
06096_healthy.jpg,healthy,True,4000,2672,1.4970059880239521,698.65625
06097_healthy.jpg,healthy,True,4000,2672,1.4970059880239521,1028.0908203125
06098_healthy.jpg,healthy,True,4000,2672,1.4970059880239521,928.9931640625
06099_healthy.jpg,healthy,True,4000,2672,1.4970059880239521,860.49609375
06100_healthy.jpg,healthy,True,4000,2672,1.4970059880239521,779.6201171875
06101_healthy.jpg,healthy,True,4000,2672,1.4970059880239521,657.826171875
06102_healthy.jpg,healthy,True,4000,2672,1.4970059880239521,685.521484375
06103_healthy.jpg,healthy,True,4000,2672,1.4970059880239521,828.3095703125
06104_healthy.jpg,healthy,True,4000,2672,1.4970059880239521,883.0537109375
06105_healthy.jpg,healthy,True,4000,2672,1.4970059880239521,876.3212890625
06106_healthy.jpg,healthy,True,4000,2672,1.4970059880239521,641.4716796875
06107_healthy.jpg,healthy,True,4000,2672,1.4970059880239521,708.7294921875
06108_healthy.jpg,healthy,True,4000,2672,1.4970059880239521,619.0185546875
06109_healthy.jpg,healthy,True,4000,2672,1.4970059880239521,815.3466796875
06110_healthy.jpg,healthy,True,4000,2672,1.4970059880239521,846.7666015625
06111_healthy.jpg,healthy,True,4000,2672,1.4970059880239521,994.85546875
06112_healthy.jpg,healthy,True,4000,2672,1.4970059880239521,621.2275390625
06113_healthy.jpg,healthy,True,4000,2672,1.4970059880239521,491.7822265625
06114_healthy.jpg,healthy,True,4000,2672,1.4970059880239521,806.5380859375
06115_healthy.jpg,healthy,True,4000,2672,1.4970059880239521,787.537109375
06116_healthy.jpg,healthy,True,4000,2672,1.4970059880239521,834.3681640625
06117_healthy.jpg,healthy,True,4000,2672,1.4970059880239521,773.2646484375
06118_healthy.jpg,healthy,True,4000,2672,1.4970059880239521,1128.16796875
06119_healthy.jpg,healthy,True,4000,2672,1.4970059880239521,830.2607421875
06120_healthy.jpg,healthy,True,4000,2672,1.4970059880239521,800.458984375
06121_healthy.jpg,healthy,True,4000,3000,1.3333333333333333,1073.2373046875
06122_healthy.jpg,healthy,True,4000,2672,1.4970059880239521,982.7177734375
06123_healthy.jpg,healthy,True,4000,2672,1.4970059880239521,774.0546875
06124_healthy.jpg,healthy,True,4000,2672,1.4970059880239521,751.390625
06125_healthy.jpg,healthy,True,4000,3000,1.3333333333333333,1017.0478515625
06126_healthy.jpg,healthy,True,4000,2672,1.4970059880239521,768.701171875
06127_healthy.jpg,healthy,True,4000,2672,1.4970059880239521,696.8310546875
06128_healthy.jpg,healthy,True,4000,2672,1.4970059880239521,979.5205078125
06129_healthy.jpg,healthy,True,4000,2672,1.4970059880239521,899.20703125
06130_healthy.jpg,healthy,True,4000,2672,1.4970059880239521,791.421875
06131_healthy.jpg,healthy,True,4000,2672,1.4970059880239521,906.826171875
06132_healthy.jpg,healthy,True,4000,2672,1.4970059880239521,741.193359375
06133_healthy.jpg,healthy,True,4000,2672,1.4970059880239521,1048.921875
06134_healthy.jpg,healthy,True,4000,2672,1.4970059880239521,793.41015625
06135_healthy.jpg,healthy,True,4000,2672,1.4970059880239521,868.4150390625
06136_healthy.jpg,healthy,True,4000,2672,1.4970059880239521,974.1357421875
06137_healthy.jpg,healthy,True,4000,2672,1.4970059880239521,778.384765625
06138_healthy.jpg,healthy,True,4000,2672,1.4970059880239521,808.0517578125
06139_healthy.jpg,healthy,True,4000,2672,1.4970059880239521,1077.755859375
06140_healthy.jpg,healthy,True,4000,2672,1.4970059880239521,898.1884765625
06141_healthy.jpg,healthy,True,4000,2672,1.4970059880239521,674.95703125
06142_healthy.jpg,healthy,True,4000,3000,1.3333333333333333,1007.7724609375
06143_healthy.jpg,healthy,True,4000,2672,1.4970059880239521,850.4775390625
06144_healthy.jpg,healthy,True,4000,2672,1.4970059880239521,958.537109375
06145_healthy.jpg,healthy,True,4000,2672,1.4970059880239521,823.3798828125
06146_healthy.jpg,healthy,True,4000,2672,1.4970059880239521,712.7392578125
06147_healthy.jpg,healthy,True,4000,2672,1.4970059880239521,667.5751953125
06148_healthy.jpg,healthy,True,4000,2672,1.4970059880239521,871.21875
06149_healthy.jpg,healthy,True,4000,2672,1.4970059880239521,885.576171875
06150_healthy.jpg,healthy,True,4000,2672,1.4970059880239521,540.7880859375
06151_healthy.jpg,healthy,True,4000,2672,1.4970059880239521,879.0556640625
06152_healthy.jpg,healthy,True,4000,2672,1.4970059880239521,899.126953125
06153_healthy.jpg,healthy,True,4000,2672,1.4970059880239521,837.603515625
06154_healthy.jpg,healthy,True,4000,2672,1.4970059880239521,695.5224609375
06155_healthy.jpg,healthy,True,4000,2672,1.4970059880239521,883.296875
06156_healthy.jpg,healthy,True,4000,2672,1.4970059880239521,1127.02734375
06157_healthy.jpg,healthy,True,4000,2672,1.4970059880239521,777.234375
06158_healthy.jpg,healthy,True,4000,2672,1.4970059880239521,783.0595703125
06159_healthy.jpg,healthy,True,4000,2672,1.4970059880239521,861.6572265625
06160_healthy.jpg,healthy,True,4000,2672,1.4970059880239521,875.0087890625
06161_healthy.jpg,healthy,True,4000,2672,1.4970059880239521,953.5673828125
06162_healthy.jpg,healthy,True,4000,2672,1.4970059880239521,1099.333984375
06163_healthy.jpg,healthy,True,4000,2672,1.4970059880239521,874.08203125
06164_healthy.jpg,healthy,True,4000,2672,1.4970059880239521,791.443359375
06165_healthy.jpg,healthy,True,4000,2672,1.4970059880239521,959.369140625
06166_healthy.jpg,healthy,True,4000,2672,1.4970059880239521,801.5224609375
06167_healthy.jpg,healthy,True,4000,2672,1.4970059880239521,693.5576171875
06168_healthy.jpg,healthy,True,4000,2672,1.4970059880239521,804.6220703125
06169_healthy.jpg,healthy,True,4000,2672,1.4970059880239521,709.0
06170_healthy.jpg,healthy,True,4000,2672,1.4970059880239521,1009.5029296875
06171_healthy.jpg,healthy,True,4000,2672,1.4970059880239521,756.0390625
06172_healthy.jpg,healthy,True,4000,2672,1.4970059880239521,755.8974609375
06173_healthy.jpg,healthy,True,4000,2672,1.4970059880239521,960.7060546875
06174_healthy.jpg,healthy,True,4000,2672,1.4970059880239521,790.2255859375
06175_healthy.jpg,healthy,True,4000,2672,1.4970059880239521,802.4990234375
06176_healthy.jpg,healthy,True,4000,2672,1.4970059880239521,762.9287109375
06177_healthy.jpg,healthy,True,4000,2672,1.4970059880239521,1100.349609375
06178_healthy.jpg,healthy,True,4000,2672,1.4970059880239521,633.10546875
06179_healthy.jpg,healthy,True,4000,2672,1.4970059880239521,894.2509765625
06180_healthy.jpg,healthy,True,4000,2672,1.4970059880239521,710.525390625
06181_healthy.jpg,healthy,True,4000,2672,1.4970059880239521,1004.4384765625
06182_healthy.jpg,healthy,True,4000,2672,1.4970059880239521,894.3935546875
06183_healthy.jpg,healthy,True,4000,2672,1.4970059880239521,974.6728515625
06184_healthy.jpg,healthy,True,4000,2672,1.4970059880239521,740.9921875
06185_healthy.jpg,healthy,True,4000,2672,1.4970059880239521,794.8388671875
06186_healthy.jpg,healthy,True,4000,2672,1.4970059880239521,983.6611328125
06187_healthy.jpg,healthy,True,4000,2672,1.4970059880239521,742.0185546875
06188_healthy.jpg,healthy,True,4000,2672,1.4970059880239521,606.8994140625
06189_healthy.jpg,healthy,True,4000,2672,1.4970059880239521,612.4794921875
06190_healthy.jpg,healthy,True,4000,2672,1.4970059880239521,680.09375
06191_healthy.jpg,healthy,True,4000,2672,1.4970059880239521,1002.2734375
06192_healthy.jpg,healthy,True,4000,2672,1.4970059880239521,682.0302734375
06193_healthy.jpg,healthy,True,4000,2672,1.4970059880239521,768.2998046875
06194_healthy.jpg,healthy,True,4000,2672,1.4970059880239521,739.1328125
06195_healthy.jpg,healthy,True,4000,2672,1.4970059880239521,698.4599609375
06196_healthy.jpg,healthy,True,4000,2672,1.4970059880239521,703.14453125
06197_healthy.jpg,healthy,True,4000,2672,1.4970059880239521,723.29296875
06198_healthy.jpg,healthy,True,4000,2672,1.4970059880239521,1055.228515625
06199_healthy.jpg,healthy,True,4000,2672,1.4970059880239521,1012.275390625
06200_healthy.jpg,healthy,True,4000,2672,1.4970059880239521,760.666015625
06201_healthy.jpg,healthy,True,4000,2672,1.4970059880239521,695.17578125
06202_healthy.jpg,healthy,True,4000,2672,1.4970059880239521,789.81640625
06203_healthy.jpg,healthy,True,4000,2672,1.4970059880239521,694.6484375
06204_healthy.jpg,healthy,True,4000,2672,1.4970059880239521,826.302734375
06205_healthy.jpg,healthy,True,4000,2672,1.4970059880239521,811.4404296875
06206_healthy.jpg,healthy,True,4000,2672,1.4970059880239521,750.0439453125
06207_healthy.jpg,healthy,True,4000,2672,1.4970059880239521,663.095703125
06208_healthy.jpg,healthy,True,4000,2672,1.4970059880239521,656.25
06209_healthy.jpg,healthy,True,4000,2672,1.4970059880239521,787.19921875
06210_healthy.jpg,healthy,True,4000,2672,1.4970059880239521,1053.544921875
06211_healthy.jpg,healthy,True,4000,2672,1.4970059880239521,812.0009765625
06212_healthy.jpg,healthy,True,4000,2672,1.4970059880239521,714.8251953125
06213_healthy.jpg,healthy,True,4000,2672,1.4970059880239521,740.64453125
06214_healthy.jpg,healthy,True,4000,2672,1.4970059880239521,907.1533203125
06215_healthy.jpg,healthy,True,4000,2672,1.4970059880239521,879.515625
06216_healthy.jpg,healthy,True,4000,2672,1.4970059880239521,973.486328125
06217_healthy.jpg,healthy,True,4000,2672,1.4970059880239521,866.0439453125
06218_healthy.jpg,healthy,True,4000,2672,1.4970059880239521,863.5654296875
06219_healthy.jpg,healthy,True,4000,2672,1.4970059880239521,705.7138671875
06220_healthy.jpg,healthy,True,4000,3000,1.3333333333333333,939.2255859375
06221_healthy.jpg,healthy,True,4000,2672,1.4970059880239521,804.0166015625
06222_healthy.jpg,healthy,True,4000,3000,1.3333333333333333,1021.001953125
06223_healthy.jpg,healthy,True,4000,2672,1.4970059880239521,633.201171875
06224_healthy.jpg,healthy,True,4000,2672,1.4970059880239521,1019.109375
06225_healthy.jpg,healthy,True,4000,2672,1.4970059880239521,1120.9755859375
06226_healthy.jpg,healthy,True,4000,3000,1.3333333333333333,1002.642578125
06227_healthy.jpg,healthy,True,4000,2672,1.4970059880239521,877.625
06228_healthy.jpg,healthy,True,4000,2672,1.4970059880239521,879.0625
06229_healthy.jpg,healthy,True,4000,2672,1.4970059880239521,775.4091796875
06230_healthy.jpg,healthy,True,4000,2672,1.4970059880239521,879.5234375
06231_healthy.jpg,healthy,True,4000,2672,1.4970059880239521,745.9345703125
06232_healthy.jpg,healthy,True,4000,2672,1.4970059880239521,614.779296875
06233_healthy.jpg,healthy,True,4000,3000,1.3333333333333333,1054.3466796875
06234_healthy.jpg,healthy,True,4000,2672,1.4970059880239521,746.048828125
06235_healthy.jpg,healthy,True,4000,2672,1.4970059880239521,991.578125
06236_healthy.jpg,healthy,True,4000,2672,1.4970059880239521,606.09375
06237_healthy.jpg,healthy,True,4000,2672,1.4970059880239521,733.0234375
06238_healthy.jpg,healthy,True,4000,2672,1.4970059880239521,841.1201171875
06239_healthy.jpg,healthy,True,4000,2672,1.4970059880239521,1079.4853515625
06240_healthy.jpg,healthy,True,4000,2672,1.4970059880239521,691.8349609375
06241_healthy.jpg,healthy,True,4000,2672,1.4970059880239521,709.68359375
06242_healthy.jpg,healthy,True,4000,2672,1.4970059880239521,987.9951171875
06243_healthy.jpg,healthy,True,4000,2672,1.4970059880239521,1004.5986328125
06244_healthy.jpg,healthy,True,4000,2672,1.4970059880239521,702.275390625
06245_healthy.jpg,healthy,True,4000,2672,1.4970059880239521,801.0166015625
06246_healthy.jpg,healthy,True,4000,2672,1.4970059880239521,828.638671875
06247_healthy.jpg,healthy,True,4000,2672,1.4970059880239521,949.2744140625
06248_healthy.jpg,healthy,True,4000,2672,1.4970059880239521,711.1533203125
06249_healthy.jpg,healthy,True,4000,2672,1.4970059880239521,631.6474609375
06250_healthy.jpg,healthy,True,4000,2672,1.4970059880239521,892.501953125
06251_healthy.jpg,healthy,True,4000,3000,1.3333333333333333,1076.3642578125
06252_healthy.jpg,healthy,True,4000,2672,1.4970059880239521,836.583984375
06253_healthy.jpg,healthy,True,4000,2672,1.4970059880239521,862.2392578125
06254_healthy.jpg,healthy,True,4000,2672,1.4970059880239521,694.140625
06255_healthy.jpg,healthy,True,4000,2672,1.4970059880239521,704.896484375
06256_healthy.jpg,healthy,True,4000,2672,1.4970059880239521,802.55859375
06257_healthy.jpg,healthy,True,4000,2672,1.4970059880239521,834.2578125
06258_healthy.jpg,healthy,True,4000,2672,1.4970059880239521,1024.5263671875
06259_healthy.jpg,healthy,True,4000,2672,1.4970059880239521,1073.4541015625
06260_healthy.jpg,healthy,True,4000,2672,1.4970059880239521,886.560546875
06261_healthy.jpg,healthy,True,4000,2672,1.4970059880239521,569.0888671875
06262_healthy.jpg,healthy,True,4000,2672,1.4970059880239521,900.2724609375
06263_healthy.jpg,healthy,True,4000,2672,1.4970059880239521,991.8466796875
06264_healthy.jpg,healthy,True,4000,3000,1.3333333333333333,1041.8984375
06265_healthy.jpg,healthy,True,4000,2672,1.4970059880239521,717.0009765625
06266_healthy.jpg,healthy,True,4000,3000,1.3333333333333333,1077.84375
06267_healthy.jpg,healthy,True,4000,2672,1.4970059880239521,745.318359375
06268_healthy.jpg,healthy,True,4000,2672,1.4970059880239521,911.6318359375
06269_healthy.jpg,healthy,True,4000,2672,1.4970059880239521,892.3681640625
06270_healthy.jpg,healthy,True,4000,2672,1.4970059880239521,898.5458984375
06271_healthy.jpg,healthy,True,4000,3000,1.3333333333333333,1060.3408203125
06272_healthy.jpg,healthy,True,4000,2672,1.4970059880239521,784.6416015625
06273_healthy.jpg,healthy,True,4000,2672,1.4970059880239521,955.02734375
06274_healthy.jpg,healthy,True,4000,2672,1.4970059880239521,778.7626953125
06275_healthy.jpg,healthy,True,4000,2672,1.4970059880239521,859.3759765625
06276_healthy.jpg,healthy,True,4000,2672,1.4970059880239521,1033.138671875
06277_healthy.jpg,healthy,True,4000,2672,1.4970059880239521,920.4765625
06278_healthy.jpg,healthy,True,4000,2672,1.4970059880239521,954.357421875
06279_healthy.jpg,healthy,True,4000,2672,1.4970059880239521,620.107421875
06280_healthy.jpg,healthy,True,4000,2672,1.4970059880239521,935.3583984375
06281_healthy.jpg,healthy,True,4000,2672,1.4970059880239521,935.1591796875
06282_healthy.jpg,healthy,True,4000,2672,1.4970059880239521,818.0009765625
06283_healthy.jpg,healthy,True,4000,2672,1.4970059880239521,739.1396484375
06284_healthy.jpg,healthy,True,4000,2672,1.4970059880239521,1034.9892578125
06285_healthy.jpg,healthy,True,4000,2672,1.4970059880239521,791.0595703125
06286_healthy.jpg,healthy,True,4000,2672,1.4970059880239521,905.732421875
06287_healthy.jpg,healthy,True,4000,2672,1.4970059880239521,920.9580078125
06288_healthy.jpg,healthy,True,4000,2672,1.4970059880239521,624.7587890625
06289_healthy.jpg,healthy,True,4000,2672,1.4970059880239521,955.443359375
06290_healthy.jpg,healthy,True,4000,2672,1.4970059880239521,776.1953125
06291_healthy.jpg,healthy,True,4000,2672,1.4970059880239521,992.97265625
06292_healthy.jpg,healthy,True,4000,2672,1.4970059880239521,506.0947265625
06293_healthy.jpg,healthy,True,4000,2672,1.4970059880239521,1001.3935546875
06294_healthy.jpg,healthy,True,4000,2672,1.4970059880239521,802.705078125
06295_healthy.jpg,healthy,True,4000,2672,1.4970059880239521,892.859375
06296_healthy.jpg,healthy,True,4000,2672,1.4970059880239521,894.189453125
06297_healthy.jpg,healthy,True,4000,2672,1.4970059880239521,782.1572265625
06298_healthy.jpg,healthy,True,4000,2672,1.4970059880239521,1053.0380859375
06299_healthy.jpg,healthy,True,4000,2672,1.4970059880239521,818.794921875
06300_healthy.jpg,healthy,True,4000,2672,1.4970059880239521,813.9189453125
06301_healthy.jpg,healthy,True,4000,2672,1.4970059880239521,830.455078125
06302_healthy.jpg,healthy,True,4000,2672,1.4970059880239521,1080.251953125
06303_healthy.jpg,healthy,True,4000,2672,1.4970059880239521,729.9091796875
06304_healthy.jpg,healthy,True,4000,2672,1.4970059880239521,1126.54296875
06305_healthy.jpg,healthy,True,4000,3000,1.3333333333333333,1002.1962890625
06306_healthy.jpg,healthy,True,4000,2672,1.4970059880239521,813.6337890625
06307_healthy.jpg,healthy,True,4000,2672,1.4970059880239521,791.7890625
06308_healthy.jpg,healthy,True,4000,2672,1.4970059880239521,606.6435546875
06309_healthy.jpg,healthy,True,4000,2672,1.4970059880239521,712.1396484375
06310_healthy.jpg,healthy,True,4000,2672,1.4970059880239521,922.5478515625
06311_healthy.jpg,healthy,True,4000,3000,1.3333333333333333,1000.0322265625
06312_healthy.jpg,healthy,True,4000,2672,1.4970059880239521,670.4912109375
06313_healthy.jpg,healthy,True,4000,2672,1.4970059880239521,1050.873046875
06314_healthy.jpg,healthy,True,4000,2672,1.4970059880239521,1054.5029296875
06315_healthy.jpg,healthy,True,4000,2672,1.4970059880239521,724.7470703125
06316_healthy.jpg,healthy,True,4000,2672,1.4970059880239521,989.5126953125
06317_healthy.jpg,healthy,True,4000,2672,1.4970059880239521,932.8359375
06318_healthy.jpg,healthy,True,4000,2672,1.4970059880239521,1088.6923828125
06319_healthy.jpg,healthy,True,4000,2672,1.4970059880239521,681.529296875
06320_healthy.jpg,healthy,True,4000,2672,1.4970059880239521,580.14453125
06321_healthy.jpg,healthy,True,4000,2672,1.4970059880239521,940.1767578125
06322_healthy.jpg,healthy,True,4000,2672,1.4970059880239521,860.4384765625
06323_healthy.jpg,healthy,True,4000,2672,1.4970059880239521,1019.318359375
06324_healthy.jpg,healthy,True,4000,2672,1.4970059880239521,781.2841796875
06325_healthy.jpg,healthy,True,4000,2672,1.4970059880239521,827.8818359375
06326_healthy.jpg,healthy,True,4000,2672,1.4970059880239521,932.8203125
06327_healthy.jpg,healthy,True,4000,2672,1.4970059880239521,664.744140625
06328_healthy.jpg,healthy,True,4000,2672,1.4970059880239521,816.9853515625
06329_healthy.jpg,healthy,True,4000,2672,1.4970059880239521,848.923828125
06330_healthy.jpg,healthy,True,4000,2672,1.4970059880239521,1050.8798828125
06331_healthy.jpg,healthy,True,4000,2672,1.4970059880239521,893.474609375
06332_healthy.jpg,healthy,True,4000,2672,1.4970059880239521,934.06640625
06333_healthy.jpg,healthy,True,4000,2672,1.4970059880239521,1007.7861328125
06334_healthy.jpg,healthy,True,4000,2672,1.4970059880239521,769.056640625
06335_healthy.jpg,healthy,True,4000,2672,1.4970059880239521,765.0869140625
06336_healthy.jpg,healthy,True,4000,2672,1.4970059880239521,704.9755859375
06337_healthy.jpg,healthy,True,4000,2672,1.4970059880239521,918.6796875
06338_healthy.jpg,healthy,True,4000,2672,1.4970059880239521,860.8251953125
06339_healthy.jpg,healthy,True,4000,2672,1.4970059880239521,766.423828125
06340_healthy.jpg,healthy,True,4000,3000,1.3333333333333333,1135.9052734375
06341_healthy.jpg,healthy,True,4000,2672,1.4970059880239521,663.423828125
06342_healthy.jpg,healthy,True,4000,3000,1.3333333333333333,1186.3916015625
06343_healthy.jpg,healthy,True,4000,2672,1.4970059880239521,832.7333984375
06344_healthy.jpg,healthy,True,4000,2672,1.4970059880239521,942.1962890625
06345_healthy.jpg,healthy,True,4000,2672,1.4970059880239521,897.5126953125
06346_healthy.jpg,healthy,True,4000,2672,1.4970059880239521,1054.4013671875
06347_healthy.jpg,healthy,True,4000,2672,1.4970059880239521,744.2021484375
06348_healthy.jpg,healthy,True,4000,2672,1.4970059880239521,1063.068359375
06349_healthy.jpg,healthy,True,4000,2672,1.4970059880239521,905.3662109375
06350_healthy.jpg,healthy,True,4000,2672,1.4970059880239521,1013.24609375
06351_healthy.jpg,healthy,True,4000,2672,1.4970059880239521,712.9248046875
06352_healthy.jpg,healthy,True,4000,2672,1.4970059880239521,817.8427734375
06353_healthy.jpg,healthy,True,4000,2672,1.4970059880239521,953.7158203125
06354_healthy.jpg,healthy,True,4000,2672,1.4970059880239521,929.072265625
06355_healthy.jpg,healthy,True,4000,2672,1.4970059880239521,1160.384765625
06356_healthy.jpg,healthy,True,4000,2672,1.4970059880239521,1042.27734375
06357_healthy.jpg,healthy,True,4000,2672,1.4970059880239521,631.865234375
06358_healthy.jpg,healthy,True,4000,2672,1.4970059880239521,950.982421875
06359_healthy.jpg,healthy,True,4000,2672,1.4970059880239521,845.2880859375
06360_healthy.jpg,healthy,True,4000,2672,1.4970059880239521,771.4384765625
06361_healthy.jpg,healthy,True,4000,2672,1.4970059880239521,961.560546875
06362_healthy.jpg,healthy,True,4000,2672,1.4970059880239521,1036.38671875
06363_healthy.jpg,healthy,True,4000,2672,1.4970059880239521,780.5966796875
06364_healthy.jpg,healthy,True,4000,2672,1.4970059880239521,652.15625
06365_healthy.jpg,healthy,True,4000,2672,1.4970059880239521,952.560546875
06366_healthy.jpg,healthy,True,4000,2672,1.4970059880239521,703.9873046875
06367_healthy.jpg,healthy,True,4000,2672,1.4970059880239521,761.58984375
06368_healthy.jpg,healthy,True,4000,2672,1.4970059880239521,894.3701171875
06369_healthy.jpg,healthy,True,4000,2672,1.4970059880239521,590.705078125
06370_healthy.jpg,healthy,True,4000,2672,1.4970059880239521,771.3388671875
06371_healthy.jpg,healthy,True,4000,2672,1.4970059880239521,877.3017578125
06372_healthy.jpg,healthy,True,4000,2672,1.4970059880239521,876.2578125
06373_healthy.jpg,healthy,True,4000,3000,1.3333333333333333,1163.9423828125
06374_healthy.jpg,healthy,True,4000,2672,1.4970059880239521,671.7998046875
06375_healthy.jpg,healthy,True,4000,2672,1.4970059880239521,685.2822265625
06376_healthy.jpg,healthy,True,4000,2672,1.4970059880239521,797.5341796875
06377_healthy.jpg,healthy,True,4000,2672,1.4970059880239521,940.77734375
06378_healthy.jpg,healthy,True,4000,2672,1.4970059880239521,700.3359375
06379_healthy.jpg,healthy,True,4000,2672,1.4970059880239521,792.4599609375
06380_healthy.jpg,healthy,True,4000,2672,1.4970059880239521,961.1181640625
06381_healthy.jpg,healthy,True,4000,2672,1.4970059880239521,831.6201171875
06382_healthy.jpg,healthy,True,4000,2672,1.4970059880239521,997.4013671875
06383_healthy.jpg,healthy,True,4000,2672,1.4970059880239521,803.1650390625
06384_healthy.jpg,healthy,True,4000,2672,1.4970059880239521,764.37109375
06385_healthy.jpg,healthy,True,4000,3000,1.3333333333333333,1111.09765625
06386_healthy.jpg,healthy,True,4000,2672,1.4970059880239521,707.4560546875
06387_healthy.jpg,healthy,True,4000,2672,1.4970059880239521,787.7294921875
06388_healthy.jpg,healthy,True,4000,2672,1.4970059880239521,739.837890625
06389_healthy.jpg,healthy,True,4000,2672,1.4970059880239521,705.3818359375
06390_healthy.jpg,healthy,True,4000,2672,1.4970059880239521,877.0830078125
06391_healthy.jpg,healthy,True,4000,2672,1.4970059880239521,1059.4501953125
06392_healthy.jpg,healthy,True,4000,2672,1.4970059880239521,793.3876953125
06393_healthy.jpg,healthy,True,4000,2672,1.4970059880239521,841.3076171875
06394_healthy.jpg,healthy,True,4000,2672,1.4970059880239521,1003.7685546875
06395_healthy.jpg,healthy,True,4000,2672,1.4970059880239521,891.0234375
06396_healthy.jpg,healthy,True,4000,2672,1.4970059880239521,762.1787109375
06397_healthy.jpg,healthy,True,4000,2672,1.4970059880239521,809.833984375
06398_healthy.jpg,healthy,True,4000,2672,1.4970059880239521,1098.857421875
06399_healthy.jpg,healthy,True,4000,2672,1.4970059880239521,871.263671875
06400_healthy.jpg,healthy,True,4000,2672,1.4970059880239521,677.82421875
06401_healthy.jpg,healthy,True,4000,2672,1.4970059880239521,630.1787109375
06402_healthy.jpg,healthy,True,4000,2672,1.4970059880239521,687.697265625
06403_healthy.jpg,healthy,True,4000,2672,1.4970059880239521,767.8046875
06404_healthy.jpg,healthy,True,4000,2672,1.4970059880239521,766.7001953125
06405_healthy.jpg,healthy,True,4000,2672,1.4970059880239521,812.29296875
06406_healthy.jpg,healthy,True,4000,2672,1.4970059880239521,757.5078125
06407_healthy.jpg,healthy,True,4000,2672,1.4970059880239521,776.2197265625
06408_healthy.jpg,healthy,True,4000,2672,1.4970059880239521,784.287109375
06409_healthy.jpg,healthy,True,4000,2672,1.4970059880239521,1007.4111328125
06410_healthy.jpg,healthy,True,4000,2672,1.4970059880239521,808.65625
06411_healthy.jpg,healthy,True,4000,2672,1.4970059880239521,887.3505859375
06412_healthy.jpg,healthy,True,4000,2672,1.4970059880239521,757.2724609375
06413_healthy.jpg,healthy,True,4000,2672,1.4970059880239521,1108.15234375
06414_healthy.jpg,healthy,True,4000,2672,1.4970059880239521,842.9296875
06415_healthy.jpg,healthy,True,4000,2672,1.4970059880239521,690.046875
06416_healthy.jpg,healthy,True,4000,2672,1.4970059880239521,869.61328125
06417_healthy.jpg,healthy,True,4000,2672,1.4970059880239521,896.5673828125
06418_healthy.jpg,healthy,True,4000,2672,1.4970059880239521,1089.16796875
06419_healthy.jpg,healthy,True,4000,2672,1.4970059880239521,780.3759765625
06420_healthy.jpg,healthy,True,4000,2672,1.4970059880239521,1120.93359375
06421_healthy.jpg,healthy,True,4000,2672,1.4970059880239521,879.8017578125
06422_healthy.jpg,healthy,True,4000,2672,1.4970059880239521,954.3837890625
06423_healthy.jpg,healthy,True,4000,2672,1.4970059880239521,791.8896484375
06424_healthy.jpg,healthy,True,4000,2672,1.4970059880239521,707.966796875
06425_healthy.jpg,healthy,True,4000,2672,1.4970059880239521,996.6064453125
06426_healthy.jpg,healthy,True,4000,2672,1.4970059880239521,903.587890625
06427_healthy.jpg,healthy,True,4000,2672,1.4970059880239521,990.828125
06428_healthy.jpg,healthy,True,4000,2672,1.4970059880239521,724.9013671875
06429_healthy.jpg,healthy,True,4000,2672,1.4970059880239521,608.6513671875
06430_healthy.jpg,healthy,True,4000,2672,1.4970059880239521,1003.033203125
06431_healthy.jpg,healthy,True,4000,2672,1.4970059880239521,1004.3984375
06432_healthy.jpg,healthy,True,4000,2672,1.4970059880239521,753.96484375
06433_healthy.jpg,healthy,True,4000,2672,1.4970059880239521,926.5771484375
06434_healthy.jpg,healthy,True,4000,2672,1.4970059880239521,681.2646484375
06435_healthy.jpg,healthy,True,4000,2672,1.4970059880239521,782.0869140625
06436_healthy.jpg,healthy,True,4000,2672,1.4970059880239521,611.3779296875
06437_healthy.jpg,healthy,True,4000,2672,1.4970059880239521,1006.5947265625
06438_healthy.jpg,healthy,True,4000,2672,1.4970059880239521,850.884765625
06439_healthy.jpg,healthy,True,4000,2672,1.4970059880239521,934.052734375
06440_healthy.jpg,healthy,True,4000,2672,1.4970059880239521,770.7578125
06441_healthy.jpg,healthy,True,4000,2672,1.4970059880239521,677.638671875
06442_healthy.jpg,healthy,True,4000,2672,1.4970059880239521,852.533203125
06443_healthy.jpg,healthy,True,4000,2672,1.4970059880239521,631.6748046875
06444_healthy.jpg,healthy,True,4000,2672,1.4970059880239521,776.7998046875
06445_healthy.jpg,healthy,True,4000,2672,1.4970059880239521,738.263671875
06446_healthy.jpg,healthy,True,4000,2672,1.4970059880239521,912.615234375
06447_healthy.jpg,healthy,True,4000,2672,1.4970059880239521,776.3076171875
06448_healthy.jpg,healthy,True,4000,2672,1.4970059880239521,730.10546875
06449_healthy.jpg,healthy,True,4000,2672,1.4970059880239521,818.13671875
06450_healthy.jpg,healthy,True,4000,2672,1.4970059880239521,1024.7353515625
06451_healthy.jpg,healthy,True,4000,2672,1.4970059880239521,773.03125
06452_healthy.jpg,healthy,True,4000,2672,1.4970059880239521,819.3837890625
06453_healthy.jpg,healthy,True,4000,2672,1.4970059880239521,1017.322265625
06454_healthy.jpg,healthy,True,4000,2672,1.4970059880239521,700.78515625
06455_healthy.jpg,healthy,True,4000,2672,1.4970059880239521,993.6943359375
06456_healthy.jpg,healthy,True,4000,2672,1.4970059880239521,637.6806640625
06457_healthy.jpg,healthy,True,4000,2672,1.4970059880239521,999.2255859375
06458_healthy.jpg,healthy,True,4000,2672,1.4970059880239521,742.1875
06459_healthy.jpg,healthy,True,4000,2672,1.4970059880239521,598.955078125
06460_healthy.jpg,healthy,True,4000,2672,1.4970059880239521,785.8310546875
06461_healthy.jpg,healthy,True,4000,2672,1.4970059880239521,1116.89453125
06462_healthy.jpg,healthy,True,4000,2672,1.4970059880239521,965.1767578125
06463_healthy.jpg,healthy,True,4000,2672,1.4970059880239521,927.4814453125
06464_healthy.jpg,healthy,True,4000,2672,1.4970059880239521,763.7548828125
06465_healthy.jpg,healthy,True,4000,2672,1.4970059880239521,896.9970703125
06466_healthy.jpg,healthy,True,4000,2672,1.4970059880239521,994.3046875
06467_healthy.jpg,healthy,True,4000,2672,1.4970059880239521,853.986328125
06468_healthy.jpg,healthy,True,4000,2672,1.4970059880239521,752.6826171875
06469_healthy.jpg,healthy,True,4000,2672,1.4970059880239521,559.4462890625
06470_healthy.jpg,healthy,True,4000,2672,1.4970059880239521,762.1396484375
06471_healthy.jpg,healthy,True,4000,2672,1.4970059880239521,768.0703125
06472_healthy.jpg,healthy,True,4000,2672,1.4970059880239521,1004.416015625
06473_healthy.jpg,healthy,True,4000,2672,1.4970059880239521,769.57421875
06474_healthy.jpg,healthy,True,4000,2672,1.4970059880239521,724.5927734375
06475_healthy.jpg,healthy,True,4000,2672,1.4970059880239521,947.3798828125
06476_healthy.jpg,healthy,True,4000,2672,1.4970059880239521,580.72265625
06477_healthy.jpg,healthy,True,4000,2672,1.4970059880239521,975.4306640625
06478_healthy.jpg,healthy,True,4000,3000,1.3333333333333333,1081.0986328125
06479_healthy.jpg,healthy,True,4000,2672,1.4970059880239521,897.0380859375
06480_healthy.jpg,healthy,True,4000,2672,1.4970059880239521,657.3408203125
06481_healthy.jpg,healthy,True,4000,2672,1.4970059880239521,867.92578125
06482_healthy.jpg,healthy,True,4000,2672,1.4970059880239521,818.458984375
06483_healthy.jpg,healthy,True,4000,2672,1.4970059880239521,779.7255859375
06484_healthy.jpg,healthy,True,4000,2672,1.4970059880239521,967.748046875
06485_healthy.jpg,healthy,True,4000,2672,1.4970059880239521,902.7666015625
06486_healthy.jpg,healthy,True,4000,2672,1.4970059880239521,963.193359375
06487_healthy.jpg,healthy,True,4000,2672,1.4970059880239521,924.3125
06488_healthy.jpg,healthy,True,4000,2672,1.4970059880239521,1002.07421875
06489_healthy.jpg,healthy,True,4000,2672,1.4970059880239521,1086.0
06490_healthy.jpg,healthy,True,4000,2672,1.4970059880239521,1057.06640625
06491_healthy.jpg,healthy,True,4000,2672,1.4970059880239521,592.5927734375
06492_healthy.jpg,healthy,True,4000,2672,1.4970059880239521,727.3984375
06493_healthy.jpg,healthy,True,4000,2672,1.4970059880239521,746.0341796875
06494_healthy.jpg,healthy,True,4000,2672,1.4970059880239521,900.78125
06495_healthy.jpg,healthy,True,4000,2672,1.4970059880239521,760.73828125
06496_healthy.jpg,healthy,True,4000,2672,1.4970059880239521,781.42578125
06497_healthy.jpg,healthy,True,4000,2672,1.4970059880239521,947.66015625
06498_healthy.jpg,healthy,True,4000,2672,1.4970059880239521,826.861328125
06499_healthy.jpg,healthy,True,4000,2672,1.4970059880239521,897.06640625
06500_healthy.jpg,healthy,True,4000,2672,1.4970059880239521,887.0751953125
06501_healthy.jpg,healthy,True,4000,2672,1.4970059880239521,1097.51953125
06502_healthy.jpg,healthy,True,4000,2672,1.4970059880239521,698.984375
06503_healthy.jpg,healthy,True,4000,2672,1.4970059880239521,772.7568359375
06504_healthy.jpg,healthy,True,4000,2672,1.4970059880239521,842.8935546875
06505_healthy.jpg,healthy,True,4000,2672,1.4970059880239521,906.798828125
06506_healthy.jpg,healthy,True,4000,2672,1.4970059880239521,827.5068359375
06507_healthy.jpg,healthy,True,4000,2672,1.4970059880239521,977.13671875
06508_healthy.jpg,healthy,True,4000,2672,1.4970059880239521,818.87109375
06509_healthy.jpg,healthy,True,4000,2672,1.4970059880239521,762.2470703125
06510_healthy.jpg,healthy,True,4000,2672,1.4970059880239521,1137.4033203125
06511_healthy.jpg,healthy,True,4000,2672,1.4970059880239521,1078.271484375
06512_healthy.jpg,healthy,True,4000,2672,1.4970059880239521,757.802734375
06513_healthy.jpg,healthy,True,4000,2672,1.4970059880239521,961.0107421875
06514_healthy.jpg,healthy,True,4000,2672,1.4970059880239521,771.560546875
06515_healthy.jpg,healthy,True,4000,2672,1.4970059880239521,650.841796875
06516_healthy.jpg,healthy,True,4000,2672,1.4970059880239521,1012.1162109375
06517_healthy.jpg,healthy,True,4000,2672,1.4970059880239521,900.7646484375
06518_healthy.jpg,healthy,True,4000,2672,1.4970059880239521,932.0263671875
06519_healthy.jpg,healthy,True,4000,2672,1.4970059880239521,783.2734375
06520_healthy.jpg,healthy,True,4000,2672,1.4970059880239521,1084.5517578125
06521_healthy.jpg,healthy,True,4000,2672,1.4970059880239521,709.52734375
06522_healthy.jpg,healthy,True,4000,2672,1.4970059880239521,1011.6708984375
06523_healthy.jpg,healthy,True,4000,2672,1.4970059880239521,1050.017578125
06524_healthy.jpg,healthy,True,4000,2672,1.4970059880239521,868.3564453125
06525_healthy.jpg,healthy,True,4000,2672,1.4970059880239521,827.689453125
06526_healthy.jpg,healthy,True,4000,2672,1.4970059880239521,592.7548828125
06527_healthy.jpg,healthy,True,4000,2672,1.4970059880239521,940.50390625
06528_healthy.jpg,healthy,True,4000,2672,1.4970059880239521,702.3955078125
06529_healthy.jpg,healthy,True,4000,2672,1.4970059880239521,796.0224609375
06530_healthy.jpg,healthy,True,4000,2672,1.4970059880239521,690.7529296875
06531_healthy.jpg,healthy,True,4000,2672,1.4970059880239521,791.4033203125
06532_healthy.jpg,healthy,True,4000,2672,1.4970059880239521,929.685546875
06533_healthy.jpg,healthy,True,4000,2672,1.4970059880239521,866.5205078125
06534_healthy.jpg,healthy,True,4000,2672,1.4970059880239521,811.404296875
06535_healthy.jpg,healthy,True,4000,2672,1.4970059880239521,1131.8720703125
06536_healthy.jpg,healthy,True,4000,2672,1.4970059880239521,798.64453125
06537_healthy.jpg,healthy,True,4000,2672,1.4970059880239521,954.01953125
06538_healthy.jpg,healthy,True,4000,2672,1.4970059880239521,1059.6298828125
06539_healthy.jpg,healthy,True,4000,2672,1.4970059880239521,674.201171875
06540_healthy.jpg,healthy,True,4000,2672,1.4970059880239521,794.8388671875
06541_healthy.jpg,healthy,True,4000,2672,1.4970059880239521,1016.2099609375
06542_healthy.jpg,healthy,True,4000,2672,1.4970059880239521,654.0556640625
06543_healthy.jpg,healthy,True,4000,2672,1.4970059880239521,970.1513671875
06544_healthy.jpg,healthy,True,4000,2672,1.4970059880239521,836.1220703125
06545_healthy.jpg,healthy,True,4000,2672,1.4970059880239521,980.07421875
06546_healthy.jpg,healthy,True,4000,2672,1.4970059880239521,831.2197265625
06547_healthy.jpg,healthy,True,4000,2672,1.4970059880239521,957.7255859375
06548_healthy.jpg,healthy,True,4000,2672,1.4970059880239521,1118.7119140625
06549_healthy.jpg,healthy,True,4000,2672,1.4970059880239521,882.365234375
06550_healthy.jpg,healthy,True,4000,2672,1.4970059880239521,710.037109375
06551_healthy.jpg,healthy,True,4000,3000,1.3333333333333333,991.34375
06552_healthy.jpg,healthy,True,4000,2672,1.4970059880239521,724.47265625
06553_healthy.jpg,healthy,True,4000,2672,1.4970059880239521,970.494140625
06554_healthy.jpg,healthy,True,4000,2672,1.4970059880239521,796.05859375
06555_healthy.jpg,healthy,True,4000,2672,1.4970059880239521,853.61328125
06556_healthy.jpg,healthy,True,4000,2672,1.4970059880239521,530.484375
06557_healthy.jpg,healthy,True,4000,2672,1.4970059880239521,635.79296875
06558_healthy.jpg,healthy,True,4000,2672,1.4970059880239521,682.181640625
06559_healthy.jpg,healthy,True,4000,2672,1.4970059880239521,758.4990234375
06560_healthy.jpg,healthy,True,4000,2672,1.4970059880239521,775.26953125
06561_healthy.jpg,healthy,True,4000,2672,1.4970059880239521,820.59375
06562_healthy.jpg,healthy,True,4000,2672,1.4970059880239521,968.9384765625
06563_healthy.jpg,healthy,True,4000,2672,1.4970059880239521,521.84375
06564_healthy.jpg,healthy,True,4000,2672,1.4970059880239521,870.5830078125
06565_healthy.jpg,healthy,True,4000,2672,1.4970059880239521,721.365234375
06566_healthy.jpg,healthy,True,4000,2672,1.4970059880239521,737.845703125
06567_healthy.jpg,healthy,True,4000,2672,1.4970059880239521,1077.8779296875
06568_healthy.jpg,healthy,True,4000,2672,1.4970059880239521,788.08203125
06569_healthy.jpg,healthy,True,4000,2672,1.4970059880239521,682.408203125
06570_healthy.jpg,healthy,True,4000,2672,1.4970059880239521,638.68359375
06571_healthy.jpg,healthy,True,4000,2672,1.4970059880239521,562.568359375
06572_healthy.jpg,healthy,True,4000,2672,1.4970059880239521,850.3564453125
06573_healthy.jpg,healthy,True,4000,2672,1.4970059880239521,1056.478515625
06574_healthy.jpg,healthy,True,4000,2672,1.4970059880239521,1008.1552734375
06575_healthy.jpg,healthy,True,4000,2672,1.4970059880239521,1011.64453125
06576_healthy.jpg,healthy,True,4000,2672,1.4970059880239521,788.5869140625
06577_healthy.jpg,healthy,True,4000,2672,1.4970059880239521,853.73828125
06578_healthy.jpg,healthy,True,4000,2672,1.4970059880239521,860.529296875
06579_healthy.jpg,healthy,True,4000,2672,1.4970059880239521,1025.111328125
06580_healthy.jpg,healthy,True,4000,2672,1.4970059880239521,1054.8408203125
06581_healthy.jpg,healthy,True,4000,2672,1.4970059880239521,861.69140625
06582_healthy.jpg,healthy,True,4000,2672,1.4970059880239521,1076.419921875
06583_healthy.jpg,healthy,True,4000,2672,1.4970059880239521,643.9072265625
06584_healthy.jpg,healthy,True,4000,2672,1.4970059880239521,1069.412109375
06585_healthy.jpg,healthy,True,4000,2672,1.4970059880239521,755.0859375
06586_healthy.jpg,healthy,True,4000,3000,1.3333333333333333,1060.2001953125
06587_healthy.jpg,healthy,True,4000,2672,1.4970059880239521,779.8681640625
06588_healthy.jpg,healthy,True,4000,2672,1.4970059880239521,709.7412109375
06589_healthy.jpg,healthy,True,4000,2672,1.4970059880239521,798.7392578125
06590_healthy.jpg,healthy,True,4000,2672,1.4970059880239521,999.974609375
06591_healthy.jpg,healthy,True,4000,2672,1.4970059880239521,1099.7666015625
06592_healthy.jpg,healthy,True,4000,2672,1.4970059880239521,1082.3603515625
06593_healthy.jpg,healthy,True,4000,2672,1.4970059880239521,964.3115234375
06594_healthy.jpg,healthy,True,4000,2672,1.4970059880239521,931.1298828125
06595_healthy.jpg,healthy,True,4000,2672,1.4970059880239521,928.33984375
06596_healthy.jpg,healthy,True,4000,2672,1.4970059880239521,1041.880859375
06597_healthy.jpg,healthy,True,4000,2672,1.4970059880239521,816.478515625
06598_healthy.jpg,healthy,True,4000,2672,1.4970059880239521,892.611328125
06599_healthy.jpg,healthy,True,4000,2672,1.4970059880239521,1039.880859375
06600_healthy.jpg,healthy,True,4000,2672,1.4970059880239521,739.009765625
06601_healthy.jpg,healthy,True,4000,2672,1.4970059880239521,790.619140625
06602_healthy.jpg,healthy,True,4000,2672,1.4970059880239521,924.3896484375
06603_healthy.jpg,healthy,True,4000,2672,1.4970059880239521,934.3642578125
06604_healthy.jpg,healthy,True,4000,2672,1.4970059880239521,775.400390625
06605_healthy.jpg,healthy,True,4000,2672,1.4970059880239521,1086.7490234375
06606_healthy.jpg,healthy,True,4000,2672,1.4970059880239521,970.146484375
06607_healthy.jpg,healthy,True,4000,2672,1.4970059880239521,864.359375
06608_healthy.jpg,healthy,True,4000,3000,1.3333333333333333,1052.9345703125
06609_healthy.jpg,healthy,True,4000,2672,1.4970059880239521,910.2705078125
06610_healthy.jpg,healthy,True,4000,3000,1.3333333333333333,1015.2626953125
06611_healthy.jpg,healthy,True,4000,3000,1.3333333333333333,1005.8271484375
06612_healthy.jpg,healthy,True,4000,2672,1.4970059880239521,678.0966796875
06613_healthy.jpg,healthy,True,4000,2672,1.4970059880239521,1003.5595703125
06614_healthy.jpg,healthy,True,4000,2672,1.4970059880239521,1029.46484375
06615_healthy.jpg,healthy,True,4000,2672,1.4970059880239521,790.73046875
06616_healthy.jpg,healthy,True,4000,2672,1.4970059880239521,770.0712890625
06617_healthy.jpg,healthy,True,4000,2672,1.4970059880239521,684.671875
06618_healthy.jpg,healthy,True,4000,2672,1.4970059880239521,900.5947265625
06619_healthy.jpg,healthy,True,4000,2672,1.4970059880239521,1027.619140625
06620_healthy.jpg,healthy,True,4000,2672,1.4970059880239521,1097.6298828125
06621_healthy.jpg,healthy,True,4000,2672,1.4970059880239521,764.0263671875
06622_healthy.jpg,healthy,True,4000,2672,1.4970059880239521,807.388671875
06623_healthy.jpg,healthy,True,4000,3000,1.3333333333333333,916.3125
06624_healthy.jpg,healthy,True,4000,2672,1.4970059880239521,1076.9560546875
06625_healthy.jpg,healthy,True,4000,2672,1.4970059880239521,1134.7392578125
06626_healthy.jpg,healthy,True,4000,2672,1.4970059880239521,964.17578125
06627_healthy.jpg,healthy,True,4000,3000,1.3333333333333333,1005.76171875
06628_healthy.jpg,healthy,True,4000,2672,1.4970059880239521,780.677734375
06629_healthy.jpg,healthy,True,4000,2672,1.4970059880239521,888.873046875
06630_healthy.jpg,healthy,True,4000,2672,1.4970059880239521,1022.779296875
06631_healthy.jpg,healthy,True,4000,3000,1.3333333333333333,1051.0703125
06632_healthy.jpg,healthy,True,4000,2672,1.4970059880239521,956.9814453125
06633_healthy.jpg,healthy,True,4000,2672,1.4970059880239521,780.6015625
06634_healthy.jpg,healthy,True,4000,2672,1.4970059880239521,707.794921875
06635_healthy.jpg,healthy,True,4000,2672,1.4970059880239521,1036.908203125
06636_healthy.jpg,healthy,True,4000,2672,1.4970059880239521,1036.0576171875
06637_healthy.jpg,healthy,True,4000,2672,1.4970059880239521,745.376953125
06638_healthy.jpg,healthy,True,4000,2672,1.4970059880239521,1215.251953125
06639_healthy.jpg,healthy,True,4000,2672,1.4970059880239521,767.484375
06640_healthy.jpg,healthy,True,4000,2672,1.4970059880239521,916.509765625
06641_healthy.jpg,healthy,True,4000,3000,1.3333333333333333,956.5986328125
06642_healthy.jpg,healthy,True,4000,3000,1.3333333333333333,1079.4931640625
06643_healthy.jpg,healthy,True,4000,2672,1.4970059880239521,970.953125
06644_healthy.jpg,healthy,True,4000,2672,1.4970059880239521,928.802734375
06645_healthy.jpg,healthy,True,4000,2672,1.4970059880239521,942.6982421875
06646_healthy.jpg,healthy,True,4000,2672,1.4970059880239521,924.255859375
06647_healthy.jpg,healthy,True,4000,2672,1.4970059880239521,1180.798828125
06648_healthy.jpg,healthy,True,4000,2672,1.4970059880239521,1106.2392578125
06649_healthy.jpg,healthy,True,4000,2672,1.4970059880239521,817.451171875
06650_healthy.jpg,healthy,True,4000,2672,1.4970059880239521,941.5615234375
06651_healthy.jpg,healthy,True,4000,2672,1.4970059880239521,854.1015625
06652_healthy.jpg,healthy,True,4000,2672,1.4970059880239521,920.8525390625
06653_healthy.jpg,healthy,True,4000,2672,1.4970059880239521,659.501953125
06654_healthy.jpg,healthy,True,4000,2672,1.4970059880239521,849.388671875
06655_healthy.jpg,healthy,True,4000,2672,1.4970059880239521,1083.90625
06656_healthy.jpg,healthy,True,4000,3000,1.3333333333333333,971.6376953125
06657_healthy.jpg,healthy,True,4000,2672,1.4970059880239521,927.09765625
06658_healthy.jpg,healthy,True,4000,2672,1.4970059880239521,998.2744140625
06659_healthy.jpg,healthy,True,4000,3000,1.3333333333333333,869.783203125
06660_healthy.jpg,healthy,True,4000,2672,1.4970059880239521,931.75390625
06661_healthy.jpg,healthy,True,4000,2672,1.4970059880239521,896.8955078125
06662_healthy.jpg,healthy,True,4000,3000,1.3333333333333333,1080.02734375
06663_healthy.jpg,healthy,True,4000,3000,1.3333333333333333,839.2333984375
06664_healthy.jpg,healthy,True,4000,2672,1.4970059880239521,951.181640625
06665_healthy.jpg,healthy,True,4000,2672,1.4970059880239521,712.0859375
06666_healthy.jpg,healthy,True,4000,2672,1.4970059880239521,849.5283203125
06667_healthy.jpg,healthy,True,4000,2672,1.4970059880239521,1244.11328125
06668_healthy.jpg,healthy,True,4000,3000,1.3333333333333333,861.318359375
06669_healthy.jpg,healthy,True,4000,2672,1.4970059880239521,918.7099609375
06670_healthy.jpg,healthy,True,4000,2672,1.4970059880239521,802.1357421875
06671_healthy.jpg,healthy,True,4000,3000,1.3333333333333333,1293.357421875
06672_healthy.jpg,healthy,True,4000,2672,1.4970059880239521,779.9248046875
06673_healthy.jpg,healthy,True,4000,3000,1.3333333333333333,922.3759765625
06674_healthy.jpg,healthy,True,4000,2672,1.4970059880239521,941.36328125
06675_healthy.jpg,healthy,True,4000,3000,1.3333333333333333,1138.9462890625
06676_healthy.jpg,healthy,True,4000,2672,1.4970059880239521,1106.5634765625
06677_healthy.jpg,healthy,True,4000,2672,1.4970059880239521,906.341796875
06678_healthy.jpg,healthy,True,4000,2672,1.4970059880239521,1120.423828125
06679_healthy.jpg,healthy,True,4000,2672,1.4970059880239521,1086.541015625
06680_healthy.jpg,healthy,True,4000,2672,1.4970059880239521,802.173828125
06681_healthy.jpg,healthy,True,4000,2672,1.4970059880239521,853.443359375
06682_healthy.jpg,healthy,True,4000,2672,1.4970059880239521,742.39453125
06683_healthy.jpg,healthy,True,4000,3000,1.3333333333333333,988.072265625
06684_healthy.jpg,healthy,True,4000,3000,1.3333333333333333,1053.1005859375
06685_healthy.jpg,healthy,True,4000,2672,1.4970059880239521,941.12890625
06686_healthy.jpg,healthy,True,4000,2672,1.4970059880239521,756.33984375
06687_healthy.jpg,healthy,True,4000,2672,1.4970059880239521,1039.01171875
06688_healthy.jpg,healthy,True,4000,2672,1.4970059880239521,978.8544921875
06689_healthy.jpg,healthy,True,4000,2672,1.4970059880239521,975.826171875
06690_healthy.jpg,healthy,True,4000,2672,1.4970059880239521,703.162109375
06691_healthy.jpg,healthy,True,4000,3000,1.3333333333333333,1022.568359375
06692_healthy.jpg,healthy,True,4000,3000,1.3333333333333333,1122.8310546875
06693_healthy.jpg,healthy,True,4000,2672,1.4970059880239521,972.826171875
06694_healthy.jpg,healthy,True,4000,2672,1.4970059880239521,1139.4765625
06695_healthy.jpg,healthy,True,4000,3000,1.3333333333333333,1025.5234375
06696_healthy.jpg,healthy,True,4000,2672,1.4970059880239521,960.9765625
06697_healthy.jpg,healthy,True,4000,2672,1.4970059880239521,1170.3095703125
06698_healthy.jpg,healthy,True,4000,3000,1.3333333333333333,1122.3671875
06699_healthy.jpg,healthy,True,4000,2672,1.4970059880239521,1001.9921875
06700_healthy.jpg,healthy,True,4000,2672,1.4970059880239521,977.591796875
06701_healthy.jpg,healthy,True,4000,2672,1.4970059880239521,746.052734375
06702_healthy.jpg,healthy,True,4000,2672,1.4970059880239521,616.6982421875
06703_healthy.jpg,healthy,True,4000,2672,1.4970059880239521,979.923828125
06704_healthy.jpg,healthy,True,4000,2672,1.4970059880239521,1130.140625
06705_healthy.jpg,healthy,True,4000,2672,1.4970059880239521,890.216796875
06706_healthy.jpg,healthy,True,4000,3000,1.3333333333333333,936.0634765625
06707_healthy.jpg,healthy,True,4000,3000,1.3333333333333333,1061.49609375
06708_healthy.jpg,healthy,True,4000,2672,1.4970059880239521,817.0400390625
06709_healthy.jpg,healthy,True,4000,2672,1.4970059880239521,1027.080078125
06710_healthy.jpg,healthy,True,4000,3000,1.3333333333333333,1093.41796875
06711_healthy.jpg,healthy,True,4000,2672,1.4970059880239521,604.755859375
06712_healthy.jpg,healthy,True,4000,3000,1.3333333333333333,1047.873046875
06713_healthy.jpg,healthy,True,4000,2672,1.4970059880239521,613.3310546875
06714_healthy.jpg,healthy,True,4000,2672,1.4970059880239521,968.2314453125
06715_healthy.jpg,healthy,True,4000,3000,1.3333333333333333,974.5546875
06716_healthy.jpg,healthy,True,4000,2672,1.4970059880239521,858.1123046875
06717_healthy.jpg,healthy,True,4000,2672,1.4970059880239521,781.19140625
06718_healthy.jpg,healthy,True,4000,2672,1.4970059880239521,765.8671875
06719_healthy.jpg,healthy,True,4000,2672,1.4970059880239521,1101.1572265625
06720_healthy.jpg,healthy,True,4000,2672,1.4970059880239521,1006.2177734375
06721_healthy.jpg,healthy,True,4000,2672,1.4970059880239521,935.8251953125
06722_healthy.jpg,healthy,True,4000,2672,1.4970059880239521,895.9921875
06723_healthy.jpg,healthy,True,4000,2672,1.4970059880239521,717.095703125
06724_healthy.jpg,healthy,True,4000,2672,1.4970059880239521,718.0244140625
06725_healthy.jpg,healthy,True,4000,3000,1.3333333333333333,959.482421875
06726_healthy.jpg,healthy,True,4000,2672,1.4970059880239521,1002.0908203125
06727_healthy.jpg,healthy,True,4000,2672,1.4970059880239521,1103.0869140625
06728_healthy.jpg,healthy,True,4000,2672,1.4970059880239521,770.43359375
06729_healthy.jpg,healthy,True,4000,2672,1.4970059880239521,951.779296875
06730_healthy.jpg,healthy,True,4000,2672,1.4970059880239521,999.158203125
06731_healthy.jpg,healthy,True,4000,3000,1.3333333333333333,951.3173828125
06732_healthy.jpg,healthy,True,4000,2672,1.4970059880239521,898.4423828125
06733_healthy.jpg,healthy,True,4000,2672,1.4970059880239521,971.6669921875
06734_healthy.jpg,healthy,True,4000,2672,1.4970059880239521,958.6064453125
06735_healthy.jpg,healthy,True,4000,2672,1.4970059880239521,865.3359375
06736_healthy.jpg,healthy,True,4000,2672,1.4970059880239521,781.541015625
06737_healthy.jpg,healthy,True,4000,2672,1.4970059880239521,1034.73828125
06738_healthy.jpg,healthy,True,4000,2672,1.4970059880239521,1156.08984375
06739_healthy.jpg,healthy,True,4000,2672,1.4970059880239521,1010.9423828125
06740_healthy.jpg,healthy,True,4000,2672,1.4970059880239521,797.9638671875
06741_healthy.jpg,healthy,True,4000,2672,1.4970059880239521,819.083984375
06742_healthy.jpg,healthy,True,4000,2672,1.4970059880239521,1025.3037109375
06743_healthy.jpg,healthy,True,4000,2672,1.4970059880239521,1081.5078125
06744_healthy.jpg,healthy,True,4000,2672,1.4970059880239521,975.431640625
06745_healthy.jpg,healthy,True,4000,2672,1.4970059880239521,1018.7197265625
06746_healthy.jpg,healthy,True,4000,2672,1.4970059880239521,833.9658203125
06747_healthy.jpg,healthy,True,4000,2672,1.4970059880239521,716.029296875
06748_healthy.jpg,healthy,True,4000,2672,1.4970059880239521,980.390625
06749_healthy.jpg,healthy,True,4000,2672,1.4970059880239521,1029.8037109375
06750_healthy.jpg,healthy,True,4000,2672,1.4970059880239521,987.0810546875
06751_healthy.jpg,healthy,True,4000,2672,1.4970059880239521,809.232421875
06752_healthy.jpg,healthy,True,4000,2672,1.4970059880239521,960.7158203125
06753_healthy.jpg,healthy,True,4000,2672,1.4970059880239521,941.5029296875
06754_healthy.jpg,healthy,True,4000,3000,1.3333333333333333,1125.0458984375
06755_healthy.jpg,healthy,True,4000,2672,1.4970059880239521,636.6181640625
06756_healthy.jpg,healthy,True,4000,2672,1.4970059880239521,904.701171875
06757_healthy.jpg,healthy,True,4000,2672,1.4970059880239521,932.56640625
06758_healthy.jpg,healthy,True,4000,2672,1.4970059880239521,1060.1611328125
06759_healthy.jpg,healthy,True,4000,2672,1.4970059880239521,893.0048828125
06760_healthy.jpg,healthy,True,4000,3000,1.3333333333333333,1053.6513671875
06761_healthy.jpg,healthy,True,4000,2672,1.4970059880239521,1056.6796875
06762_healthy.jpg,healthy,True,4000,2672,1.4970059880239521,1065.4892578125
06763_healthy.jpg,healthy,True,4000,2672,1.4970059880239521,1049.4794921875
06764_healthy.jpg,healthy,True,4000,2672,1.4970059880239521,877.5791015625
06765_healthy.jpg,healthy,True,4000,2672,1.4970059880239521,968.7841796875
06766_healthy.jpg,healthy,True,4000,2672,1.4970059880239521,876.748046875
06767_healthy.jpg,healthy,True,4000,2672,1.4970059880239521,747.984375
06768_healthy.jpg,healthy,True,4000,2672,1.4970059880239521,664.576171875
06769_healthy.jpg,healthy,True,4000,2672,1.4970059880239521,1067.990234375
06770_healthy.jpg,healthy,True,4000,2672,1.4970059880239521,1038.8115234375
06771_healthy.jpg,healthy,True,4000,2672,1.4970059880239521,894.412109375
06772_healthy.jpg,healthy,True,4000,2672,1.4970059880239521,929.083984375
06773_healthy.jpg,healthy,True,4000,3000,1.3333333333333333,1069.6923828125
06774_healthy.jpg,healthy,True,4000,2672,1.4970059880239521,760.7412109375
06775_healthy.jpg,healthy,True,4000,2672,1.4970059880239521,1140.0400390625
06776_healthy.jpg,healthy,True,4000,2672,1.4970059880239521,878.720703125
06777_healthy.jpg,healthy,True,4000,2672,1.4970059880239521,983.9365234375
06778_healthy.jpg,healthy,True,4000,2672,1.4970059880239521,979.1689453125
06779_healthy.jpg,healthy,True,4000,3000,1.3333333333333333,1098.9765625
06780_healthy.jpg,healthy,True,4000,2672,1.4970059880239521,925.783203125
06781_healthy.jpg,healthy,True,4000,2672,1.4970059880239521,760.4990234375
06782_healthy.jpg,healthy,True,4000,2672,1.4970059880239521,756.107421875
06783_healthy.jpg,healthy,True,4000,2672,1.4970059880239521,940.1474609375
06784_healthy.jpg,healthy,True,4000,2672,1.4970059880239521,959.2177734375
06785_healthy.jpg,healthy,True,4000,2672,1.4970059880239521,747.7373046875
06786_healthy.jpg,healthy,True,4000,2672,1.4970059880239521,1092.7255859375
06787_healthy.jpg,healthy,True,4000,2672,1.4970059880239521,1039.5283203125
06788_healthy.jpg,healthy,True,4000,2672,1.4970059880239521,863.7373046875
06789_healthy.jpg,healthy,True,4000,2672,1.4970059880239521,789.9375
06790_healthy.jpg,healthy,True,4000,2672,1.4970059880239521,1096.6943359375
06791_healthy.jpg,healthy,True,4000,2672,1.4970059880239521,677.2041015625
06792_healthy.jpg,healthy,True,4000,2672,1.4970059880239521,1085.0048828125
06793_healthy.jpg,healthy,True,4000,3000,1.3333333333333333,1053.8037109375
06794_healthy.jpg,healthy,True,4000,2672,1.4970059880239521,848.712890625
06795_healthy.jpg,healthy,True,4000,2672,1.4970059880239521,870.724609375
06796_healthy.jpg,healthy,True,4000,3000,1.3333333333333333,942.927734375
06797_healthy.jpg,healthy,True,4000,2672,1.4970059880239521,970.5458984375
06798_healthy.jpg,healthy,True,4000,2672,1.4970059880239521,642.58984375
06799_healthy.jpg,healthy,True,4000,2672,1.4970059880239521,862.9912109375
06800_healthy.jpg,healthy,True,4000,3000,1.3333333333333333,878.240234375
06801_healthy.jpg,healthy,True,4000,2672,1.4970059880239521,971.810546875
06802_healthy.jpg,healthy,True,4000,3000,1.3333333333333333,709.2490234375
06803_healthy.jpg,healthy,True,4000,2672,1.4970059880239521,752.548828125
06804_healthy.jpg,healthy,True,4000,2672,1.4970059880239521,741.23828125
06805_healthy.jpg,healthy,True,4000,2672,1.4970059880239521,800.6044921875
06806_healthy.jpg,healthy,True,4000,3000,1.3333333333333333,1071.5029296875
06807_healthy.jpg,healthy,True,4000,2672,1.4970059880239521,1057.154296875
06808_healthy.jpg,healthy,True,4000,2672,1.4970059880239521,936.994140625
06809_healthy.jpg,healthy,True,4000,2672,1.4970059880239521,958.8955078125
06810_healthy.jpg,healthy,True,4000,2672,1.4970059880239521,767.513671875
06811_healthy.jpg,healthy,True,4000,2672,1.4970059880239521,1156.470703125
06812_healthy.jpg,healthy,True,4000,2672,1.4970059880239521,945.0712890625
06813_healthy.jpg,healthy,True,4000,3000,1.3333333333333333,864.1953125
06814_healthy.jpg,healthy,True,4000,2672,1.4970059880239521,705.7861328125
06815_healthy.jpg,healthy,True,4000,2672,1.4970059880239521,893.6748046875
06816_healthy.jpg,healthy,True,4000,2672,1.4970059880239521,897.412109375
06817_healthy.jpg,healthy,True,4000,2672,1.4970059880239521,879.044921875
06818_healthy.jpg,healthy,True,4000,2672,1.4970059880239521,778.9521484375
06819_healthy.jpg,healthy,True,4000,2672,1.4970059880239521,693.0908203125
06820_healthy.jpg,healthy,True,4000,2672,1.4970059880239521,873.2548828125
06821_healthy.jpg,healthy,True,4000,2672,1.4970059880239521,1242.0185546875
06822_healthy.jpg,healthy,True,4000,2672,1.4970059880239521,1078.5009765625
06823_healthy.jpg,healthy,True,4000,2672,1.4970059880239521,747.3447265625
06824_healthy.jpg,healthy,True,4000,2672,1.4970059880239521,1189.46484375
06825_healthy.jpg,healthy,True,4000,2672,1.4970059880239521,935.47265625
06826_healthy.jpg,healthy,True,4000,2672,1.4970059880239521,1159.234375
06827_healthy.jpg,healthy,True,4000,2672,1.4970059880239521,1019.408203125
06828_healthy.jpg,healthy,True,4000,2672,1.4970059880239521,809.8125
06829_healthy.jpg,healthy,True,4000,2672,1.4970059880239521,995.7373046875
06830_healthy.jpg,healthy,True,4000,2672,1.4970059880239521,725.5439453125
06831_healthy.jpg,healthy,True,4000,2672,1.4970059880239521,924.0361328125
06832_healthy.jpg,healthy,True,4000,2672,1.4970059880239521,957.5556640625
06833_healthy.jpg,healthy,True,4000,2672,1.4970059880239521,876.1572265625
06834_healthy.jpg,healthy,True,4000,3000,1.3333333333333333,1297.7724609375
06835_healthy.jpg,healthy,True,4000,2672,1.4970059880239521,1116.89453125
06836_healthy.jpg,healthy,True,4000,2672,1.4970059880239521,947.6845703125
06837_healthy.jpg,healthy,True,4000,2672,1.4970059880239521,777.498046875
06838_healthy.jpg,healthy,True,4000,2672,1.4970059880239521,758.1923828125
06839_healthy.jpg,healthy,True,4000,2672,1.4970059880239521,1019.1943359375
06840_healthy.jpg,healthy,True,4000,2672,1.4970059880239521,939.634765625
06841_healthy.jpg,healthy,True,4000,2672,1.4970059880239521,999.71484375
06842_healthy.jpg,healthy,True,4000,2672,1.4970059880239521,875.2822265625
06843_healthy.jpg,healthy,True,4000,2672,1.4970059880239521,843.6845703125
06844_healthy.jpg,healthy,True,4000,2672,1.4970059880239521,863.0146484375
06845_healthy.jpg,healthy,True,4000,2672,1.4970059880239521,775.58203125
06846_healthy.jpg,healthy,True,4000,2672,1.4970059880239521,813.59765625
06847_healthy.jpg,healthy,True,4000,2672,1.4970059880239521,720.37890625
06848_healthy.jpg,healthy,True,4000,2672,1.4970059880239521,869.1357421875
06849_healthy.jpg,healthy,True,4000,2672,1.4970059880239521,1022.6787109375
06850_healthy.jpg,healthy,True,4000,2672,1.4970059880239521,798.587890625
06851_healthy.jpg,healthy,True,4000,2672,1.4970059880239521,1271.9580078125
06852_healthy.jpg,healthy,True,4000,2672,1.4970059880239521,992.625
06853_healthy.jpg,healthy,True,4000,2672,1.4970059880239521,1026.5595703125
06854_healthy.jpg,healthy,True,4000,2672,1.4970059880239521,774.57421875
06855_healthy.jpg,healthy,True,4000,2672,1.4970059880239521,1076.0244140625
06856_healthy.jpg,healthy,True,4000,2672,1.4970059880239521,857.0302734375
06857_healthy.jpg,healthy,True,4000,2672,1.4970059880239521,1095.9482421875
06858_healthy.jpg,healthy,True,4000,2672,1.4970059880239521,1028.5634765625
06859_healthy.jpg,healthy,True,4000,3000,1.3333333333333333,942.3447265625
06860_healthy.jpg,healthy,True,4000,2672,1.4970059880239521,765.5078125
06861_healthy.jpg,healthy,True,4000,3000,1.3333333333333333,834.3662109375
06862_healthy.jpg,healthy,True,4000,2672,1.4970059880239521,878.3623046875
06863_healthy.jpg,healthy,True,4000,2672,1.4970059880239521,1000.01953125
06864_healthy.jpg,healthy,True,4000,2672,1.4970059880239521,1038.998046875
06865_healthy.jpg,healthy,True,4000,2672,1.4970059880239521,1000.38671875
06866_healthy.jpg,healthy,True,4000,2672,1.4970059880239521,901.666015625
06867_healthy.jpg,healthy,True,4000,3000,1.3333333333333333,828.6376953125
06868_healthy.jpg,healthy,True,4000,2672,1.4970059880239521,1106.5146484375
06869_healthy.jpg,healthy,True,4000,2672,1.4970059880239521,848.3291015625
06870_healthy.jpg,healthy,True,4000,2672,1.4970059880239521,1104.72265625
06871_healthy.jpg,healthy,True,4000,2672,1.4970059880239521,801.45703125
06872_healthy.jpg,healthy,True,4000,2672,1.4970059880239521,910.1220703125
06873_healthy.jpg,healthy,True,4000,2672,1.4970059880239521,981.9677734375
06874_healthy.jpg,healthy,True,4000,2672,1.4970059880239521,975.732421875
06875_healthy.jpg,healthy,True,4000,2672,1.4970059880239521,1228.892578125
06876_healthy.jpg,healthy,True,4000,2672,1.4970059880239521,785.44140625
06877_healthy.jpg,healthy,True,4000,2672,1.4970059880239521,615.9697265625
06878_healthy.jpg,healthy,True,4000,3000,1.3333333333333333,1166.2099609375
06879_healthy.jpg,healthy,True,4000,2672,1.4970059880239521,529.0439453125
06880_healthy.jpg,healthy,True,4000,2672,1.4970059880239521,730.9619140625
06881_healthy.jpg,healthy,True,4000,2672,1.4970059880239521,932.74609375
06882_healthy.jpg,healthy,True,4000,2672,1.4970059880239521,785.2275390625
06883_healthy.jpg,healthy,True,4000,2672,1.4970059880239521,1090.0205078125
06884_healthy.jpg,healthy,True,4000,2672,1.4970059880239521,1076.4150390625
06885_healthy.jpg,healthy,True,4000,2672,1.4970059880239521,792.8828125
06886_healthy.jpg,healthy,True,4000,3000,1.3333333333333333,899.8212890625
06887_healthy.jpg,healthy,True,4000,2672,1.4970059880239521,795.166015625
06888_healthy.jpg,healthy,True,4000,2672,1.4970059880239521,894.0
06889_healthy.jpg,healthy,True,4000,2672,1.4970059880239521,892.48828125
06890_healthy.jpg,healthy,True,4000,2672,1.4970059880239521,843.28515625
06891_healthy.jpg,healthy,True,4000,2672,1.4970059880239521,932.5830078125
06892_healthy.jpg,healthy,True,4000,2672,1.4970059880239521,671.041015625
06893_healthy.jpg,healthy,True,4000,2672,1.4970059880239521,1072.8515625
06894_healthy.jpg,healthy,True,4000,2672,1.4970059880239521,765.5859375
06895_healthy.jpg,healthy,True,4000,2672,1.4970059880239521,1208.5849609375
06896_healthy.jpg,healthy,True,4000,2672,1.4970059880239521,663.80859375
06897_healthy.jpg,healthy,True,4000,2672,1.4970059880239521,933.751953125
06898_healthy.jpg,healthy,True,4000,2672,1.4970059880239521,932.68359375
06899_healthy.jpg,healthy,True,4000,2672,1.4970059880239521,931.7548828125
06900_healthy.jpg,healthy,True,4000,2672,1.4970059880239521,618.02734375
06901_healthy.jpg,healthy,True,4000,2672,1.4970059880239521,977.740234375
06902_healthy.jpg,healthy,True,4000,2672,1.4970059880239521,1070.5302734375
06903_healthy.jpg,healthy,True,4000,2672,1.4970059880239521,1025.4833984375
06904_healthy.jpg,healthy,True,4000,2672,1.4970059880239521,1033.5810546875
06905_healthy.jpg,healthy,True,4000,2672,1.4970059880239521,546.7158203125
06906_healthy.jpg,healthy,True,4000,2672,1.4970059880239521,1164.740234375
06907_healthy.jpg,healthy,True,4000,2672,1.4970059880239521,1004.138671875
06908_healthy.jpg,healthy,True,4000,2672,1.4970059880239521,863.177734375
06909_healthy.jpg,healthy,True,4000,2672,1.4970059880239521,1100.912109375
06910_healthy.jpg,healthy,True,4000,2672,1.4970059880239521,683.7216796875
06911_healthy.jpg,healthy,True,4000,2672,1.4970059880239521,880.8349609375
06912_healthy.jpg,healthy,True,4000,2672,1.4970059880239521,958.0849609375
06913_healthy.jpg,healthy,True,4000,2672,1.4970059880239521,869.470703125
06914_healthy.jpg,healthy,True,4000,2672,1.4970059880239521,706.0078125
06915_healthy.jpg,healthy,True,4000,2672,1.4970059880239521,1114.3369140625
06916_healthy.jpg,healthy,True,4000,2672,1.4970059880239521,888.8154296875
06917_healthy.jpg,healthy,True,4000,2672,1.4970059880239521,1245.6201171875
06918_healthy.jpg,healthy,True,4000,2672,1.4970059880239521,918.2392578125
06919_healthy.jpg,healthy,True,4000,2672,1.4970059880239521,775.447265625
06920_healthy.jpg,healthy,True,4000,2672,1.4970059880239521,1096.0498046875
06921_healthy.jpg,healthy,True,4000,2672,1.4970059880239521,1258.712890625
06922_healthy.jpg,healthy,True,4000,3000,1.3333333333333333,1133.1484375
06923_healthy.jpg,healthy,True,4000,2672,1.4970059880239521,903.9580078125
06924_healthy.jpg,healthy,True,4000,2672,1.4970059880239521,1049.890625
06925_healthy.jpg,healthy,True,4000,3000,1.3333333333333333,918.576171875
06926_healthy.jpg,healthy,True,4000,2672,1.4970059880239521,926.65625
06927_healthy.jpg,healthy,True,4000,2672,1.4970059880239521,621.884765625
06928_healthy.jpg,healthy,True,4000,2672,1.4970059880239521,901.529296875
06929_healthy.jpg,healthy,True,4000,3000,1.3333333333333333,1190.662109375
06930_healthy.jpg,healthy,True,4000,2672,1.4970059880239521,964.3740234375
06931_healthy.jpg,healthy,True,4000,2672,1.4970059880239521,902.1396484375
06932_healthy.jpg,healthy,True,4000,2672,1.4970059880239521,938.884765625
06933_healthy.jpg,healthy,True,4000,2672,1.4970059880239521,673.552734375
06934_healthy.jpg,healthy,True,4000,2672,1.4970059880239521,964.8603515625
06935_healthy.jpg,healthy,True,4000,2672,1.4970059880239521,1030.9970703125
06936_healthy.jpg,healthy,True,4000,2672,1.4970059880239521,844.8828125
06937_healthy.jpg,healthy,True,4000,2672,1.4970059880239521,650.6982421875
06938_healthy.jpg,healthy,True,4000,2672,1.4970059880239521,873.4423828125
06939_healthy.jpg,healthy,True,4000,2672,1.4970059880239521,1028.3857421875
06940_healthy.jpg,healthy,True,4000,3000,1.3333333333333333,922.140625
06941_healthy.jpg,healthy,True,4000,2672,1.4970059880239521,780.060546875
06942_healthy.jpg,healthy,True,4000,2672,1.4970059880239521,1009.0126953125
06943_healthy.jpg,healthy,True,4000,2672,1.4970059880239521,788.62890625
06944_healthy.jpg,healthy,True,4000,2672,1.4970059880239521,1067.3427734375
06945_healthy.jpg,healthy,True,4000,2672,1.4970059880239521,922.0126953125
06946_healthy.jpg,healthy,True,4000,2672,1.4970059880239521,943.8994140625
06947_healthy.jpg,healthy,True,4000,2672,1.4970059880239521,1042.015625
06948_healthy.jpg,healthy,True,4000,2672,1.4970059880239521,851.6435546875
06949_healthy.jpg,healthy,True,4000,2672,1.4970059880239521,926.99609375
06950_healthy.jpg,healthy,True,4000,2672,1.4970059880239521,893.8447265625
06951_healthy.jpg,healthy,True,4000,2672,1.4970059880239521,779.0283203125
06952_healthy.jpg,healthy,True,4000,2672,1.4970059880239521,935.599609375
06953_healthy.jpg,healthy,True,4000,2672,1.4970059880239521,927.193359375
06954_healthy.jpg,healthy,True,4000,2672,1.4970059880239521,878.220703125
06955_healthy.jpg,healthy,True,4000,2672,1.4970059880239521,921.2099609375
06956_healthy.jpg,healthy,True,4000,2672,1.4970059880239521,1110.3671875
06957_healthy.jpg,healthy,True,4000,2672,1.4970059880239521,963.3017578125
06958_healthy.jpg,healthy,True,4000,2672,1.4970059880239521,865.751953125
06959_healthy.jpg,healthy,True,4000,2672,1.4970059880239521,885.810546875
06960_healthy.jpg,healthy,True,4000,2672,1.4970059880239521,806.798828125
06961_healthy.jpg,healthy,True,4000,2672,1.4970059880239521,733.74609375
06962_healthy.jpg,healthy,True,4000,2672,1.4970059880239521,637.177734375
06963_healthy.jpg,healthy,True,4000,2672,1.4970059880239521,759.9873046875
06964_healthy.jpg,healthy,True,4000,2672,1.4970059880239521,633.6015625
06965_healthy.jpg,healthy,True,4000,2672,1.4970059880239521,894.49609375
06966_healthy.jpg,healthy,True,4000,2672,1.4970059880239521,740.4189453125
06967_healthy.jpg,healthy,True,4000,2672,1.4970059880239521,778.03515625
06968_healthy.jpg,healthy,True,4000,2672,1.4970059880239521,955.8828125
06969_healthy.jpg,healthy,True,4000,3000,1.3333333333333333,1001.7529296875
06970_healthy.jpg,healthy,True,4000,2672,1.4970059880239521,793.7177734375
06971_healthy.jpg,healthy,True,4000,2672,1.4970059880239521,993.85546875
06972_healthy.jpg,healthy,True,4000,2672,1.4970059880239521,1042.9482421875
06973_healthy.jpg,healthy,True,4000,2672,1.4970059880239521,970.20703125
06974_healthy.jpg,healthy,True,4000,2672,1.4970059880239521,872.748046875
06975_healthy.jpg,healthy,True,4000,2672,1.4970059880239521,692.373046875
06976_healthy.jpg,healthy,True,4000,2672,1.4970059880239521,677.2548828125
06977_healthy.jpg,healthy,True,4000,2672,1.4970059880239521,792.4482421875
06978_healthy.jpg,healthy,True,4000,2672,1.4970059880239521,798.8466796875
06979_healthy.jpg,healthy,True,4000,2672,1.4970059880239521,1095.173828125
06980_healthy.jpg,healthy,True,4000,2672,1.4970059880239521,801.474609375
06981_healthy.jpg,healthy,True,4000,2672,1.4970059880239521,957.2353515625
06982_healthy.jpg,healthy,True,4000,2672,1.4970059880239521,987.5263671875
06983_healthy.jpg,healthy,True,4000,2672,1.4970059880239521,946.966796875
06984_healthy.jpg,healthy,True,4000,3000,1.3333333333333333,1053.4873046875
06985_healthy.jpg,healthy,True,4000,2672,1.4970059880239521,854.4951171875
06986_healthy.jpg,healthy,True,4000,2672,1.4970059880239521,709.447265625
06987_healthy.jpg,healthy,True,4000,2672,1.4970059880239521,1091.4248046875
06988_healthy.jpg,healthy,True,4000,2672,1.4970059880239521,1093.0078125
06989_healthy.jpg,healthy,True,4000,3000,1.3333333333333333,949.251953125
06990_healthy.jpg,healthy,True,4000,2672,1.4970059880239521,1214.6875
06991_healthy.jpg,healthy,True,4000,2672,1.4970059880239521,803.603515625
06992_healthy.jpg,healthy,True,4000,2672,1.4970059880239521,668.9716796875
06993_healthy.jpg,healthy,True,4000,3000,1.3333333333333333,871.9677734375
06994_healthy.jpg,healthy,True,4000,2672,1.4970059880239521,933.1083984375
06995_healthy.jpg,healthy,True,4000,3000,1.3333333333333333,1004.7236328125
06996_healthy.jpg,healthy,True,4000,2672,1.4970059880239521,822.0458984375
06997_healthy.jpg,healthy,True,4000,2672,1.4970059880239521,911.833984375
06998_healthy.jpg,healthy,True,4000,3000,1.3333333333333333,1062.1728515625
06999_healthy.jpg,healthy,True,4000,2672,1.4970059880239521,998.8505859375
07000_healthy.jpg,healthy,True,4000,3000,1.3333333333333333,1063.53125
07001_healthy.jpg,healthy,True,4000,2672,1.4970059880239521,799.2080078125
07002_healthy.jpg,healthy,True,4000,2672,1.4970059880239521,685.1318359375
07003_healthy.jpg,healthy,True,4000,2672,1.4970059880239521,2099.0654296875
07004_healthy.jpg,healthy,True,4000,2672,1.4970059880239521,919.044921875
07005_healthy.jpg,healthy,True,4000,2672,1.4970059880239521,1135.2666015625
07006_healthy.jpg,healthy,True,4000,2672,1.4970059880239521,1135.2744140625
07007_healthy.jpg,healthy,True,4000,2672,1.4970059880239521,1066.7158203125
07008_healthy.jpg,healthy,True,4000,2672,1.4970059880239521,687.9921875
07009_healthy.jpg,healthy,True,4000,2672,1.4970059880239521,893.923828125
07010_healthy.jpg,healthy,True,4000,2672,1.4970059880239521,920.79296875
07011_healthy.jpg,healthy,True,4000,2672,1.4970059880239521,1079.845703125
07012_healthy.jpg,healthy,True,4000,2672,1.4970059880239521,769.275390625
07013_healthy.jpg,healthy,True,4000,2672,1.4970059880239521,977.3037109375
07014_healthy.jpg,healthy,True,4000,2672,1.4970059880239521,1011.498046875
07015_healthy.jpg,healthy,True,4000,2672,1.4970059880239521,1021.4658203125
07016_healthy.jpg,healthy,True,4000,2672,1.4970059880239521,716.87109375
07017_healthy.jpg,healthy,True,4000,2672,1.4970059880239521,759.5419921875
07018_healthy.jpg,healthy,True,4000,2672,1.4970059880239521,946.248046875
07019_healthy.jpg,healthy,True,4000,2672,1.4970059880239521,962.3232421875
07020_healthy.jpg,healthy,True,4000,2672,1.4970059880239521,789.2119140625
07021_healthy.jpg,healthy,True,4000,2672,1.4970059880239521,853.1806640625
07022_healthy.jpg,healthy,True,4000,2672,1.4970059880239521,727.1494140625
07023_healthy.jpg,healthy,True,4000,2672,1.4970059880239521,1116.478515625
07024_healthy.jpg,healthy,True,4000,2672,1.4970059880239521,786.3740234375
07025_healthy.jpg,healthy,True,4000,2672,1.4970059880239521,1098.19921875
07026_healthy.jpg,healthy,True,4000,2672,1.4970059880239521,659.814453125
07027_healthy.jpg,healthy,True,4000,2672,1.4970059880239521,1004.0986328125
07028_healthy.jpg,healthy,True,4000,2672,1.4970059880239521,1008.50390625
07029_healthy.jpg,healthy,True,4000,2672,1.4970059880239521,856.6552734375
07030_healthy.jpg,healthy,True,4000,2672,1.4970059880239521,1103.271484375
07031_healthy.jpg,healthy,True,4000,2672,1.4970059880239521,791.65625
07032_healthy.jpg,healthy,True,4000,2672,1.4970059880239521,944.041015625
07033_healthy.jpg,healthy,True,4000,3000,1.3333333333333333,1009.115234375
07034_healthy.jpg,healthy,True,4000,2672,1.4970059880239521,697.494140625
07035_healthy.jpg,healthy,True,4000,2672,1.4970059880239521,929.6533203125
07036_healthy.jpg,healthy,True,4000,2672,1.4970059880239521,1095.2822265625
07037_healthy.jpg,healthy,True,4000,2672,1.4970059880239521,865.7197265625
07038_healthy.jpg,healthy,True,4000,2672,1.4970059880239521,701.9814453125
07039_healthy.jpg,healthy,True,4000,2672,1.4970059880239521,937.2255859375
07040_healthy.jpg,healthy,True,4000,2672,1.4970059880239521,968.892578125
07041_healthy.jpg,healthy,True,4000,2672,1.4970059880239521,722.015625
07042_healthy.jpg,healthy,True,4000,2672,1.4970059880239521,809.482421875
07043_healthy.jpg,healthy,True,4000,2672,1.4970059880239521,795.5224609375
07044_healthy.jpg,healthy,True,4000,2672,1.4970059880239521,757.5400390625
07045_healthy.jpg,healthy,True,4000,2672,1.4970059880239521,1072.1640625
07046_healthy.jpg,healthy,True,4000,2672,1.4970059880239521,776.7236328125
07047_healthy.jpg,healthy,True,4000,2672,1.4970059880239521,754.412109375
07048_healthy.jpg,healthy,True,4000,2672,1.4970059880239521,609.91015625
07049_healthy.jpg,healthy,True,4000,2672,1.4970059880239521,944.7236328125
07050_healthy.jpg,healthy,True,4000,2672,1.4970059880239521,1047.0556640625
07051_healthy.jpg,healthy,True,4000,2672,1.4970059880239521,984.4443359375
07052_healthy.jpg,healthy,True,4000,2672,1.4970059880239521,753.9521484375
07053_healthy.jpg,healthy,True,4000,2672,1.4970059880239521,967.27734375
07054_healthy.jpg,healthy,True,4000,2672,1.4970059880239521,978.591796875
07055_healthy.jpg,healthy,True,4000,2672,1.4970059880239521,763.8330078125
07056_healthy.jpg,healthy,True,4000,2672,1.4970059880239521,727.1328125
07057_healthy.jpg,healthy,True,4000,2672,1.4970059880239521,771.859375
07058_healthy.jpg,healthy,True,4000,2672,1.4970059880239521,919.9404296875
07059_healthy.jpg,healthy,True,4000,3000,1.3333333333333333,933.857421875
07060_healthy.jpg,healthy,True,4000,2672,1.4970059880239521,829.265625
07061_healthy.jpg,healthy,True,4000,2672,1.4970059880239521,1045.7197265625
07062_healthy.jpg,healthy,True,4000,2672,1.4970059880239521,980.87109375
07063_healthy.jpg,healthy,True,4000,2672,1.4970059880239521,742.943359375
07064_healthy.jpg,healthy,True,4000,3000,1.3333333333333333,1006.7958984375
07065_healthy.jpg,healthy,True,4000,2672,1.4970059880239521,795.4501953125
07066_healthy.jpg,healthy,True,4000,2672,1.4970059880239521,1020.4140625
07067_healthy.jpg,healthy,True,4000,2672,1.4970059880239521,787.791015625
07068_healthy.jpg,healthy,True,4000,2672,1.4970059880239521,745.26171875
07069_healthy.jpg,healthy,True,4000,2672,1.4970059880239521,760.3740234375
07070_healthy.jpg,healthy,True,4000,2672,1.4970059880239521,1060.45703125
07071_healthy.jpg,healthy,True,4000,2672,1.4970059880239521,762.17578125
07072_healthy.jpg,healthy,True,4000,2672,1.4970059880239521,741.0048828125
07073_healthy.jpg,healthy,True,4000,2672,1.4970059880239521,1042.099609375
07074_healthy.jpg,healthy,True,4000,2672,1.4970059880239521,931.55078125
07075_healthy.jpg,healthy,True,4000,2672,1.4970059880239521,1096.3330078125
07076_healthy.jpg,healthy,True,4000,3000,1.3333333333333333,927.8603515625
07077_healthy.jpg,healthy,True,4000,2672,1.4970059880239521,802.6181640625
07078_healthy.jpg,healthy,True,4000,2672,1.4970059880239521,787.3330078125
07079_healthy.jpg,healthy,True,4000,2672,1.4970059880239521,716.1376953125
07080_healthy.jpg,healthy,True,4000,2672,1.4970059880239521,954.193359375
07081_healthy.jpg,healthy,True,4000,2672,1.4970059880239521,546.1005859375
07082_healthy.jpg,healthy,True,4000,2672,1.4970059880239521,883.796875
07083_healthy.jpg,healthy,True,4000,2672,1.4970059880239521,816.08203125
07084_healthy.jpg,healthy,True,4000,3000,1.3333333333333333,1058.421875
07085_healthy.jpg,healthy,True,4000,3000,1.3333333333333333,1039.7724609375
07086_healthy.jpg,healthy,True,4000,2672,1.4970059880239521,1005.2353515625
07087_healthy.jpg,healthy,True,4000,2672,1.4970059880239521,892.3583984375
07088_healthy.jpg,healthy,True,4000,2672,1.4970059880239521,808.525390625
07089_healthy.jpg,healthy,True,4000,2672,1.4970059880239521,740.9775390625
07090_healthy.jpg,healthy,True,4000,2672,1.4970059880239521,837.0947265625
07091_healthy.jpg,healthy,True,4000,2672,1.4970059880239521,707.2607421875
07092_healthy.jpg,healthy,True,4000,2672,1.4970059880239521,1141.03515625
07093_healthy.jpg,healthy,True,4000,2672,1.4970059880239521,750.248046875
07094_healthy.jpg,healthy,True,4000,2672,1.4970059880239521,713.0439453125
07095_healthy.jpg,healthy,True,4000,2672,1.4970059880239521,1078.3662109375
07096_healthy.jpg,healthy,True,4000,2672,1.4970059880239521,854.7763671875
07097_healthy.jpg,healthy,True,4000,2672,1.4970059880239521,745.6630859375
07098_healthy.jpg,healthy,True,4000,2672,1.4970059880239521,1125.275390625
07099_healthy.jpg,healthy,True,4000,2672,1.4970059880239521,789.291015625
07100_healthy.jpg,healthy,True,4000,2672,1.4970059880239521,980.5546875
07101_healthy.jpg,healthy,True,4000,2672,1.4970059880239521,1050.5419921875
07102_healthy.jpg,healthy,True,4000,2672,1.4970059880239521,788.2421875
07103_healthy.jpg,healthy,True,4000,2672,1.4970059880239521,751.0654296875
07104_healthy.jpg,healthy,True,4000,3000,1.3333333333333333,1057.4697265625
07105_healthy.jpg,healthy,True,4000,2672,1.4970059880239521,665.4716796875
07106_healthy.jpg,healthy,True,4000,2672,1.4970059880239521,892.384765625
07107_healthy.jpg,healthy,True,4000,2672,1.4970059880239521,958.5
07108_healthy.jpg,healthy,True,4000,2672,1.4970059880239521,776.376953125
07109_healthy.jpg,healthy,True,4000,2672,1.4970059880239521,889.3203125
07110_healthy.jpg,healthy,True,4000,2672,1.4970059880239521,981.0244140625
07111_healthy.jpg,healthy,True,4000,2672,1.4970059880239521,725.3134765625
07112_healthy.jpg,healthy,True,4000,2672,1.4970059880239521,878.517578125
07113_healthy.jpg,healthy,True,4000,2672,1.4970059880239521,1062.78515625
07114_healthy.jpg,healthy,True,4000,2672,1.4970059880239521,1085.6953125
07115_healthy.jpg,healthy,True,4000,2672,1.4970059880239521,1042.5634765625
07116_healthy.jpg,healthy,True,4000,2672,1.4970059880239521,993.7939453125
07117_healthy.jpg,healthy,True,4000,2672,1.4970059880239521,757.1982421875
07118_healthy.jpg,healthy,True,4000,3000,1.3333333333333333,957.98046875
07119_healthy.jpg,healthy,True,4000,3000,1.3333333333333333,990.1044921875
07120_healthy.jpg,healthy,True,4000,3000,1.3333333333333333,959.9140625
07121_healthy.jpg,healthy,True,4000,2672,1.4970059880239521,784.1611328125
07122_healthy.jpg,healthy,True,4000,2672,1.4970059880239521,930.5048828125
07123_healthy.jpg,healthy,True,4000,3000,1.3333333333333333,1176.205078125
07124_healthy.jpg,healthy,True,4000,2672,1.4970059880239521,898.5947265625
07125_healthy.jpg,healthy,True,4000,2672,1.4970059880239521,1133.369140625
07126_healthy.jpg,healthy,True,4000,3000,1.3333333333333333,1082.8505859375
07127_healthy.jpg,healthy,True,4000,2672,1.4970059880239521,962.89453125
07128_healthy.jpg,healthy,True,4000,2672,1.4970059880239521,898.6357421875
07129_healthy.jpg,healthy,True,4000,2672,1.4970059880239521,809.65234375
07130_healthy.jpg,healthy,True,4000,2672,1.4970059880239521,846.6640625
07131_healthy.jpg,healthy,True,4000,3000,1.3333333333333333,987.515625
07132_healthy.jpg,healthy,True,4000,2672,1.4970059880239521,880.3291015625
07133_healthy.jpg,healthy,True,4000,3000,1.3333333333333333,1073.2919921875
07134_healthy.jpg,healthy,True,4000,3000,1.3333333333333333,782.513671875
07135_healthy.jpg,healthy,True,4000,2672,1.4970059880239521,766.5703125
07136_healthy.jpg,healthy,True,4000,2672,1.4970059880239521,865.4443359375
07137_healthy.jpg,healthy,True,4000,2672,1.4970059880239521,964.8818359375
07138_healthy.jpg,healthy,True,4000,2672,1.4970059880239521,733.0849609375
07139_healthy.jpg,healthy,True,4000,2672,1.4970059880239521,861.3251953125
07140_healthy.jpg,healthy,True,4000,2672,1.4970059880239521,946.541015625
07141_healthy.jpg,healthy,True,4000,2672,1.4970059880239521,1073.1640625
07142_healthy.jpg,healthy,True,4000,2672,1.4970059880239521,809.482421875
07143_healthy.jpg,healthy,True,4000,3000,1.3333333333333333,904.6455078125
07144_healthy.jpg,healthy,True,4000,2672,1.4970059880239521,969.390625
07145_healthy.jpg,healthy,True,4000,2672,1.4970059880239521,770.8095703125
07146_healthy.jpg,healthy,True,4000,2672,1.4970059880239521,898.3720703125
07147_healthy.jpg,healthy,True,4000,2672,1.4970059880239521,754.4423828125
07148_healthy.jpg,healthy,True,4000,2672,1.4970059880239521,785.416015625
07149_healthy.jpg,healthy,True,4000,2672,1.4970059880239521,627.810546875
07150_healthy.jpg,healthy,True,4000,2672,1.4970059880239521,926.38671875
07151_healthy.jpg,healthy,True,4000,2672,1.4970059880239521,1028.0654296875
07152_healthy.jpg,healthy,True,4000,3000,1.3333333333333333,989.4765625
07153_healthy.jpg,healthy,True,4000,2672,1.4970059880239521,932.3046875
07154_healthy.jpg,healthy,True,4000,2672,1.4970059880239521,584.1591796875
07155_healthy.jpg,healthy,True,4000,2672,1.4970059880239521,902.7412109375
07156_healthy.jpg,healthy,True,4000,2672,1.4970059880239521,633.6455078125
07157_healthy.jpg,healthy,True,4000,2672,1.4970059880239521,858.8759765625
07158_healthy.jpg,healthy,True,4000,2672,1.4970059880239521,948.189453125
07159_healthy.jpg,healthy,True,4000,2672,1.4970059880239521,1000.0048828125
07160_healthy.jpg,healthy,True,4000,2672,1.4970059880239521,856.2646484375
07161_healthy.jpg,healthy,True,4000,2672,1.4970059880239521,711.416015625
07162_healthy.jpg,healthy,True,4000,2672,1.4970059880239521,705.73828125
07163_healthy.jpg,healthy,True,4000,2672,1.4970059880239521,852.7587890625
07164_healthy.jpg,healthy,True,4000,3000,1.3333333333333333,1121.029296875
07165_healthy.jpg,healthy,True,4000,2672,1.4970059880239521,781.8916015625
07166_healthy.jpg,healthy,True,4000,2672,1.4970059880239521,783.181640625
07167_healthy.jpg,healthy,True,4000,2672,1.4970059880239521,955.2177734375
07168_healthy.jpg,healthy,True,4000,2672,1.4970059880239521,651.8125
07169_healthy.jpg,healthy,True,4000,2672,1.4970059880239521,952.201171875
07170_healthy.jpg,healthy,True,4000,2672,1.4970059880239521,770.66796875
07171_healthy.jpg,healthy,True,4000,2672,1.4970059880239521,1139.5830078125
07172_healthy.jpg,healthy,True,4000,2672,1.4970059880239521,653.302734375
07173_healthy.jpg,healthy,True,4000,2672,1.4970059880239521,927.3466796875
07174_healthy.jpg,healthy,True,4000,2672,1.4970059880239521,881.958984375
07175_healthy.jpg,healthy,True,4000,2672,1.4970059880239521,788.54296875
07176_healthy.jpg,healthy,True,4000,2672,1.4970059880239521,746.1474609375
07177_healthy.jpg,healthy,True,4000,2672,1.4970059880239521,684.5107421875
07178_healthy.jpg,healthy,True,4000,2672,1.4970059880239521,1015.2890625
07179_healthy.jpg,healthy,True,4000,2672,1.4970059880239521,891.1494140625
07180_healthy.jpg,healthy,True,4000,2672,1.4970059880239521,886.353515625
07181_healthy.jpg,healthy,True,4000,2672,1.4970059880239521,881.076171875
07182_healthy.jpg,healthy,True,4000,2672,1.4970059880239521,1023.505859375
07183_healthy.jpg,healthy,True,4000,2672,1.4970059880239521,862.044921875
07184_healthy.jpg,healthy,True,4000,2672,1.4970059880239521,805.0244140625
07185_healthy.jpg,healthy,True,4000,2672,1.4970059880239521,759.912109375
07186_healthy.jpg,healthy,True,4000,2672,1.4970059880239521,724.2470703125
07187_healthy.jpg,healthy,True,4000,2672,1.4970059880239521,907.244140625
07188_healthy.jpg,healthy,True,4000,2672,1.4970059880239521,1027.12890625
07189_healthy.jpg,healthy,True,4000,2672,1.4970059880239521,811.9208984375
07190_healthy.jpg,healthy,True,4000,2672,1.4970059880239521,1219.4501953125
07191_healthy.jpg,healthy,True,4000,3000,1.3333333333333333,1058.6552734375
07192_healthy.jpg,healthy,True,4000,2672,1.4970059880239521,734.8671875
07193_healthy.jpg,healthy,True,4000,2672,1.4970059880239521,808.1796875
07194_healthy.jpg,healthy,True,4000,2672,1.4970059880239521,999.578125
07195_healthy.jpg,healthy,True,4000,2672,1.4970059880239521,634.4111328125
07196_healthy.jpg,healthy,True,4000,3000,1.3333333333333333,1101.962890625
07197_healthy.jpg,healthy,True,4000,3000,1.3333333333333333,1104.494140625
07198_healthy.jpg,healthy,True,4000,2672,1.4970059880239521,894.9853515625
07199_healthy.jpg,healthy,True,4000,2672,1.4970059880239521,687.5087890625
07200_healthy.jpg,healthy,True,4000,2672,1.4970059880239521,881.236328125
07201_healthy.jpg,healthy,True,4000,2672,1.4970059880239521,742.4453125
07202_healthy.jpg,healthy,True,4000,3000,1.3333333333333333,842.1162109375
07203_healthy.jpg,healthy,True,4000,2672,1.4970059880239521,1083.1142578125
07204_healthy.jpg,healthy,True,4000,2672,1.4970059880239521,1031.0751953125
07205_healthy.jpg,healthy,True,4000,2672,1.4970059880239521,743.8994140625
07206_healthy.jpg,healthy,True,4000,2672,1.4970059880239521,942.0849609375
07207_healthy.jpg,healthy,True,4000,2672,1.4970059880239521,578.2109375
07208_healthy.jpg,healthy,True,4000,2672,1.4970059880239521,893.6552734375
07209_healthy.jpg,healthy,True,4000,2672,1.4970059880239521,999.1064453125
07210_healthy.jpg,healthy,True,4000,2672,1.4970059880239521,974.921875
07211_healthy.jpg,healthy,True,4000,2672,1.4970059880239521,610.216796875
07212_healthy.jpg,healthy,True,4000,2672,1.4970059880239521,959.7939453125
07213_healthy.jpg,healthy,True,4000,2672,1.4970059880239521,761.7431640625
07214_healthy.jpg,healthy,True,4000,2672,1.4970059880239521,792.5947265625
07215_healthy.jpg,healthy,True,4000,2672,1.4970059880239521,768.1552734375
07216_healthy.jpg,healthy,True,4000,2672,1.4970059880239521,1006.271484375
07217_healthy.jpg,healthy,True,4000,2672,1.4970059880239521,870.9404296875
07218_healthy.jpg,healthy,True,4000,2672,1.4970059880239521,876.0712890625
07219_healthy.jpg,healthy,True,4000,2672,1.4970059880239521,917.18359375
07220_healthy.jpg,healthy,True,4000,2672,1.4970059880239521,952.1474609375
07221_healthy.jpg,healthy,True,4000,2672,1.4970059880239521,1048.3515625
07222_healthy.jpg,healthy,True,4000,2672,1.4970059880239521,1041.2998046875
07223_healthy.jpg,healthy,True,4000,2672,1.4970059880239521,1009.0791015625
07224_healthy.jpg,healthy,True,4000,2672,1.4970059880239521,552.5263671875
07225_healthy.jpg,healthy,True,4000,2672,1.4970059880239521,766.0849609375
07226_healthy.jpg,healthy,True,4000,2672,1.4970059880239521,891.52734375
07227_healthy.jpg,healthy,True,4000,2672,1.4970059880239521,777.4111328125
07228_healthy.jpg,healthy,True,4000,2672,1.4970059880239521,709.6748046875
07229_healthy.jpg,healthy,True,4000,2672,1.4970059880239521,973.4736328125
07230_healthy.jpg,healthy,True,4000,2672,1.4970059880239521,621.0185546875
07231_healthy.jpg,healthy,True,4000,2672,1.4970059880239521,1053.4208984375
07232_healthy.jpg,healthy,True,4000,2672,1.4970059880239521,818.8671875
07233_healthy.jpg,healthy,True,4000,2672,1.4970059880239521,1014.2197265625
07234_healthy.jpg,healthy,True,4000,2672,1.4970059880239521,956.72265625
07235_healthy.jpg,healthy,True,4000,3000,1.3333333333333333,854.091796875
07236_healthy.jpg,healthy,True,4000,2672,1.4970059880239521,988.640625
07237_healthy.jpg,healthy,True,4000,2672,1.4970059880239521,1160.2626953125
07238_healthy.jpg,healthy,True,4000,2672,1.4970059880239521,604.6123046875
07239_healthy.jpg,healthy,True,4000,2672,1.4970059880239521,941.3564453125
07240_healthy.jpg,healthy,True,4000,2672,1.4970059880239521,988.6767578125
07241_healthy.jpg,healthy,True,4000,2672,1.4970059880239521,995.4287109375
07242_healthy.jpg,healthy,True,4000,2672,1.4970059880239521,875.5302734375
07243_healthy.jpg,healthy,True,4000,2672,1.4970059880239521,760.240234375
07244_healthy.jpg,healthy,True,4000,2672,1.4970059880239521,863.63671875
07245_healthy.jpg,healthy,True,4000,2672,1.4970059880239521,977.6767578125
07246_healthy.jpg,healthy,True,4000,2672,1.4970059880239521,966.92578125
07247_healthy.jpg,healthy,True,4000,2672,1.4970059880239521,927.6904296875
07248_healthy.jpg,healthy,True,4000,2672,1.4970059880239521,996.58203125
07249_healthy.jpg,healthy,True,4000,2672,1.4970059880239521,808.1455078125
07250_healthy.jpg,healthy,True,4000,2672,1.4970059880239521,883.9208984375
07251_healthy.jpg,healthy,True,4000,2672,1.4970059880239521,756.2939453125
07252_healthy.jpg,healthy,True,4000,2672,1.4970059880239521,788.6259765625
07253_healthy.jpg,healthy,True,4000,2672,1.4970059880239521,855.98046875
07254_healthy.jpg,healthy,True,4000,2672,1.4970059880239521,1056.1923828125
07255_healthy.jpg,healthy,True,4000,2672,1.4970059880239521,681.09765625
07256_healthy.jpg,healthy,True,4000,2672,1.4970059880239521,1058.2255859375
07257_healthy.jpg,healthy,True,4000,2672,1.4970059880239521,663.033203125
07258_healthy.jpg,healthy,True,4000,2672,1.4970059880239521,856.6708984375
07259_healthy.jpg,healthy,True,4000,2672,1.4970059880239521,902.2236328125
07260_healthy.jpg,healthy,True,4000,3000,1.3333333333333333,1086.0341796875
07261_healthy.jpg,healthy,True,4000,3000,1.3333333333333333,1100.017578125
07262_healthy.jpg,healthy,True,4000,2672,1.4970059880239521,1001.8466796875
07263_healthy.jpg,healthy,True,4000,2672,1.4970059880239521,952.1611328125
07264_healthy.jpg,healthy,True,4000,2672,1.4970059880239521,905.8037109375
07265_healthy.jpg,healthy,True,4000,2672,1.4970059880239521,990.6796875
07266_healthy.jpg,healthy,True,4000,2672,1.4970059880239521,798.2119140625
07267_healthy.jpg,healthy,True,4000,2672,1.4970059880239521,994.533203125
07268_healthy.jpg,healthy,True,4000,2672,1.4970059880239521,855.3974609375
07269_healthy.jpg,healthy,True,4000,2672,1.4970059880239521,986.1201171875
07270_healthy.jpg,healthy,True,4000,2672,1.4970059880239521,703.5732421875
07271_healthy.jpg,healthy,True,4000,2672,1.4970059880239521,996.84765625
07272_healthy.jpg,healthy,True,4000,3000,1.3333333333333333,1036.4658203125
07273_healthy.jpg,healthy,True,4000,2672,1.4970059880239521,772.8681640625
07274_healthy.jpg,healthy,True,4000,2672,1.4970059880239521,1040.578125
07275_healthy.jpg,healthy,True,4000,2672,1.4970059880239521,1023.865234375
07276_healthy.jpg,healthy,True,4000,2672,1.4970059880239521,605.2822265625
07277_healthy.jpg,healthy,True,4000,2672,1.4970059880239521,958.0244140625
07278_healthy.jpg,healthy,True,4000,2672,1.4970059880239521,724.6455078125
07279_healthy.jpg,healthy,True,4000,3000,1.3333333333333333,1038.779296875
07280_healthy.jpg,healthy,True,4000,2672,1.4970059880239521,855.7470703125
07281_healthy.jpg,healthy,True,4000,2672,1.4970059880239521,717.689453125
07282_healthy.jpg,healthy,True,4000,2672,1.4970059880239521,961.478515625
07283_healthy.jpg,healthy,True,4000,2672,1.4970059880239521,830.1318359375
07284_healthy.jpg,healthy,True,4000,2672,1.4970059880239521,677.4677734375
07285_healthy.jpg,healthy,True,4000,2672,1.4970059880239521,774.94921875
07286_healthy.jpg,healthy,True,4000,2672,1.4970059880239521,850.1572265625
07287_healthy.jpg,healthy,True,4000,2672,1.4970059880239521,866.6181640625
07288_healthy.jpg,healthy,True,4000,2672,1.4970059880239521,844.51953125
07289_healthy.jpg,healthy,True,4000,2672,1.4970059880239521,793.0556640625
07290_healthy.jpg,healthy,True,4000,2672,1.4970059880239521,1051.6142578125
07291_healthy.jpg,healthy,True,4000,2672,1.4970059880239521,888.9580078125
07292_healthy.jpg,healthy,True,4000,2672,1.4970059880239521,817.0927734375
07293_healthy.jpg,healthy,True,4000,2672,1.4970059880239521,789.9619140625
07294_healthy.jpg,healthy,True,4000,2672,1.4970059880239521,845.1064453125
07295_healthy.jpg,healthy,True,4000,2672,1.4970059880239521,703.0537109375
07296_healthy.jpg,healthy,True,4000,2672,1.4970059880239521,877.982421875
07297_healthy.jpg,healthy,True,4000,2672,1.4970059880239521,848.9580078125
07298_healthy.jpg,healthy,True,4000,2672,1.4970059880239521,977.896484375
07299_healthy.jpg,healthy,True,4000,2672,1.4970059880239521,793.0791015625
07300_healthy.jpg,healthy,True,4000,2672,1.4970059880239521,1006.4716796875
07301_healthy.jpg,healthy,True,4000,2672,1.4970059880239521,789.103515625
07302_healthy.jpg,healthy,True,4000,3000,1.3333333333333333,1092.3759765625
07303_healthy.jpg,healthy,True,4000,2672,1.4970059880239521,997.5458984375
07304_healthy.jpg,healthy,True,4000,2672,1.4970059880239521,997.8623046875
07305_healthy.jpg,healthy,True,4000,2672,1.4970059880239521,904.0498046875
07306_healthy.jpg,healthy,True,4000,2672,1.4970059880239521,752.962890625
07307_healthy.jpg,healthy,True,4000,2672,1.4970059880239521,796.732421875
07308_healthy.jpg,healthy,True,4000,2672,1.4970059880239521,1109.90234375
07309_healthy.jpg,healthy,True,4000,2672,1.4970059880239521,874.28125
07310_healthy.jpg,healthy,True,4000,2672,1.4970059880239521,1114.947265625
07311_healthy.jpg,healthy,True,4000,3000,1.3333333333333333,1174.9267578125
07312_healthy.jpg,healthy,True,4000,2672,1.4970059880239521,907.5888671875
07313_healthy.jpg,healthy,True,4000,2672,1.4970059880239521,677.40234375
07314_healthy.jpg,healthy,True,4000,2672,1.4970059880239521,823.9130859375
07315_healthy.jpg,healthy,True,4000,2672,1.4970059880239521,945.77734375
07316_healthy.jpg,healthy,True,4000,2672,1.4970059880239521,892.4208984375
07317_healthy.jpg,healthy,True,4000,2672,1.4970059880239521,1073.3896484375
07318_healthy.jpg,healthy,True,4000,2672,1.4970059880239521,774.0205078125
07319_healthy.jpg,healthy,True,4000,2672,1.4970059880239521,902.283203125
07320_healthy.jpg,healthy,True,4000,2672,1.4970059880239521,944.30859375
07321_healthy.jpg,healthy,True,4000,2672,1.4970059880239521,1036.7861328125
07322_healthy.jpg,healthy,True,4000,2672,1.4970059880239521,886.267578125
07323_healthy.jpg,healthy,True,4000,2672,1.4970059880239521,944.982421875
07324_healthy.jpg,healthy,True,4000,2672,1.4970059880239521,1064.8388671875
07325_healthy.jpg,healthy,True,4000,2672,1.4970059880239521,855.7177734375
07326_healthy.jpg,healthy,True,4000,2672,1.4970059880239521,1066.0966796875
07327_healthy.jpg,healthy,True,4000,2672,1.4970059880239521,814.275390625
07328_healthy.jpg,healthy,True,4000,2672,1.4970059880239521,716.50390625
07329_healthy.jpg,healthy,True,4000,2672,1.4970059880239521,1113.4912109375
07330_healthy.jpg,healthy,True,4000,2672,1.4970059880239521,848.642578125
07331_healthy.jpg,healthy,True,4000,2672,1.4970059880239521,767.740234375
07332_healthy.jpg,healthy,True,4000,2672,1.4970059880239521,973.5849609375
07333_healthy.jpg,healthy,True,4000,2672,1.4970059880239521,973.552734375
07334_healthy.jpg,healthy,True,4000,2672,1.4970059880239521,520.869140625
07335_healthy.jpg,healthy,True,4000,2672,1.4970059880239521,1060.0498046875
07336_healthy.jpg,healthy,True,4000,2672,1.4970059880239521,951.1513671875
07337_healthy.jpg,healthy,True,4000,2672,1.4970059880239521,780.4716796875
07338_healthy.jpg,healthy,True,4000,2672,1.4970059880239521,1025.8974609375
07339_healthy.jpg,healthy,True,4000,2672,1.4970059880239521,901.81640625
07340_healthy.jpg,healthy,True,4000,2672,1.4970059880239521,814.8955078125
07341_healthy.jpg,healthy,True,4000,2672,1.4970059880239521,970.109375
07342_healthy.jpg,healthy,True,4000,2672,1.4970059880239521,706.6142578125
07343_healthy.jpg,healthy,True,4000,2672,1.4970059880239521,604.8310546875
07344_healthy.jpg,healthy,True,4000,2672,1.4970059880239521,868.0478515625
07345_healthy.jpg,healthy,True,4000,2672,1.4970059880239521,1039.09375
07346_healthy.jpg,healthy,True,4000,2672,1.4970059880239521,1033.1103515625
07347_healthy.jpg,healthy,True,4000,2672,1.4970059880239521,858.916015625
07348_healthy.jpg,healthy,True,4000,2672,1.4970059880239521,935.7392578125
07349_healthy.jpg,healthy,True,4000,2672,1.4970059880239521,1029.48828125
07350_healthy.jpg,healthy,True,4000,2672,1.4970059880239521,669.69921875
07351_healthy.jpg,healthy,True,4000,2672,1.4970059880239521,1106.7783203125
07352_healthy.jpg,healthy,True,4000,2672,1.4970059880239521,994.2900390625
07353_healthy.jpg,healthy,True,4000,2672,1.4970059880239521,770.189453125
07354_healthy.jpg,healthy,True,4000,2672,1.4970059880239521,922.478515625
07355_healthy.jpg,healthy,True,4000,2672,1.4970059880239521,852.0537109375
07356_healthy.jpg,healthy,True,4000,2672,1.4970059880239521,805.2373046875
07357_healthy.jpg,healthy,True,4000,2672,1.4970059880239521,1028.294921875
07358_healthy.jpg,healthy,True,4000,2672,1.4970059880239521,967.50390625
07359_healthy.jpg,healthy,True,4000,2672,1.4970059880239521,963.720703125
07360_healthy.jpg,healthy,True,4000,2672,1.4970059880239521,1053.8173828125
07361_healthy.jpg,healthy,True,4000,2672,1.4970059880239521,621.4208984375
07362_healthy.jpg,healthy,True,4000,2672,1.4970059880239521,926.0078125
07363_healthy.jpg,healthy,True,4000,2672,1.4970059880239521,1008.1904296875
07364_healthy.jpg,healthy,True,4000,2672,1.4970059880239521,871.763671875
07365_healthy.jpg,healthy,True,4000,2672,1.4970059880239521,855.7333984375
07366_healthy.jpg,healthy,True,4000,2672,1.4970059880239521,938.0400390625
07367_healthy.jpg,healthy,True,4000,2672,1.4970059880239521,768.4716796875
07368_healthy.jpg,healthy,True,4000,2672,1.4970059880239521,684.1748046875
07369_healthy.jpg,healthy,True,4000,2672,1.4970059880239521,945.666015625
07370_healthy.jpg,healthy,True,4000,2672,1.4970059880239521,642.146484375
07371_healthy.jpg,healthy,True,4000,2672,1.4970059880239521,1305.9130859375
07372_healthy.jpg,healthy,True,4000,2672,1.4970059880239521,885.8818359375
07373_healthy.jpg,healthy,True,4000,2672,1.4970059880239521,920.171875
07374_healthy.jpg,healthy,True,4000,2672,1.4970059880239521,842.1708984375
07375_healthy.jpg,healthy,True,4000,2672,1.4970059880239521,793.736328125
07376_healthy.jpg,healthy,True,4000,2672,1.4970059880239521,868.7802734375
07377_healthy.jpg,healthy,True,4000,2672,1.4970059880239521,634.76953125
07378_healthy.jpg,healthy,True,4000,2672,1.4970059880239521,882.7109375
07379_healthy.jpg,healthy,True,4000,2672,1.4970059880239521,967.7802734375
07380_healthy.jpg,healthy,True,4000,2672,1.4970059880239521,551.0751953125
07381_healthy.jpg,healthy,True,4000,2672,1.4970059880239521,769.380859375
07382_healthy.jpg,healthy,True,4000,2672,1.4970059880239521,871.046875
07383_healthy.jpg,healthy,True,4000,2672,1.4970059880239521,886.6318359375
07384_healthy.jpg,healthy,True,4000,2672,1.4970059880239521,1017.2197265625
07385_healthy.jpg,healthy,True,4000,2672,1.4970059880239521,1000.3271484375
07386_healthy.jpg,healthy,True,4000,2672,1.4970059880239521,1015.5224609375
07387_healthy.jpg,healthy,True,4000,2672,1.4970059880239521,915.5693359375
07388_healthy.jpg,healthy,True,4000,2672,1.4970059880239521,996.98828125
07389_healthy.jpg,healthy,True,4000,2672,1.4970059880239521,1099.3515625
07390_healthy.jpg,healthy,True,4000,2672,1.4970059880239521,689.1416015625
07391_healthy.jpg,healthy,True,4000,2672,1.4970059880239521,758.3525390625
07392_healthy.jpg,healthy,True,4000,2672,1.4970059880239521,725.7802734375
07393_healthy.jpg,healthy,True,4000,2672,1.4970059880239521,604.4189453125
07394_healthy.jpg,healthy,True,4000,2672,1.4970059880239521,982.4931640625
07395_healthy.jpg,healthy,True,4000,2672,1.4970059880239521,717.7578125
07396_healthy.jpg,healthy,True,4000,2672,1.4970059880239521,901.662109375
07397_healthy.jpg,healthy,True,4000,2672,1.4970059880239521,1087.15625
07398_healthy.jpg,healthy,True,4000,2672,1.4970059880239521,1097.1396484375
07399_healthy.jpg,healthy,True,4000,2672,1.4970059880239521,1008.119140625
07400_healthy.jpg,healthy,True,4000,2672,1.4970059880239521,879.55078125
07401_healthy.jpg,healthy,True,4000,2672,1.4970059880239521,945.5712890625
07402_healthy.jpg,healthy,True,4000,2672,1.4970059880239521,838.5048828125
07403_healthy.jpg,healthy,True,4000,2672,1.4970059880239521,967.822265625
07404_healthy.jpg,healthy,True,4000,2672,1.4970059880239521,1077.5146484375
07405_healthy.jpg,healthy,True,4000,2672,1.4970059880239521,985.869140625
07406_healthy.jpg,healthy,True,4000,2672,1.4970059880239521,1033.470703125
07407_healthy.jpg,healthy,True,4000,2672,1.4970059880239521,1094.7412109375
07408_healthy.jpg,healthy,True,4000,2672,1.4970059880239521,1290.5166015625
07409_healthy.jpg,healthy,True,4000,2672,1.4970059880239521,1159.1298828125
07410_healthy.jpg,healthy,True,4000,3000,1.3333333333333333,909.6826171875
07411_healthy.jpg,healthy,True,4000,2672,1.4970059880239521,771.3525390625
07412_healthy.jpg,healthy,True,4000,2672,1.4970059880239521,676.203125
07413_healthy.jpg,healthy,True,4000,2672,1.4970059880239521,865.5341796875
07414_healthy.jpg,healthy,True,4000,2672,1.4970059880239521,1118.7939453125
07415_healthy.jpg,healthy,True,4000,2672,1.4970059880239521,845.2392578125
07416_healthy.jpg,healthy,True,4000,2672,1.4970059880239521,1013.796875
07417_healthy.jpg,healthy,True,4000,2672,1.4970059880239521,792.630859375
07418_healthy.jpg,healthy,True,4000,2672,1.4970059880239521,1110.990234375
07419_healthy.jpg,healthy,True,4000,3000,1.3333333333333333,1090.7783203125
07420_healthy.jpg,healthy,True,4000,2672,1.4970059880239521,716.0986328125
07421_healthy.jpg,healthy,True,4000,2672,1.4970059880239521,1095.5068359375
07422_healthy.jpg,healthy,True,4000,2672,1.4970059880239521,1084.2587890625
07423_healthy.jpg,healthy,True,4000,2672,1.4970059880239521,678.59375
07424_healthy.jpg,healthy,True,4000,2672,1.4970059880239521,1098.9091796875
07425_healthy.jpg,healthy,True,4000,2672,1.4970059880239521,1014.162109375
07426_healthy.jpg,healthy,True,4000,2672,1.4970059880239521,920.0087890625
07427_healthy.jpg,healthy,True,4000,2672,1.4970059880239521,801.7255859375
07428_healthy.jpg,healthy,True,4000,2672,1.4970059880239521,884.3134765625
07429_healthy.jpg,healthy,True,4000,2672,1.4970059880239521,758.0693359375
07430_healthy.jpg,healthy,True,4000,2672,1.4970059880239521,972.171875
07431_healthy.jpg,healthy,True,4000,2672,1.4970059880239521,641.5927734375
07432_healthy.jpg,healthy,True,4000,2672,1.4970059880239521,578.8193359375
07433_healthy.jpg,healthy,True,4000,2672,1.4970059880239521,1035.8662109375
07434_healthy.jpg,healthy,True,4000,2672,1.4970059880239521,974.4716796875
07435_healthy.jpg,healthy,True,4000,2672,1.4970059880239521,905.6748046875
07436_healthy.jpg,healthy,True,4000,2672,1.4970059880239521,936.6337890625
07437_healthy.jpg,healthy,True,4000,2672,1.4970059880239521,1075.2626953125
07438_healthy.jpg,healthy,True,4000,2672,1.4970059880239521,863.6171875
07439_healthy.jpg,healthy,True,4000,2672,1.4970059880239521,885.791015625
07440_healthy.jpg,healthy,True,4000,2672,1.4970059880239521,1058.677734375
07441_healthy.jpg,healthy,True,4000,2672,1.4970059880239521,1001.5146484375
07442_healthy.jpg,healthy,True,4000,2672,1.4970059880239521,999.3427734375
07443_healthy.jpg,healthy,True,4000,2672,1.4970059880239521,884.8759765625
07444_healthy.jpg,healthy,True,4000,2672,1.4970059880239521,808.951171875
07445_healthy.jpg,healthy,True,4000,2672,1.4970059880239521,653.798828125
07446_healthy.jpg,healthy,True,4000,2672,1.4970059880239521,1025.2578125
07447_healthy.jpg,healthy,True,4000,2672,1.4970059880239521,1042.509765625
07448_healthy.jpg,healthy,True,4000,2672,1.4970059880239521,949.6298828125
07449_healthy.jpg,healthy,True,4000,2672,1.4970059880239521,807.7822265625
07450_healthy.jpg,healthy,True,4000,2672,1.4970059880239521,606.73046875
07451_healthy.jpg,healthy,True,4000,2672,1.4970059880239521,1215.2880859375
07452_healthy.jpg,healthy,True,4000,2672,1.4970059880239521,1114.677734375
07453_healthy.jpg,healthy,True,4000,2672,1.4970059880239521,761.3193359375
07454_healthy.jpg,healthy,True,4000,3000,1.3333333333333333,864.4599609375
07455_healthy.jpg,healthy,True,4000,2672,1.4970059880239521,863.5927734375
07456_healthy.jpg,healthy,True,4000,2672,1.4970059880239521,696.1767578125
07457_healthy.jpg,healthy,True,4000,2672,1.4970059880239521,663.5029296875
07458_healthy.jpg,healthy,True,4000,2672,1.4970059880239521,849.7138671875
07459_healthy.jpg,healthy,True,4000,2672,1.4970059880239521,923.8642578125
07460_healthy.jpg,healthy,True,4000,2672,1.4970059880239521,775.533203125
07461_healthy.jpg,healthy,True,4000,2672,1.4970059880239521,1004.3583984375
07462_healthy.jpg,healthy,True,4000,2672,1.4970059880239521,846.4375
07463_healthy.jpg,healthy,True,4000,2672,1.4970059880239521,840.0908203125
07464_healthy.jpg,healthy,True,4000,2672,1.4970059880239521,915.75
07465_healthy.jpg,healthy,True,4000,2672,1.4970059880239521,874.6826171875
07466_healthy.jpg,healthy,True,4000,2672,1.4970059880239521,895.6455078125
07467_healthy.jpg,healthy,True,4000,2672,1.4970059880239521,975.595703125
07468_healthy.jpg,healthy,True,4000,2672,1.4970059880239521,695.83203125
07469_healthy.jpg,healthy,True,4000,2672,1.4970059880239521,954.080078125
07470_healthy.jpg,healthy,True,4000,2672,1.4970059880239521,937.708984375
07471_healthy.jpg,healthy,True,4000,2672,1.4970059880239521,1049.4521484375
07472_healthy.jpg,healthy,True,4000,2672,1.4970059880239521,923.4375
07473_healthy.jpg,healthy,True,4000,2672,1.4970059880239521,1095.00390625
07474_healthy.jpg,healthy,True,4000,2672,1.4970059880239521,1057.0048828125
07475_healthy.jpg,healthy,True,4000,2672,1.4970059880239521,879.0546875
07476_healthy.jpg,healthy,True,4000,2672,1.4970059880239521,756.794921875
07477_healthy.jpg,healthy,True,4000,2672,1.4970059880239521,943.841796875
07478_healthy.jpg,healthy,True,4000,3000,1.3333333333333333,968.6875
07479_healthy.jpg,healthy,True,4000,2672,1.4970059880239521,798.2529296875
07480_healthy.jpg,healthy,True,4000,2672,1.4970059880239521,979.0009765625
07481_healthy.jpg,healthy,True,4000,2672,1.4970059880239521,799.53125
07482_healthy.jpg,healthy,True,4000,2672,1.4970059880239521,688.98046875
07483_healthy.jpg,healthy,True,4000,2672,1.4970059880239521,849.9501953125
07484_healthy.jpg,healthy,True,4000,2672,1.4970059880239521,960.1318359375
07485_healthy.jpg,healthy,True,4000,2672,1.4970059880239521,793.958984375
07486_healthy.jpg,healthy,True,4000,3000,1.3333333333333333,1017.0107421875
07487_healthy.jpg,healthy,True,4000,2672,1.4970059880239521,749.138671875
07488_healthy.jpg,healthy,True,4000,2672,1.4970059880239521,857.912109375
07489_healthy.jpg,healthy,True,4000,3000,1.3333333333333333,1195.4453125
07490_healthy.jpg,healthy,True,4000,2672,1.4970059880239521,1135.1240234375
07491_healthy.jpg,healthy,True,4000,2672,1.4970059880239521,1051.0478515625
07492_healthy.jpg,healthy,True,4000,3000,1.3333333333333333,1088.7421875
07493_healthy.jpg,healthy,True,4000,2672,1.4970059880239521,963.68359375
07494_healthy.jpg,healthy,True,4000,2672,1.4970059880239521,889.568359375
07495_healthy.jpg,healthy,True,4000,2672,1.4970059880239521,969.556640625
07496_healthy.jpg,healthy,True,4000,2672,1.4970059880239521,817.4580078125
07497_healthy.jpg,healthy,True,4000,2672,1.4970059880239521,795.052734375
07498_healthy.jpg,healthy,True,4000,2672,1.4970059880239521,767.755859375
07499_healthy.jpg,healthy,True,4000,2672,1.4970059880239521,880.869140625
07500_healthy.jpg,healthy,True,4000,2672,1.4970059880239521,885.2958984375
07501_healthy.jpg,healthy,True,4000,2672,1.4970059880239521,1042.2197265625
07502_healthy.jpg,healthy,True,4000,2672,1.4970059880239521,988.193359375
07503_healthy.jpg,healthy,True,4000,2672,1.4970059880239521,762.91015625
07504_healthy.jpg,healthy,True,4000,2672,1.4970059880239521,1044.2900390625
07505_healthy.jpg,healthy,True,4000,2672,1.4970059880239521,945.578125
07506_healthy.jpg,healthy,True,4000,3000,1.3333333333333333,1089.7275390625
07507_healthy.jpg,healthy,True,4000,3000,1.3333333333333333,828.4541015625
07508_healthy.jpg,healthy,True,4000,2672,1.4970059880239521,871.501953125
07509_healthy.jpg,healthy,True,4000,2672,1.4970059880239521,1088.9951171875
07510_healthy.jpg,healthy,True,4000,2672,1.4970059880239521,890.41015625
07511_healthy.jpg,healthy,True,4000,3000,1.3333333333333333,1058.9384765625
07512_healthy.jpg,healthy,True,4000,2672,1.4970059880239521,741.630859375
07513_healthy.jpg,healthy,True,4000,2672,1.4970059880239521,750.4111328125
07514_healthy.jpg,healthy,True,4000,2672,1.4970059880239521,994.958984375
07515_healthy.jpg,healthy,True,4000,2672,1.4970059880239521,765.896484375
07516_healthy.jpg,healthy,True,4000,2672,1.4970059880239521,1111.1875
07517_healthy.jpg,healthy,True,4000,2672,1.4970059880239521,932.091796875
07518_healthy.jpg,healthy,True,4000,2672,1.4970059880239521,934.1015625
07519_healthy.jpg,healthy,True,4000,2672,1.4970059880239521,853.037109375
07520_healthy.jpg,healthy,True,4000,2672,1.4970059880239521,1059.2138671875
07521_healthy.jpg,healthy,True,4000,2672,1.4970059880239521,1152.564453125
07522_healthy.jpg,healthy,True,4000,2672,1.4970059880239521,997.44140625
07523_healthy.jpg,healthy,True,4000,2672,1.4970059880239521,861.3330078125
07524_healthy.jpg,healthy,True,4000,2672,1.4970059880239521,1062.7568359375
07525_healthy.jpg,healthy,True,4000,2672,1.4970059880239521,1082.0673828125
07526_healthy.jpg,healthy,True,4000,2672,1.4970059880239521,875.5595703125
07527_healthy.jpg,healthy,True,4000,2672,1.4970059880239521,985.7265625
07528_healthy.jpg,healthy,True,4000,2672,1.4970059880239521,739.376953125
07529_healthy.jpg,healthy,True,4000,2672,1.4970059880239521,806.7734375
07530_healthy.jpg,healthy,True,4000,2672,1.4970059880239521,738.9150390625
07531_healthy.jpg,healthy,True,4000,3000,1.3333333333333333,1060.4736328125
07532_healthy.jpg,healthy,True,4000,2672,1.4970059880239521,761.267578125
07533_healthy.jpg,healthy,True,4000,2672,1.4970059880239521,771.240234375
07534_healthy.jpg,healthy,True,4000,2672,1.4970059880239521,730.3515625
07535_healthy.jpg,healthy,True,4000,2672,1.4970059880239521,1022.4033203125
07536_healthy.jpg,healthy,True,4000,2672,1.4970059880239521,748.474609375
07537_healthy.jpg,healthy,True,4000,2672,1.4970059880239521,944.107421875
07538_healthy.jpg,healthy,True,4000,2672,1.4970059880239521,938.8115234375
07539_healthy.jpg,healthy,True,4000,2672,1.4970059880239521,755.7666015625
07540_healthy.jpg,healthy,True,4000,2672,1.4970059880239521,950.423828125
07541_healthy.jpg,healthy,True,4000,2672,1.4970059880239521,1023.7783203125
07542_healthy.jpg,healthy,True,4000,2672,1.4970059880239521,1223.873046875
07543_healthy.jpg,healthy,True,4000,2672,1.4970059880239521,1069.228515625
07544_healthy.jpg,healthy,True,4000,2672,1.4970059880239521,803.5810546875
07545_healthy.jpg,healthy,True,4000,2672,1.4970059880239521,941.5927734375
07546_healthy.jpg,healthy,True,4000,3000,1.3333333333333333,1169.1220703125
07547_healthy.jpg,healthy,True,4000,3000,1.3333333333333333,941.1962890625
07548_healthy.jpg,healthy,True,4000,2672,1.4970059880239521,1071.1171875
07549_healthy.jpg,healthy,True,4000,2672,1.4970059880239521,886.9638671875
07550_healthy.jpg,healthy,True,4000,2672,1.4970059880239521,636.27734375
07551_healthy.jpg,healthy,True,4000,2672,1.4970059880239521,803.7470703125
07552_healthy.jpg,healthy,True,4000,2672,1.4970059880239521,916.4775390625
07553_healthy.jpg,healthy,True,4000,2672,1.4970059880239521,957.5478515625
07554_healthy.jpg,healthy,True,4000,2672,1.4970059880239521,808.4794921875
07555_healthy.jpg,healthy,True,4000,2672,1.4970059880239521,1001.2255859375
07556_healthy.jpg,healthy,True,4000,2672,1.4970059880239521,828.3466796875
07557_healthy.jpg,healthy,True,4000,2672,1.4970059880239521,866.9384765625
07558_healthy.jpg,healthy,True,4000,2672,1.4970059880239521,981.5810546875
07559_healthy.jpg,healthy,True,4000,2672,1.4970059880239521,895.82421875
07560_healthy.jpg,healthy,True,4000,2672,1.4970059880239521,1009.9580078125
07561_healthy.jpg,healthy,True,4000,2672,1.4970059880239521,1028.7314453125
07562_healthy.jpg,healthy,True,4000,2672,1.4970059880239521,1107.42578125
07563_healthy.jpg,healthy,True,4000,2672,1.4970059880239521,1114.91796875
07564_healthy.jpg,healthy,True,4000,2672,1.4970059880239521,802.048828125
07565_healthy.jpg,healthy,True,4000,2672,1.4970059880239521,1029.1201171875
07566_healthy.jpg,healthy,True,4000,3000,1.3333333333333333,957.9755859375
07567_healthy.jpg,healthy,True,4000,2672,1.4970059880239521,1038.318359375
07568_healthy.jpg,healthy,True,4000,2672,1.4970059880239521,632.619140625
07569_healthy.jpg,healthy,True,4000,2672,1.4970059880239521,775.5068359375
07570_healthy.jpg,healthy,True,4000,2672,1.4970059880239521,964.5634765625
07571_healthy.jpg,healthy,True,4000,2672,1.4970059880239521,631.75
07572_healthy.jpg,healthy,True,4000,2672,1.4970059880239521,1091.458984375
07573_healthy.jpg,healthy,True,4000,2672,1.4970059880239521,987.294921875
07574_healthy.jpg,healthy,True,4000,2672,1.4970059880239521,963.95703125
07575_healthy.jpg,healthy,True,4000,2672,1.4970059880239521,1090.267578125
07576_healthy.jpg,healthy,True,4000,2672,1.4970059880239521,1103.1337890625
07577_healthy.jpg,healthy,True,4000,2672,1.4970059880239521,908.5478515625
07578_healthy.jpg,healthy,True,4000,3000,1.3333333333333333,988.1513671875
07579_healthy.jpg,healthy,True,4000,2672,1.4970059880239521,860.3916015625
07580_healthy.jpg,healthy,True,4000,2672,1.4970059880239521,806.7939453125
07581_healthy.jpg,healthy,True,4000,2672,1.4970059880239521,698.876953125
07582_healthy.jpg,healthy,True,4000,2672,1.4970059880239521,794.5
07583_healthy.jpg,healthy,True,4000,2672,1.4970059880239521,545.6474609375
07584_healthy.jpg,healthy,True,4000,2672,1.4970059880239521,981.193359375
07585_healthy.jpg,healthy,True,4000,2672,1.4970059880239521,515.73828125
07586_healthy.jpg,healthy,True,4000,2672,1.4970059880239521,1075.7333984375
07587_healthy.jpg,healthy,True,4000,3000,1.3333333333333333,948.4111328125
07588_healthy.jpg,healthy,True,4000,2672,1.4970059880239521,544.5791015625
07589_healthy.jpg,healthy,True,4000,3000,1.3333333333333333,933.1201171875
07590_healthy.jpg,healthy,True,4000,2672,1.4970059880239521,936.9716796875
07591_healthy.jpg,healthy,True,4000,2672,1.4970059880239521,804.5439453125
07592_healthy.jpg,healthy,True,4000,2672,1.4970059880239521,794.3447265625
07593_healthy.jpg,healthy,True,4000,2672,1.4970059880239521,985.939453125
07594_healthy.jpg,healthy,True,4000,2672,1.4970059880239521,894.505859375
07595_healthy.jpg,healthy,True,4000,2672,1.4970059880239521,982.9208984375
07596_healthy.jpg,healthy,True,4000,2672,1.4970059880239521,504.7705078125
07597_healthy.jpg,healthy,True,4000,3000,1.3333333333333333,968.708984375
07598_healthy.jpg,healthy,True,4000,2672,1.4970059880239521,1058.2734375
07599_healthy.jpg,healthy,True,4000,2672,1.4970059880239521,1200.9560546875
07600_healthy.jpg,healthy,True,4000,2672,1.4970059880239521,742.9736328125
07601_healthy.jpg,healthy,True,4000,2672,1.4970059880239521,686.060546875
07602_healthy.jpg,healthy,True,4000,2672,1.4970059880239521,987.21484375
07603_healthy.jpg,healthy,True,4000,2672,1.4970059880239521,955.7412109375
07604_healthy.jpg,healthy,True,4000,2672,1.4970059880239521,810.736328125
07605_healthy.jpg,healthy,True,4000,2672,1.4970059880239521,1125.0126953125
07606_healthy.jpg,healthy,True,4000,2672,1.4970059880239521,811.2578125
07607_healthy.jpg,healthy,True,4000,2672,1.4970059880239521,797.90234375
07608_healthy.jpg,healthy,True,4000,2672,1.4970059880239521,745.9169921875
07609_healthy.jpg,healthy,True,4000,2672,1.4970059880239521,827.4052734375
07610_healthy.jpg,healthy,True,4000,2672,1.4970059880239521,675.775390625
07611_healthy.jpg,healthy,True,4000,2672,1.4970059880239521,1082.5068359375
07612_healthy.jpg,healthy,True,4000,2672,1.4970059880239521,815.2900390625
07613_healthy.jpg,healthy,True,4000,2672,1.4970059880239521,1102.765625
07614_healthy.jpg,healthy,True,4000,2672,1.4970059880239521,974.943359375
07615_healthy.jpg,healthy,True,4000,2672,1.4970059880239521,542.1416015625
07616_healthy.jpg,healthy,True,4000,2672,1.4970059880239521,1017.1181640625
07617_healthy.jpg,healthy,True,4000,2672,1.4970059880239521,913.853515625
07618_healthy.jpg,healthy,True,4000,2672,1.4970059880239521,947.3076171875
07619_healthy.jpg,healthy,True,4000,2672,1.4970059880239521,652.126953125
07620_healthy.jpg,healthy,True,4000,2672,1.4970059880239521,775.2568359375
07621_healthy.jpg,healthy,True,4000,2672,1.4970059880239521,736.7373046875
07622_healthy.jpg,healthy,True,4000,2672,1.4970059880239521,546.693359375
07623_healthy.jpg,healthy,True,4000,2672,1.4970059880239521,889.14453125
07624_healthy.jpg,healthy,True,4000,2672,1.4970059880239521,932.4296875
07625_healthy.jpg,healthy,True,4000,2672,1.4970059880239521,656.0771484375
07626_healthy.jpg,healthy,True,4000,2672,1.4970059880239521,717.9970703125
07627_healthy.jpg,healthy,True,4000,2672,1.4970059880239521,776.673828125
07628_healthy.jpg,healthy,True,4000,2672,1.4970059880239521,689.5859375
07629_healthy.jpg,healthy,True,4000,2672,1.4970059880239521,1111.7939453125
07630_healthy.jpg,healthy,True,4000,2672,1.4970059880239521,850.087890625
07631_healthy.jpg,healthy,True,4000,2672,1.4970059880239521,994.2294921875
07632_healthy.jpg,healthy,True,4000,2672,1.4970059880239521,1121.6484375
07633_healthy.jpg,healthy,True,4000,2672,1.4970059880239521,985.361328125
07634_healthy.jpg,healthy,True,4000,2672,1.4970059880239521,850.447265625
07635_healthy.jpg,healthy,True,4000,2672,1.4970059880239521,804.0078125
07636_healthy.jpg,healthy,True,4000,2672,1.4970059880239521,1030.44140625
07637_healthy.jpg,healthy,True,4000,2672,1.4970059880239521,720.2216796875
07638_healthy.jpg,healthy,True,4000,2672,1.4970059880239521,960.849609375
07639_healthy.jpg,healthy,True,4000,2672,1.4970059880239521,741.91796875
07640_healthy.jpg,healthy,True,4000,2672,1.4970059880239521,858.7890625
07641_healthy.jpg,healthy,True,4000,2672,1.4970059880239521,957.669921875
07642_healthy.jpg,healthy,True,4000,2672,1.4970059880239521,756.9306640625
07643_healthy.jpg,healthy,True,4000,2672,1.4970059880239521,756.3125
07644_healthy.jpg,healthy,True,4000,2672,1.4970059880239521,934.7900390625
07645_healthy.jpg,healthy,True,4000,2672,1.4970059880239521,1054.3408203125
07646_healthy.jpg,healthy,True,4000,3000,1.3333333333333333,926.298828125
07647_healthy.jpg,healthy,True,4000,2672,1.4970059880239521,930.6181640625
07648_healthy.jpg,healthy,True,4000,2672,1.4970059880239521,806.666015625
07649_healthy.jpg,healthy,True,4000,2672,1.4970059880239521,992.224609375
07650_healthy.jpg,healthy,True,4000,3000,1.3333333333333333,1194.533203125
07651_healthy.jpg,healthy,True,4000,2672,1.4970059880239521,885.58984375
07652_healthy.jpg,healthy,True,4000,2672,1.4970059880239521,953.85546875
07653_healthy.jpg,healthy,True,4000,2672,1.4970059880239521,893.529296875
07654_healthy.jpg,healthy,True,4000,2672,1.4970059880239521,767.931640625
07655_healthy.jpg,healthy,True,4000,2672,1.4970059880239521,721.3173828125
07656_healthy.jpg,healthy,True,4000,2672,1.4970059880239521,797.9775390625
07657_healthy.jpg,healthy,True,4000,2672,1.4970059880239521,947.490234375
07658_healthy.jpg,healthy,True,4000,2672,1.4970059880239521,979.57421875
07659_healthy.jpg,healthy,True,4000,2672,1.4970059880239521,681.861328125
07660_healthy.jpg,healthy,True,4000,2672,1.4970059880239521,759.8486328125
07661_healthy.jpg,healthy,True,4000,2672,1.4970059880239521,725.4580078125
07662_healthy.jpg,healthy,True,4000,2672,1.4970059880239521,694.529296875
07663_healthy.jpg,healthy,True,4000,2672,1.4970059880239521,890.125
07664_healthy.jpg,healthy,True,4000,2672,1.4970059880239521,993.146484375
07665_healthy.jpg,healthy,True,4000,2672,1.4970059880239521,724.216796875
07666_healthy.jpg,healthy,True,4000,2672,1.4970059880239521,718.8408203125
07667_healthy.jpg,healthy,True,4000,2672,1.4970059880239521,734.732421875
07668_healthy.jpg,healthy,True,4000,2672,1.4970059880239521,1049.0732421875
07669_healthy.jpg,healthy,True,4000,2672,1.4970059880239521,888.3828125
07670_healthy.jpg,healthy,True,4000,2672,1.4970059880239521,875.384765625
07671_healthy.jpg,healthy,True,4000,2672,1.4970059880239521,536.3037109375
07672_healthy.jpg,healthy,True,4000,2672,1.4970059880239521,641.603515625
07673_healthy.jpg,healthy,True,4000,2672,1.4970059880239521,733.5791015625
07674_healthy.jpg,healthy,True,4000,2672,1.4970059880239521,731.451171875
07675_healthy.jpg,healthy,True,4000,2672,1.4970059880239521,1140.8359375
07676_healthy.jpg,healthy,True,4000,2672,1.4970059880239521,718.7666015625
07677_healthy.jpg,healthy,True,4000,2672,1.4970059880239521,820.037109375
07678_healthy.jpg,healthy,True,4000,2672,1.4970059880239521,690.7587890625
07679_healthy.jpg,healthy,True,4000,2672,1.4970059880239521,663.1962890625
07680_healthy.jpg,healthy,True,4000,2672,1.4970059880239521,687.84765625
07681_healthy.jpg,healthy,True,4000,2672,1.4970059880239521,868.4375
07682_healthy.jpg,healthy,True,4000,2672,1.4970059880239521,996.2060546875
07683_healthy.jpg,healthy,True,4000,2672,1.4970059880239521,773.0517578125
07684_healthy.jpg,healthy,True,4000,2672,1.4970059880239521,681.06640625
07685_healthy.jpg,healthy,True,4000,2672,1.4970059880239521,703.3056640625
07686_healthy.jpg,healthy,True,4000,2672,1.4970059880239521,979.90625
07687_healthy.jpg,healthy,True,4000,2672,1.4970059880239521,1043.2470703125
07688_healthy.jpg,healthy,True,4000,2672,1.4970059880239521,1030.00390625
07689_healthy.jpg,healthy,True,4000,2672,1.4970059880239521,990.658203125
07690_healthy.jpg,healthy,True,4000,3000,1.3333333333333333,1238.1162109375
07691_healthy.jpg,healthy,True,4000,2672,1.4970059880239521,949.99609375
07692_healthy.jpg,healthy,True,4000,2672,1.4970059880239521,806.5419921875
07693_healthy.jpg,healthy,True,4000,3000,1.3333333333333333,1075.794921875
07694_healthy.jpg,healthy,True,4000,2672,1.4970059880239521,934.40625
07695_healthy.jpg,healthy,True,4000,2672,1.4970059880239521,793.2216796875
07696_healthy.jpg,healthy,True,4000,2672,1.4970059880239521,1073.3525390625
07697_healthy.jpg,healthy,True,4000,2672,1.4970059880239521,762.3515625
07698_healthy.jpg,healthy,True,4000,2672,1.4970059880239521,550.8662109375
07699_healthy.jpg,healthy,True,4000,2672,1.4970059880239521,821.2138671875
07700_healthy.jpg,healthy,True,4000,2672,1.4970059880239521,717.333984375
07701_healthy.jpg,healthy,True,4000,3000,1.3333333333333333,948.5673828125
07702_healthy.jpg,healthy,True,4000,2672,1.4970059880239521,1016.9814453125
07703_healthy.jpg,healthy,True,4000,2672,1.4970059880239521,1039.123046875
07704_healthy.jpg,healthy,True,4000,2672,1.4970059880239521,857.359375
07705_healthy.jpg,healthy,True,4000,3000,1.3333333333333333,1018.3056640625
07706_healthy.jpg,healthy,True,4000,2672,1.4970059880239521,889.87890625
07707_healthy.jpg,healthy,True,4000,2672,1.4970059880239521,926.173828125
07708_healthy.jpg,healthy,True,4000,2672,1.4970059880239521,940.15234375
07709_healthy.jpg,healthy,True,4000,2672,1.4970059880239521,1028.4130859375
07710_healthy.jpg,healthy,True,4000,2672,1.4970059880239521,912.189453125
07711_healthy.jpg,healthy,True,4000,2672,1.4970059880239521,951.5703125
07712_healthy.jpg,healthy,True,4000,2672,1.4970059880239521,824.546875
07713_healthy.jpg,healthy,True,4000,2672,1.4970059880239521,891.8603515625
07714_healthy.jpg,healthy,True,4000,2672,1.4970059880239521,874.919921875
07715_healthy.jpg,healthy,True,4000,2672,1.4970059880239521,872.1171875
07716_healthy.jpg,healthy,True,4000,2672,1.4970059880239521,812.498046875
07717_healthy.jpg,healthy,True,4000,2672,1.4970059880239521,831.67578125
07718_healthy.jpg,healthy,True,4000,2672,1.4970059880239521,1020.1884765625
07719_healthy.jpg,healthy,True,4000,2672,1.4970059880239521,706.2578125
07720_healthy.jpg,healthy,True,4000,2672,1.4970059880239521,903.50390625
07721_healthy.jpg,healthy,True,4000,2672,1.4970059880239521,978.078125
07722_healthy.jpg,healthy,True,4000,2672,1.4970059880239521,891.08984375
07723_healthy.jpg,healthy,True,4000,3000,1.3333333333333333,1267.0322265625
07724_healthy.jpg,healthy,True,4000,2672,1.4970059880239521,775.8984375
07725_healthy.jpg,healthy,True,4000,3000,1.3333333333333333,1019.0439453125
07726_healthy.jpg,healthy,True,4000,2672,1.4970059880239521,856.7216796875
07727_healthy.jpg,healthy,True,4000,2672,1.4970059880239521,699.9541015625
07728_healthy.jpg,healthy,True,4000,2672,1.4970059880239521,1003.1484375
07729_healthy.jpg,healthy,True,4000,2672,1.4970059880239521,876.6904296875
07730_healthy.jpg,healthy,True,4000,3000,1.3333333333333333,999.017578125
07731_healthy.jpg,healthy,True,4000,2672,1.4970059880239521,797.8779296875
07732_healthy.jpg,healthy,True,4000,2672,1.4970059880239521,834.798828125
07733_healthy.jpg,healthy,True,4000,2672,1.4970059880239521,957.6640625
07734_healthy.jpg,healthy,True,4000,2672,1.4970059880239521,881.208984375
07735_healthy.jpg,healthy,True,4000,2672,1.4970059880239521,731.4560546875
07736_healthy.jpg,healthy,True,4000,2672,1.4970059880239521,750.5322265625
07737_healthy.jpg,healthy,True,4000,2672,1.4970059880239521,696.1953125
07738_healthy.jpg,healthy,True,4000,2672,1.4970059880239521,791.4189453125
07739_healthy.jpg,healthy,True,4000,2672,1.4970059880239521,547.2705078125
07740_healthy.jpg,healthy,True,4000,2672,1.4970059880239521,965.4560546875
07741_healthy.jpg,healthy,True,4000,3000,1.3333333333333333,1057.3046875
07742_healthy.jpg,healthy,True,4000,2672,1.4970059880239521,747.05859375
07743_healthy.jpg,healthy,True,4000,2672,1.4970059880239521,749.8583984375
07744_healthy.jpg,healthy,True,4000,2672,1.4970059880239521,802.7939453125
07745_healthy.jpg,healthy,True,4000,2672,1.4970059880239521,777.037109375
07746_healthy.jpg,healthy,True,4000,2672,1.4970059880239521,988.44921875
07747_healthy.jpg,healthy,True,4000,2672,1.4970059880239521,485.2275390625
07748_healthy.jpg,healthy,True,4000,2672,1.4970059880239521,813.1455078125
07749_healthy.jpg,healthy,True,4000,2672,1.4970059880239521,668.4296875
07750_healthy.jpg,healthy,True,4000,2672,1.4970059880239521,1002.5400390625
07751_healthy.jpg,healthy,True,4000,3000,1.3333333333333333,1054.2509765625
07752_healthy.jpg,healthy,True,4000,2672,1.4970059880239521,808.271484375
07753_healthy.jpg,healthy,True,4000,2672,1.4970059880239521,862.427734375
07754_healthy.jpg,healthy,True,4000,2672,1.4970059880239521,1115.5224609375
07755_healthy.jpg,healthy,True,4000,2672,1.4970059880239521,802.4375
07756_healthy.jpg,healthy,True,4000,2672,1.4970059880239521,803.201171875
07757_healthy.jpg,healthy,True,4000,2672,1.4970059880239521,941.3037109375
07758_healthy.jpg,healthy,True,4000,2672,1.4970059880239521,940.3310546875
07759_healthy.jpg,healthy,True,4000,2672,1.4970059880239521,676.3310546875
07760_healthy.jpg,healthy,True,4000,2672,1.4970059880239521,765.5390625
07761_healthy.jpg,healthy,True,4000,2672,1.4970059880239521,781.22265625
07762_healthy.jpg,healthy,True,4000,2672,1.4970059880239521,733.5244140625
07763_healthy.jpg,healthy,True,4000,2672,1.4970059880239521,896.7431640625
07764_healthy.jpg,healthy,True,4000,2672,1.4970059880239521,668.556640625
07765_healthy.jpg,healthy,True,4000,2672,1.4970059880239521,844.6103515625
07766_healthy.jpg,healthy,True,4000,2672,1.4970059880239521,776.5966796875
07767_healthy.jpg,healthy,True,4000,2672,1.4970059880239521,809.48828125
07768_healthy.jpg,healthy,True,4000,2672,1.4970059880239521,1167.4501953125
07769_healthy.jpg,healthy,True,4000,2672,1.4970059880239521,855.8037109375
07770_healthy.jpg,healthy,True,4000,2672,1.4970059880239521,1131.984375
07771_healthy.jpg,healthy,True,4000,2672,1.4970059880239521,841.025390625
07772_healthy.jpg,healthy,True,4000,2672,1.4970059880239521,776.126953125
07773_healthy.jpg,healthy,True,4000,2672,1.4970059880239521,764.7109375
07774_healthy.jpg,healthy,True,4000,2672,1.4970059880239521,878.9638671875
07775_healthy.jpg,healthy,True,4000,2672,1.4970059880239521,887.3564453125
07776_healthy.jpg,healthy,True,4000,2672,1.4970059880239521,793.095703125
07777_healthy.jpg,healthy,True,4000,2672,1.4970059880239521,1017.1689453125
07778_healthy.jpg,healthy,True,4000,2672,1.4970059880239521,750.2607421875
07779_healthy.jpg,healthy,True,4000,2672,1.4970059880239521,773.4619140625
07780_healthy.jpg,healthy,True,4000,2672,1.4970059880239521,1193.3232421875
07781_healthy.jpg,healthy,True,4000,2672,1.4970059880239521,1022.962890625
07782_healthy.jpg,healthy,True,4000,2672,1.4970059880239521,800.646484375
07783_healthy.jpg,healthy,True,4000,2672,1.4970059880239521,921.5673828125
07784_healthy.jpg,healthy,True,4000,2672,1.4970059880239521,775.91015625
07785_healthy.jpg,healthy,True,4000,2672,1.4970059880239521,698.0166015625
07786_healthy.jpg,healthy,True,4000,3000,1.3333333333333333,1037.2060546875
07787_healthy.jpg,healthy,True,4000,2672,1.4970059880239521,750.0888671875
07788_healthy.jpg,healthy,True,4000,2672,1.4970059880239521,808.841796875
07789_healthy.jpg,healthy,True,4000,2672,1.4970059880239521,939.76171875
07790_healthy.jpg,healthy,True,4000,2672,1.4970059880239521,1011.7216796875
07791_healthy.jpg,healthy,True,4000,2672,1.4970059880239521,898.751953125
07792_healthy.jpg,healthy,True,4000,2672,1.4970059880239521,933.1005859375
07793_healthy.jpg,healthy,True,4000,2672,1.4970059880239521,974.96875
07794_healthy.jpg,healthy,True,4000,2672,1.4970059880239521,977.5166015625
07795_healthy.jpg,healthy,True,4000,2672,1.4970059880239521,669.12109375
07796_healthy.jpg,healthy,True,4000,2672,1.4970059880239521,896.6162109375
07797_healthy.jpg,healthy,True,4000,2672,1.4970059880239521,812.986328125
07798_healthy.jpg,healthy,True,4000,2672,1.4970059880239521,997.296875
07799_healthy.jpg,healthy,True,4000,3000,1.3333333333333333,874.947265625
07800_healthy.jpg,healthy,True,4000,2672,1.4970059880239521,810.1259765625
07801_healthy.jpg,healthy,True,4000,2672,1.4970059880239521,890.35546875
07802_healthy.jpg,healthy,True,4000,2672,1.4970059880239521,956.619140625
07803_healthy.jpg,healthy,True,4000,2672,1.4970059880239521,680.9462890625
07804_healthy.jpg,healthy,True,4000,2672,1.4970059880239521,925.2763671875
07805_healthy.jpg,healthy,True,4000,2672,1.4970059880239521,967.40234375
07806_healthy.jpg,healthy,True,4000,2672,1.4970059880239521,1072.1474609375
07807_healthy.jpg,healthy,True,4000,2672,1.4970059880239521,1226.91015625
07808_healthy.jpg,healthy,True,4000,3000,1.3333333333333333,1102.8662109375
07809_healthy.jpg,healthy,True,4000,2672,1.4970059880239521,791.677734375
07810_healthy.jpg,healthy,True,4000,2672,1.4970059880239521,972.4951171875
07811_healthy.jpg,healthy,True,4000,2672,1.4970059880239521,833.9990234375
07812_healthy.jpg,healthy,True,4000,3000,1.3333333333333333,914.2568359375
07813_healthy.jpg,healthy,True,4000,2672,1.4970059880239521,805.9375
07814_healthy.jpg,healthy,True,4000,2672,1.4970059880239521,822.7919921875
07815_healthy.jpg,healthy,True,4000,2672,1.4970059880239521,884.8134765625
07816_healthy.jpg,healthy,True,4000,2672,1.4970059880239521,827.2001953125
07817_healthy.jpg,healthy,True,4000,2672,1.4970059880239521,802.69921875
07818_healthy.jpg,healthy,True,4000,2672,1.4970059880239521,763.4765625
07819_healthy.jpg,healthy,True,4000,2672,1.4970059880239521,635.9619140625
07820_healthy.jpg,healthy,True,4000,2672,1.4970059880239521,1074.625
07821_healthy.jpg,healthy,True,4000,2672,1.4970059880239521,772.2001953125
07822_healthy.jpg,healthy,True,4000,2672,1.4970059880239521,937.0029296875
07823_healthy.jpg,healthy,True,4000,2672,1.4970059880239521,803.119140625
07824_healthy.jpg,healthy,True,4000,2672,1.4970059880239521,1120.80859375
07825_healthy.jpg,healthy,True,4000,2672,1.4970059880239521,821.7041015625
07826_healthy.jpg,healthy,True,4000,3000,1.3333333333333333,1070.2548828125
07827_healthy.jpg,healthy,True,4000,2672,1.4970059880239521,1071.7685546875
07828_healthy.jpg,healthy,True,4000,2672,1.4970059880239521,570.556640625
07829_healthy.jpg,healthy,True,4000,2672,1.4970059880239521,972.8037109375
07830_healthy.jpg,healthy,True,4000,2672,1.4970059880239521,971.4423828125
07831_healthy.jpg,healthy,True,4000,2672,1.4970059880239521,720.171875
07832_healthy.jpg,healthy,True,4000,2672,1.4970059880239521,763.1083984375
07833_healthy.jpg,healthy,True,4000,2672,1.4970059880239521,875.9697265625
07834_healthy.jpg,healthy,True,4000,2672,1.4970059880239521,1025.5595703125
07835_healthy.jpg,healthy,True,4000,2672,1.4970059880239521,971.529296875
07836_healthy.jpg,healthy,True,4000,2672,1.4970059880239521,949.20703125
07837_healthy.jpg,healthy,True,4000,2672,1.4970059880239521,982.6806640625
07838_healthy.jpg,healthy,True,4000,2672,1.4970059880239521,620.6708984375
07839_healthy.jpg,healthy,True,4000,2672,1.4970059880239521,1057.6787109375
07840_healthy.jpg,healthy,True,4000,2672,1.4970059880239521,1227.91015625
07841_healthy.jpg,healthy,True,4000,2672,1.4970059880239521,772.625
07842_healthy.jpg,healthy,True,4000,2672,1.4970059880239521,802.6240234375
07843_healthy.jpg,healthy,True,4000,2672,1.4970059880239521,833.7373046875
07844_healthy.jpg,healthy,True,4000,2672,1.4970059880239521,741.984375
07845_healthy.jpg,healthy,True,4000,2672,1.4970059880239521,755.37890625
07846_healthy.jpg,healthy,True,4000,2672,1.4970059880239521,1076.4638671875
07847_healthy.jpg,healthy,True,4000,3000,1.3333333333333333,968.9443359375
07848_healthy.jpg,healthy,True,4000,2672,1.4970059880239521,712.2890625
07849_healthy.jpg,healthy,True,4000,2672,1.4970059880239521,895.2900390625
07850_healthy.jpg,healthy,True,4000,2672,1.4970059880239521,801.4658203125
07851_healthy.jpg,healthy,True,4000,2672,1.4970059880239521,781.3369140625
07852_healthy.jpg,healthy,True,4000,2672,1.4970059880239521,797.4296875
07853_healthy.jpg,healthy,True,4000,2672,1.4970059880239521,691.5126953125
07854_healthy.jpg,healthy,True,4000,2672,1.4970059880239521,716.896484375
07855_healthy.jpg,healthy,True,4000,2672,1.4970059880239521,750.099609375
07856_healthy.jpg,healthy,True,4000,2672,1.4970059880239521,1201.228515625
07857_healthy.jpg,healthy,True,4000,2672,1.4970059880239521,651.6689453125
07858_healthy.jpg,healthy,True,4000,2672,1.4970059880239521,1060.490234375
07859_healthy.jpg,healthy,True,4000,2672,1.4970059880239521,625.8359375
07860_healthy.jpg,healthy,True,4000,2672,1.4970059880239521,725.2890625
07861_healthy.jpg,healthy,True,4000,2672,1.4970059880239521,956.9775390625
07862_healthy.jpg,healthy,True,4000,2672,1.4970059880239521,735.29296875
07863_healthy.jpg,healthy,True,4000,2672,1.4970059880239521,947.69921875
07864_healthy.jpg,healthy,True,4000,2672,1.4970059880239521,1216.4423828125
07865_healthy.jpg,healthy,True,4000,2672,1.4970059880239521,620.5185546875
07866_healthy.jpg,healthy,True,4000,2672,1.4970059880239521,761.0791015625
07867_healthy.jpg,healthy,True,4000,2672,1.4970059880239521,822.7001953125
07868_healthy.jpg,healthy,True,4000,2672,1.4970059880239521,855.349609375
07869_healthy.jpg,healthy,True,4000,2672,1.4970059880239521,897.7880859375
07870_healthy.jpg,healthy,True,4000,2672,1.4970059880239521,940.5146484375
07871_healthy.jpg,healthy,True,4000,2672,1.4970059880239521,717.7822265625
07872_healthy.jpg,healthy,True,4000,2672,1.4970059880239521,888.91015625
07873_healthy.jpg,healthy,True,4000,2672,1.4970059880239521,927.3447265625
07874_healthy.jpg,healthy,True,4000,2672,1.4970059880239521,965.2646484375
07875_healthy.jpg,healthy,True,4000,2672,1.4970059880239521,695.87109375
07876_healthy.jpg,healthy,True,4000,2672,1.4970059880239521,702.91796875
07877_healthy.jpg,healthy,True,4000,2672,1.4970059880239521,1013.8349609375
07878_healthy.jpg,healthy,True,4000,2672,1.4970059880239521,1012.6015625
07879_healthy.jpg,healthy,True,4000,2672,1.4970059880239521,740.998046875
07880_healthy.jpg,healthy,True,4000,2672,1.4970059880239521,750.638671875
07881_healthy.jpg,healthy,True,4000,2672,1.4970059880239521,1110.4140625
07882_healthy.jpg,healthy,True,4000,2672,1.4970059880239521,918.9755859375
07883_healthy.jpg,healthy,True,4000,2672,1.4970059880239521,672.26953125
07884_healthy.jpg,healthy,True,4000,2672,1.4970059880239521,997.4560546875
07885_healthy.jpg,healthy,True,4000,2672,1.4970059880239521,934.4853515625
07886_healthy.jpg,healthy,True,4000,2672,1.4970059880239521,746.0986328125
07887_healthy.jpg,healthy,True,4000,2672,1.4970059880239521,860.830078125
07888_healthy.jpg,healthy,True,4000,2672,1.4970059880239521,909.9453125
07889_healthy.jpg,healthy,True,4000,2672,1.4970059880239521,734.392578125
07890_healthy.jpg,healthy,True,4000,3000,1.3333333333333333,934.1083984375
07891_healthy.jpg,healthy,True,4000,2672,1.4970059880239521,1085.7958984375
07892_healthy.jpg,healthy,True,4000,2672,1.4970059880239521,866.0595703125
07893_healthy.jpg,healthy,True,4000,2672,1.4970059880239521,723.310546875
07894_healthy.jpg,healthy,True,4000,2672,1.4970059880239521,789.3447265625
07895_healthy.jpg,healthy,True,4000,2672,1.4970059880239521,983.4501953125
07896_healthy.jpg,healthy,True,4000,2672,1.4970059880239521,952.8388671875
07897_healthy.jpg,healthy,True,4000,2672,1.4970059880239521,875.638671875
07898_healthy.jpg,healthy,True,4000,2672,1.4970059880239521,594.2021484375
07899_healthy.jpg,healthy,True,4000,2672,1.4970059880239521,743.6435546875
07900_healthy.jpg,healthy,True,4000,2672,1.4970059880239521,716.0537109375
07901_healthy.jpg,healthy,True,4000,2672,1.4970059880239521,945.646484375
07902_healthy.jpg,healthy,True,4000,2672,1.4970059880239521,766.4775390625
07903_healthy.jpg,healthy,True,4000,3000,1.3333333333333333,1120.6015625
07904_healthy.jpg,healthy,True,4000,2672,1.4970059880239521,886.0830078125
07905_healthy.jpg,healthy,True,4000,2672,1.4970059880239521,746.3935546875
07906_healthy.jpg,healthy,True,4000,2672,1.4970059880239521,627.20703125
07907_healthy.jpg,healthy,True,4000,2672,1.4970059880239521,810.8681640625
07908_healthy.jpg,healthy,True,4000,2672,1.4970059880239521,695.29296875
07909_healthy.jpg,healthy,True,4000,2672,1.4970059880239521,1276.501953125
07910_healthy.jpg,healthy,True,4000,2672,1.4970059880239521,1049.1318359375
07911_healthy.jpg,healthy,True,4000,2672,1.4970059880239521,1011.7255859375
07912_healthy.jpg,healthy,True,4000,2672,1.4970059880239521,752.9814453125
07913_healthy.jpg,healthy,True,4000,2672,1.4970059880239521,845.07421875
07914_healthy.jpg,healthy,True,4000,2672,1.4970059880239521,908.083984375
07915_healthy.jpg,healthy,True,4000,2672,1.4970059880239521,884.705078125
07916_healthy.jpg,healthy,True,4000,2672,1.4970059880239521,786.888671875
07917_healthy.jpg,healthy,True,4000,3000,1.3333333333333333,1082.46484375
07918_healthy.jpg,healthy,True,4000,2672,1.4970059880239521,1008.0986328125
07919_healthy.jpg,healthy,True,4000,2672,1.4970059880239521,825.3017578125
07920_healthy.jpg,healthy,True,4000,2672,1.4970059880239521,687.6328125
07921_healthy.jpg,healthy,True,4000,2672,1.4970059880239521,931.203125
07922_healthy.jpg,healthy,True,4000,2672,1.4970059880239521,981.9404296875
07923_healthy.jpg,healthy,True,4000,2672,1.4970059880239521,686.99609375
07924_healthy.jpg,healthy,True,4000,2672,1.4970059880239521,548.685546875
07925_healthy.jpg,healthy,True,4000,2672,1.4970059880239521,817.650390625
07926_healthy.jpg,healthy,True,4000,2672,1.4970059880239521,788.4248046875
07927_healthy.jpg,healthy,True,4000,2672,1.4970059880239521,813.0
07928_healthy.jpg,healthy,True,4000,2672,1.4970059880239521,907.5615234375
07929_healthy.jpg,healthy,True,4000,2672,1.4970059880239521,1246.4873046875
07930_healthy.jpg,healthy,True,4000,2672,1.4970059880239521,820.208984375
07931_healthy.jpg,healthy,True,4000,2672,1.4970059880239521,905.37109375
07932_healthy.jpg,healthy,True,4000,2672,1.4970059880239521,829.974609375
07933_healthy.jpg,healthy,True,4000,2672,1.4970059880239521,876.203125
07934_healthy.jpg,healthy,True,4000,2672,1.4970059880239521,1142.8994140625
07935_healthy.jpg,healthy,True,4000,2672,1.4970059880239521,691.0166015625
07936_healthy.jpg,healthy,True,4000,2672,1.4970059880239521,789.8251953125
07937_healthy.jpg,healthy,True,4000,2672,1.4970059880239521,781.2900390625
07938_healthy.jpg,healthy,True,4000,2672,1.4970059880239521,707.146484375
07939_healthy.jpg,healthy,True,4000,2672,1.4970059880239521,622.111328125
07940_healthy.jpg,healthy,True,4000,2672,1.4970059880239521,657.07421875
07941_healthy.jpg,healthy,True,4000,2672,1.4970059880239521,988.3837890625
07942_healthy.jpg,healthy,True,4000,2672,1.4970059880239521,982.794921875
07943_healthy.jpg,healthy,True,4000,2672,1.4970059880239521,1118.7998046875
07944_healthy.jpg,healthy,True,4000,2672,1.4970059880239521,1213.21875
07945_healthy.jpg,healthy,True,4000,2672,1.4970059880239521,961.021484375
07946_healthy.jpg,healthy,True,4000,2672,1.4970059880239521,688.84375
07947_healthy.jpg,healthy,True,4000,2672,1.4970059880239521,681.58984375
07948_healthy.jpg,healthy,True,4000,2672,1.4970059880239521,823.78515625
07949_healthy.jpg,healthy,True,4000,2672,1.4970059880239521,728.939453125
07950_healthy.jpg,healthy,True,4000,2672,1.4970059880239521,901.4365234375
07951_healthy.jpg,healthy,True,4000,2672,1.4970059880239521,1101.1416015625
07952_healthy.jpg,healthy,True,4000,2672,1.4970059880239521,932.79296875
07953_healthy.jpg,healthy,True,4000,2672,1.4970059880239521,771.7490234375
07954_healthy.jpg,healthy,True,4000,2672,1.4970059880239521,1118.67578125
07955_healthy.jpg,healthy,True,4000,2672,1.4970059880239521,968.890625
07956_healthy.jpg,healthy,True,4000,2672,1.4970059880239521,1095.0751953125
07957_healthy.jpg,healthy,True,4000,2672,1.4970059880239521,873.271484375
07958_healthy.jpg,healthy,True,4000,2672,1.4970059880239521,1031.435546875
07959_healthy.jpg,healthy,True,4000,2672,1.4970059880239521,789.6689453125
07960_healthy.jpg,healthy,True,4000,2672,1.4970059880239521,957.642578125
07961_healthy.jpg,healthy,True,4000,2672,1.4970059880239521,968.1259765625
07962_healthy.jpg,healthy,True,4000,2672,1.4970059880239521,860.75
07963_healthy.jpg,healthy,True,4000,2672,1.4970059880239521,1088.751953125
07964_healthy.jpg,healthy,True,4000,2672,1.4970059880239521,1260.0126953125
07965_healthy.jpg,healthy,True,4000,2672,1.4970059880239521,750.7783203125
07966_healthy.jpg,healthy,True,4000,2672,1.4970059880239521,954.2236328125
07967_healthy.jpg,healthy,True,4000,2672,1.4970059880239521,855.7421875
07968_healthy.jpg,healthy,True,4000,2672,1.4970059880239521,1212.537109375
07969_healthy.jpg,healthy,True,4000,2672,1.4970059880239521,770.0849609375
07970_healthy.jpg,healthy,True,4000,2672,1.4970059880239521,708.68359375
07971_healthy.jpg,healthy,True,4000,2672,1.4970059880239521,877.4375
07972_healthy.jpg,healthy,True,4000,2672,1.4970059880239521,785.884765625
07973_healthy.jpg,healthy,True,4000,2672,1.4970059880239521,893.1806640625
07974_healthy.jpg,healthy,True,4000,2672,1.4970059880239521,1074.69921875
07975_healthy.jpg,healthy,True,4000,2672,1.4970059880239521,922.1728515625
07976_healthy.jpg,healthy,True,4000,2672,1.4970059880239521,766.671875
07977_healthy.jpg,healthy,True,4000,2672,1.4970059880239521,1081.646484375
07978_healthy.jpg,healthy,True,4000,2672,1.4970059880239521,693.51953125
07979_healthy.jpg,healthy,True,4000,2672,1.4970059880239521,1023.8662109375
07980_healthy.jpg,healthy,True,4000,2672,1.4970059880239521,926.494140625
07981_healthy.jpg,healthy,True,4000,2672,1.4970059880239521,1058.236328125
07982_healthy.jpg,healthy,True,4000,2672,1.4970059880239521,519.8935546875
07983_healthy.jpg,healthy,True,4000,2672,1.4970059880239521,853.9228515625
07984_healthy.jpg,healthy,True,4000,2672,1.4970059880239521,1163.3037109375
07985_healthy.jpg,healthy,True,4000,2672,1.4970059880239521,861.4501953125
07986_healthy.jpg,healthy,True,4000,2672,1.4970059880239521,846.05078125
07987_healthy.jpg,healthy,True,4000,2672,1.4970059880239521,894.837890625
07988_healthy.jpg,healthy,True,4000,2672,1.4970059880239521,825.9697265625
07989_healthy.jpg,healthy,True,4000,2672,1.4970059880239521,739.4169921875
07990_healthy.jpg,healthy,True,4000,2672,1.4970059880239521,636.693359375
07991_healthy.jpg,healthy,True,4000,2672,1.4970059880239521,714.2216796875
07992_healthy.jpg,healthy,True,4000,2672,1.4970059880239521,1087.861328125
07993_healthy.jpg,healthy,True,4000,2672,1.4970059880239521,914.9267578125
07994_healthy.jpg,healthy,True,4000,2672,1.4970059880239521,802.5654296875
07995_healthy.jpg,healthy,True,4000,2672,1.4970059880239521,820.521484375
07996_healthy.jpg,healthy,True,4000,2672,1.4970059880239521,893.103515625
07997_healthy.jpg,healthy,True,4000,2672,1.4970059880239521,951.3154296875
07998_healthy.jpg,healthy,True,4000,2672,1.4970059880239521,775.7041015625
07999_healthy.jpg,healthy,True,4000,2672,1.4970059880239521,751.0166015625
08000_healthy.jpg,healthy,True,4000,2672,1.4970059880239521,1041.6923828125
08001_healthy.jpg,healthy,True,4000,2672,1.4970059880239521,1014.763671875
08002_healthy.jpg,healthy,True,4000,2672,1.4970059880239521,753.916015625
08003_healthy.jpg,healthy,True,4000,2672,1.4970059880239521,881.0419921875
08004_healthy.jpg,healthy,True,4000,2672,1.4970059880239521,897.5419921875
08005_healthy.jpg,healthy,True,4000,2672,1.4970059880239521,636.40234375
08006_healthy.jpg,healthy,True,4000,2672,1.4970059880239521,899.2763671875
08007_healthy.jpg,healthy,True,4000,2672,1.4970059880239521,903.177734375
08008_healthy.jpg,healthy,True,4000,2672,1.4970059880239521,917.2255859375
08009_healthy.jpg,healthy,True,4000,2672,1.4970059880239521,1029.9013671875
08010_healthy.jpg,healthy,True,4000,2672,1.4970059880239521,993.322265625
08011_healthy.jpg,healthy,True,4000,2672,1.4970059880239521,1047.537109375
08012_healthy.jpg,healthy,True,4000,2672,1.4970059880239521,950.3896484375
08013_healthy.jpg,healthy,True,4000,3000,1.3333333333333333,1024.1650390625
08014_healthy.jpg,healthy,True,4000,2672,1.4970059880239521,965.6181640625
08015_healthy.jpg,healthy,True,4000,2672,1.4970059880239521,985.0849609375
08016_healthy.jpg,healthy,True,4000,3000,1.3333333333333333,898.4423828125
08017_healthy.jpg,healthy,True,4000,2672,1.4970059880239521,701.453125
08018_healthy.jpg,healthy,True,4000,2672,1.4970059880239521,842.103515625
08019_healthy.jpg,healthy,True,4000,2672,1.4970059880239521,626.0712890625
08020_healthy.jpg,healthy,True,4000,2672,1.4970059880239521,839.3154296875
08021_healthy.jpg,healthy,True,4000,2672,1.4970059880239521,1072.9951171875
08022_healthy.jpg,healthy,True,4000,2672,1.4970059880239521,1110.2333984375
08023_healthy.jpg,healthy,True,4000,2672,1.4970059880239521,690.26171875
08024_healthy.jpg,healthy,True,4000,2672,1.4970059880239521,686.1162109375
08025_healthy.jpg,healthy,True,4000,2672,1.4970059880239521,929.845703125
08026_healthy.jpg,healthy,True,4000,2672,1.4970059880239521,1052.318359375
08027_healthy.jpg,healthy,True,4000,2672,1.4970059880239521,1054.166015625
08028_healthy.jpg,healthy,True,4000,2672,1.4970059880239521,801.0400390625
08029_healthy.jpg,healthy,True,4000,2672,1.4970059880239521,974.390625
08030_healthy.jpg,healthy,True,4000,2672,1.4970059880239521,783.3388671875
08031_healthy.jpg,healthy,True,4000,2672,1.4970059880239521,802.140625
08032_healthy.jpg,healthy,True,4000,2672,1.4970059880239521,1012.0947265625
08033_healthy.jpg,healthy,True,4000,2672,1.4970059880239521,746.2724609375
08034_healthy.jpg,healthy,True,4000,2672,1.4970059880239521,989.3349609375
08035_healthy.jpg,healthy,True,4000,2672,1.4970059880239521,827.28515625
08036_healthy.jpg,healthy,True,4000,2672,1.4970059880239521,862.2041015625
08037_healthy.jpg,healthy,True,4000,2672,1.4970059880239521,882.5302734375
08038_healthy.jpg,healthy,True,4000,2672,1.4970059880239521,692.6162109375
08039_healthy.jpg,healthy,True,4000,2672,1.4970059880239521,1108.20703125
08040_healthy.jpg,healthy,True,4000,2672,1.4970059880239521,713.6708984375
08041_healthy.jpg,healthy,True,4000,2672,1.4970059880239521,889.0048828125
08042_healthy.jpg,healthy,True,4000,2672,1.4970059880239521,817.568359375
08043_healthy.jpg,healthy,True,4000,2672,1.4970059880239521,982.8916015625
08044_healthy.jpg,healthy,True,4000,2672,1.4970059880239521,859.166015625
08045_healthy.jpg,healthy,True,4000,2672,1.4970059880239521,976.2314453125
08046_healthy.jpg,healthy,True,4000,3000,1.3333333333333333,924.98046875
08047_healthy.jpg,healthy,True,4000,2672,1.4970059880239521,1110.7978515625
08048_healthy.jpg,healthy,True,4000,2672,1.4970059880239521,650.59765625
08049_healthy.jpg,healthy,True,4000,2672,1.4970059880239521,1054.2333984375
08050_healthy.jpg,healthy,True,4000,2672,1.4970059880239521,857.0732421875
08051_healthy.jpg,healthy,True,4000,2672,1.4970059880239521,796.62109375
08052_healthy.jpg,healthy,True,4000,2672,1.4970059880239521,884.083984375
08053_healthy.jpg,healthy,True,4000,2672,1.4970059880239521,899.2138671875
08054_healthy.jpg,healthy,True,4000,2672,1.4970059880239521,870.81640625
08055_healthy.jpg,healthy,True,4000,2672,1.4970059880239521,678.3369140625
08056_healthy.jpg,healthy,True,4000,2672,1.4970059880239521,1023.548828125
08057_healthy.jpg,healthy,True,4000,2672,1.4970059880239521,1026.7607421875
08058_healthy.jpg,healthy,True,4000,2672,1.4970059880239521,877.935546875
08059_healthy.jpg,healthy,True,4000,3000,1.3333333333333333,1279.140625
08060_healthy.jpg,healthy,True,4000,2672,1.4970059880239521,966.4326171875
08061_healthy.jpg,healthy,True,4000,2672,1.4970059880239521,789.8388671875
08062_healthy.jpg,healthy,True,4000,2672,1.4970059880239521,876.8330078125
08063_healthy.jpg,healthy,True,4000,2672,1.4970059880239521,891.4580078125
08064_healthy.jpg,healthy,True,4000,2672,1.4970059880239521,1043.978515625
08065_healthy.jpg,healthy,True,4000,2672,1.4970059880239521,998.498046875
08066_healthy.jpg,healthy,True,4000,2672,1.4970059880239521,791.458984375
08067_healthy.jpg,healthy,True,4000,2672,1.4970059880239521,632.0966796875
08068_healthy.jpg,healthy,True,4000,2672,1.4970059880239521,656.9169921875
08069_healthy.jpg,healthy,True,4000,2672,1.4970059880239521,655.240234375
08070_healthy.jpg,healthy,True,4000,2672,1.4970059880239521,680.45703125
08071_healthy.jpg,healthy,True,4000,2672,1.4970059880239521,773.2490234375
08072_healthy.jpg,healthy,True,4000,2672,1.4970059880239521,938.603515625
08073_healthy.jpg,healthy,True,4000,2672,1.4970059880239521,911.783203125
08074_healthy.jpg,healthy,True,4000,2672,1.4970059880239521,963.5419921875
08075_healthy.jpg,healthy,True,4000,2672,1.4970059880239521,889.8818359375
08076_healthy.jpg,healthy,True,4000,2672,1.4970059880239521,792.3486328125
08077_healthy.jpg,healthy,True,4000,2672,1.4970059880239521,1191.11328125
08078_healthy.jpg,healthy,True,4000,2672,1.4970059880239521,643.7119140625
08079_healthy.jpg,healthy,True,4000,2672,1.4970059880239521,898.0126953125
08080_healthy.jpg,healthy,True,4000,2672,1.4970059880239521,751.6005859375
08081_healthy.jpg,healthy,True,4000,2672,1.4970059880239521,1041.443359375
08082_healthy.jpg,healthy,True,4000,2672,1.4970059880239521,729.2802734375
08083_healthy.jpg,healthy,True,4000,2672,1.4970059880239521,1033.74609375
08084_healthy.jpg,healthy,True,4000,2672,1.4970059880239521,667.224609375
08085_healthy.jpg,healthy,True,4000,2672,1.4970059880239521,822.1572265625
08086_healthy.jpg,healthy,True,4000,2672,1.4970059880239521,576.56640625
08087_healthy.jpg,healthy,True,4000,2672,1.4970059880239521,795.296875
08088_healthy.jpg,healthy,True,4000,2672,1.4970059880239521,844.763671875
08089_healthy.jpg,healthy,True,4000,2672,1.4970059880239521,760.28515625
08090_healthy.jpg,healthy,True,4000,2672,1.4970059880239521,890.912109375
08091_healthy.jpg,healthy,True,4000,2672,1.4970059880239521,876.865234375
08092_healthy.jpg,healthy,True,4000,2672,1.4970059880239521,727.248046875
08093_healthy.jpg,healthy,True,4000,2672,1.4970059880239521,962.5322265625
08094_healthy.jpg,healthy,True,4000,2672,1.4970059880239521,742.6376953125
08095_healthy.jpg,healthy,True,4000,2672,1.4970059880239521,574.2294921875
08096_healthy.jpg,healthy,True,4000,2672,1.4970059880239521,859.703125
08097_healthy.jpg,healthy,True,4000,2672,1.4970059880239521,1024.7978515625
08098_healthy.jpg,healthy,True,4000,2672,1.4970059880239521,959.0849609375
08099_healthy.jpg,healthy,True,4000,2672,1.4970059880239521,969.3466796875
08100_healthy.jpg,healthy,True,4000,2672,1.4970059880239521,714.099609375
08101_healthy.jpg,healthy,True,4000,2672,1.4970059880239521,1002.4072265625
08102_healthy.jpg,healthy,True,4000,2672,1.4970059880239521,1093.8994140625
08103_healthy.jpg,healthy,True,4000,2672,1.4970059880239521,943.845703125
08104_healthy.jpg,healthy,True,4000,2672,1.4970059880239521,859.01171875
08105_healthy.jpg,healthy,True,4000,2672,1.4970059880239521,932.4345703125
08106_healthy.jpg,healthy,True,4000,2672,1.4970059880239521,809.9560546875
08107_healthy.jpg,healthy,True,4000,2672,1.4970059880239521,913.7216796875
08108_healthy.jpg,healthy,True,4000,2672,1.4970059880239521,798.6728515625
08109_healthy.jpg,healthy,True,4000,2672,1.4970059880239521,791.4951171875
08110_healthy.jpg,healthy,True,4000,2672,1.4970059880239521,753.7109375
08111_healthy.jpg,healthy,True,4000,2672,1.4970059880239521,548.005859375
08112_healthy.jpg,healthy,True,4000,2672,1.4970059880239521,1138.810546875
08113_healthy.jpg,healthy,True,4000,2672,1.4970059880239521,1075.2431640625
08114_healthy.jpg,healthy,True,4000,2672,1.4970059880239521,1081.837890625
08115_healthy.jpg,healthy,True,4000,2672,1.4970059880239521,891.9228515625
08116_healthy.jpg,healthy,True,4000,2672,1.4970059880239521,738.177734375
08117_healthy.jpg,healthy,True,4000,2672,1.4970059880239521,801.3046875
08118_healthy.jpg,healthy,True,4000,2672,1.4970059880239521,887.69921875
08119_healthy.jpg,healthy,True,4000,2672,1.4970059880239521,862.6943359375
08120_healthy.jpg,healthy,True,4000,2672,1.4970059880239521,576.5810546875
08121_healthy.jpg,healthy,True,4000,2672,1.4970059880239521,940.3349609375
08122_healthy.jpg,healthy,True,4000,2672,1.4970059880239521,1116.34765625
08123_healthy.jpg,healthy,True,4000,2672,1.4970059880239521,679.904296875
08124_healthy.jpg,healthy,True,4000,2672,1.4970059880239521,715.1474609375
08125_healthy.jpg,healthy,True,4000,2672,1.4970059880239521,699.16796875
08126_healthy.jpg,healthy,True,4000,2672,1.4970059880239521,887.4013671875
08127_healthy.jpg,healthy,True,4000,2672,1.4970059880239521,1112.4140625
08128_healthy.jpg,healthy,True,4000,2672,1.4970059880239521,911.1962890625
08129_healthy.jpg,healthy,True,4000,2672,1.4970059880239521,680.005859375
08130_healthy.jpg,healthy,True,4000,2672,1.4970059880239521,800.935546875
08131_healthy.jpg,healthy,True,4000,2672,1.4970059880239521,1110.8349609375
08132_healthy.jpg,healthy,True,4000,2672,1.4970059880239521,944.0126953125
08133_healthy.jpg,healthy,True,4000,2672,1.4970059880239521,946.177734375
08134_healthy.jpg,healthy,True,4000,2672,1.4970059880239521,977.6572265625
08135_healthy.jpg,healthy,True,4000,2672,1.4970059880239521,693.1552734375
08136_healthy.jpg,healthy,True,4000,2672,1.4970059880239521,796.927734375
08137_healthy.jpg,healthy,True,4000,2672,1.4970059880239521,957.8818359375
08138_healthy.jpg,healthy,True,4000,2672,1.4970059880239521,762.01171875
08139_healthy.jpg,healthy,True,4000,2672,1.4970059880239521,728.7529296875
08140_healthy.jpg,healthy,True,4000,2672,1.4970059880239521,697.6123046875
08141_healthy.jpg,healthy,True,4000,2672,1.4970059880239521,586.71875
08142_healthy.jpg,healthy,True,4000,2672,1.4970059880239521,707.265625
08143_healthy.jpg,healthy,True,4000,2672,1.4970059880239521,990.0595703125
08144_healthy.jpg,healthy,True,4000,2672,1.4970059880239521,880.5556640625
08145_healthy.jpg,healthy,True,4000,2672,1.4970059880239521,1055.2236328125
08146_healthy.jpg,healthy,True,4000,3000,1.3333333333333333,925.435546875
08147_healthy.jpg,healthy,True,4000,2672,1.4970059880239521,1075.44140625
08148_healthy.jpg,healthy,True,4000,2672,1.4970059880239521,861.265625
08149_healthy.jpg,healthy,True,4000,2672,1.4970059880239521,762.54296875
08150_healthy.jpg,healthy,True,4000,2672,1.4970059880239521,999.20703125
08151_healthy.jpg,healthy,True,4000,2672,1.4970059880239521,1098.92578125
08152_healthy.jpg,healthy,True,4000,2672,1.4970059880239521,1078.3740234375
08153_healthy.jpg,healthy,True,4000,2672,1.4970059880239521,945.8291015625
08154_healthy.jpg,healthy,True,4000,2672,1.4970059880239521,1045.3935546875
08155_healthy.jpg,healthy,True,4000,2672,1.4970059880239521,805.45703125
08156_healthy.jpg,healthy,True,4000,2672,1.4970059880239521,1031.310546875
08157_healthy.jpg,healthy,True,4000,2672,1.4970059880239521,654.5478515625
08158_healthy.jpg,healthy,True,4000,2672,1.4970059880239521,602.794921875
08159_healthy.jpg,healthy,True,4000,2672,1.4970059880239521,897.2724609375
08160_healthy.jpg,healthy,True,4000,2672,1.4970059880239521,968.5126953125
08161_healthy.jpg,healthy,True,4000,2672,1.4970059880239521,824.2861328125
08162_healthy.jpg,healthy,True,4000,2672,1.4970059880239521,865.7490234375
08163_healthy.jpg,healthy,True,4000,2672,1.4970059880239521,858.634765625
08164_healthy.jpg,healthy,True,4000,2672,1.4970059880239521,687.7275390625
08165_healthy.jpg,healthy,True,4000,2672,1.4970059880239521,959.798828125
08166_healthy.jpg,healthy,True,4000,2672,1.4970059880239521,814.0791015625
08167_healthy.jpg,healthy,True,4000,2672,1.4970059880239521,673.7353515625
08168_healthy.jpg,healthy,True,4000,2672,1.4970059880239521,738.556640625
08169_healthy.jpg,healthy,True,4000,2672,1.4970059880239521,667.353515625
08170_healthy.jpg,healthy,True,4000,2672,1.4970059880239521,970.296875
08171_healthy.jpg,healthy,True,4000,2672,1.4970059880239521,561.30078125
08172_healthy.jpg,healthy,True,4000,2672,1.4970059880239521,905.572265625
08173_healthy.jpg,healthy,True,4000,2672,1.4970059880239521,801.587890625
08174_healthy.jpg,healthy,True,4000,2672,1.4970059880239521,798.3251953125
08175_healthy.jpg,healthy,True,4000,2672,1.4970059880239521,755.1298828125
08176_healthy.jpg,healthy,True,4000,2672,1.4970059880239521,736.7998046875
08177_healthy.jpg,healthy,True,4000,2672,1.4970059880239521,608.310546875
08178_healthy.jpg,healthy,True,4000,3000,1.3333333333333333,1105.78125
08179_healthy.jpg,healthy,True,4000,2672,1.4970059880239521,818.65625
08180_healthy.jpg,healthy,True,4000,2672,1.4970059880239521,612.724609375
08181_healthy.jpg,healthy,True,4000,2672,1.4970059880239521,870.4013671875
08182_healthy.jpg,healthy,True,4000,2672,1.4970059880239521,935.6357421875
08183_healthy.jpg,healthy,True,4000,2672,1.4970059880239521,555.626953125
08184_healthy.jpg,healthy,True,4000,2672,1.4970059880239521,774.328125
08185_healthy.jpg,healthy,True,4000,2672,1.4970059880239521,855.7275390625
08186_healthy.jpg,healthy,True,4000,2672,1.4970059880239521,792.0810546875
08187_healthy.jpg,healthy,True,4000,2672,1.4970059880239521,875.8349609375
08188_healthy.jpg,healthy,True,4000,2672,1.4970059880239521,744.5146484375
08189_healthy.jpg,healthy,True,4000,2672,1.4970059880239521,1014.0966796875
08190_healthy.jpg,healthy,True,4000,2672,1.4970059880239521,862.765625
08191_healthy.jpg,healthy,True,4000,2672,1.4970059880239521,944.7001953125
08192_healthy.jpg,healthy,True,4000,2672,1.4970059880239521,711.77734375
08193_healthy.jpg,healthy,True,4000,2672,1.4970059880239521,773.478515625
08194_healthy.jpg,healthy,True,4000,2672,1.4970059880239521,790.99609375
08195_healthy.jpg,healthy,True,4000,2672,1.4970059880239521,788.958984375
08196_healthy.jpg,healthy,True,4000,2672,1.4970059880239521,737.5341796875
08197_healthy.jpg,healthy,True,4000,2672,1.4970059880239521,699.1240234375
08198_healthy.jpg,healthy,True,4000,2672,1.4970059880239521,786.9296875
08199_healthy.jpg,healthy,True,4000,2672,1.4970059880239521,947.763671875
08200_healthy.jpg,healthy,True,4000,2672,1.4970059880239521,843.720703125
08201_healthy.jpg,healthy,True,4000,2672,1.4970059880239521,783.2529296875
08202_healthy.jpg,healthy,True,4000,2672,1.4970059880239521,717.109375
08203_healthy.jpg,healthy,True,4000,2672,1.4970059880239521,905.6474609375
08204_healthy.jpg,healthy,True,4000,2672,1.4970059880239521,937.1650390625
08205_healthy.jpg,healthy,True,4000,2672,1.4970059880239521,828.8662109375
08206_healthy.jpg,healthy,True,4000,2672,1.4970059880239521,966.2734375
08207_healthy.jpg,healthy,True,4000,2672,1.4970059880239521,547.625
08208_healthy.jpg,healthy,True,4000,2672,1.4970059880239521,888.3662109375
08209_healthy.jpg,healthy,True,4000,3000,1.3333333333333333,1102.9052734375
08210_healthy.jpg,healthy,True,4000,3000,1.3333333333333333,1117.220703125
08211_healthy.jpg,healthy,True,4000,3000,1.3333333333333333,1030.2138671875
08212_healthy.jpg,healthy,True,4000,2672,1.4970059880239521,730.2470703125
08213_healthy.jpg,healthy,True,4000,2672,1.4970059880239521,1047.6220703125
08214_healthy.jpg,healthy,True,4000,2672,1.4970059880239521,960.7421875
08215_healthy.jpg,healthy,True,4000,2672,1.4970059880239521,665.0068359375
08216_healthy.jpg,healthy,True,4000,2672,1.4970059880239521,906.751953125
08217_healthy.jpg,healthy,True,4000,2672,1.4970059880239521,906.73828125
08218_healthy.jpg,healthy,True,4000,2672,1.4970059880239521,1014.943359375
08219_healthy.jpg,healthy,True,4000,2672,1.4970059880239521,810.3955078125
08220_healthy.jpg,healthy,True,4000,2672,1.4970059880239521,867.5166015625
08221_healthy.jpg,healthy,True,4000,2672,1.4970059880239521,595.943359375
08222_healthy.jpg,healthy,True,4000,2672,1.4970059880239521,855.783203125
08223_healthy.jpg,healthy,True,4000,2672,1.4970059880239521,919.365234375
08224_healthy.jpg,healthy,True,4000,2672,1.4970059880239521,929.328125
08225_healthy.jpg,healthy,True,4000,2672,1.4970059880239521,790.6669921875
08226_healthy.jpg,healthy,True,4000,2672,1.4970059880239521,957.2412109375
08227_healthy.jpg,healthy,True,4000,2672,1.4970059880239521,704.64453125
08228_healthy.jpg,healthy,True,4000,2672,1.4970059880239521,1017.4423828125
08229_healthy.jpg,healthy,True,4000,2672,1.4970059880239521,939.802734375
08230_healthy.jpg,healthy,True,4000,2672,1.4970059880239521,775.3759765625
08231_healthy.jpg,healthy,True,4000,2672,1.4970059880239521,1124.49609375
08232_healthy.jpg,healthy,True,4000,2672,1.4970059880239521,1027.3056640625
08233_healthy.jpg,healthy,True,4000,2672,1.4970059880239521,689.630859375
08234_healthy.jpg,healthy,True,4000,2672,1.4970059880239521,819.8251953125
08235_healthy.jpg,healthy,True,4000,2672,1.4970059880239521,611.0263671875
08236_healthy.jpg,healthy,True,4000,2672,1.4970059880239521,1108.0126953125
08237_healthy.jpg,healthy,True,4000,2672,1.4970059880239521,835.666015625
08238_healthy.jpg,healthy,True,4000,3000,1.3333333333333333,1187.0859375
08239_healthy.jpg,healthy,True,4000,2672,1.4970059880239521,929.10546875
08240_healthy.jpg,healthy,True,4000,2672,1.4970059880239521,837.853515625
08241_healthy.jpg,healthy,True,4000,2672,1.4970059880239521,930.2509765625
08242_healthy.jpg,healthy,True,4000,2672,1.4970059880239521,814.3232421875
08243_healthy.jpg,healthy,True,4000,2672,1.4970059880239521,802.4130859375
08244_healthy.jpg,healthy,True,4000,3000,1.3333333333333333,903.583984375
08245_healthy.jpg,healthy,True,4000,2672,1.4970059880239521,1009.6728515625
08246_healthy.jpg,healthy,True,4000,3000,1.3333333333333333,846.50390625
08247_healthy.jpg,healthy,True,4000,2672,1.4970059880239521,781.6220703125
08248_healthy.jpg,healthy,True,4000,2672,1.4970059880239521,975.4052734375
08249_healthy.jpg,healthy,True,4000,2672,1.4970059880239521,1046.9755859375
08250_healthy.jpg,healthy,True,4000,2672,1.4970059880239521,1049.7822265625
08251_healthy.jpg,healthy,True,4000,2672,1.4970059880239521,796.25
08252_healthy.jpg,healthy,True,4000,2672,1.4970059880239521,742.1396484375
08253_healthy.jpg,healthy,True,4000,2672,1.4970059880239521,963.4990234375
08254_healthy.jpg,healthy,True,4000,2672,1.4970059880239521,786.4833984375
08255_healthy.jpg,healthy,True,4000,2672,1.4970059880239521,803.6806640625
08256_healthy.jpg,healthy,True,4000,2672,1.4970059880239521,551.5517578125
08257_healthy.jpg,healthy,True,4000,2672,1.4970059880239521,793.9580078125
08258_healthy.jpg,healthy,True,4000,2672,1.4970059880239521,1016.5390625
08259_healthy.jpg,healthy,True,4000,2672,1.4970059880239521,970.0078125
08260_healthy.jpg,healthy,True,4000,2672,1.4970059880239521,698.763671875
08261_healthy.jpg,healthy,True,4000,2672,1.4970059880239521,812.5986328125
08262_healthy.jpg,healthy,True,4000,2672,1.4970059880239521,710.76953125
08263_healthy.jpg,healthy,True,4000,2672,1.4970059880239521,611.837890625
08264_healthy.jpg,healthy,True,4000,2672,1.4970059880239521,1053.7783203125
08265_healthy.jpg,healthy,True,4000,2672,1.4970059880239521,1127.5283203125
08266_healthy.jpg,healthy,True,4000,2672,1.4970059880239521,819.37890625
08267_healthy.jpg,healthy,True,4000,2672,1.4970059880239521,785.9765625
08268_healthy.jpg,healthy,True,4000,2672,1.4970059880239521,746.0029296875
08269_healthy.jpg,healthy,True,4000,2672,1.4970059880239521,685.7978515625
08270_healthy.jpg,healthy,True,4000,2672,1.4970059880239521,603.7822265625
08271_healthy.jpg,healthy,True,4000,2672,1.4970059880239521,646.408203125
08272_healthy.jpg,healthy,True,4000,2672,1.4970059880239521,727.2890625
08273_healthy.jpg,healthy,True,4000,3000,1.3333333333333333,977.765625
08274_healthy.jpg,healthy,True,4000,2672,1.4970059880239521,884.6015625
08275_healthy.jpg,healthy,True,4000,2672,1.4970059880239521,773.740234375
08276_healthy.jpg,healthy,True,4000,2672,1.4970059880239521,952.7265625
08277_healthy.jpg,healthy,True,4000,2672,1.4970059880239521,988.1982421875
08278_healthy.jpg,healthy,True,4000,2672,1.4970059880239521,560.3095703125
08279_healthy.jpg,healthy,True,4000,2672,1.4970059880239521,671.9609375
08280_healthy.jpg,healthy,True,4000,3000,1.3333333333333333,1031.49609375
08281_healthy.jpg,healthy,True,4000,2672,1.4970059880239521,811.65234375
08282_healthy.jpg,healthy,True,4000,2672,1.4970059880239521,922.0576171875
08283_healthy.jpg,healthy,True,4000,2672,1.4970059880239521,597.8134765625
08284_healthy.jpg,healthy,True,4000,2672,1.4970059880239521,958.96875
08285_healthy.jpg,healthy,True,4000,2672,1.4970059880239521,728.306640625
08286_healthy.jpg,healthy,True,4000,2672,1.4970059880239521,765.5654296875
08287_healthy.jpg,healthy,True,4000,2672,1.4970059880239521,861.2685546875
08288_healthy.jpg,healthy,True,4000,2672,1.4970059880239521,745.755859375
08289_healthy.jpg,healthy,True,4000,2672,1.4970059880239521,947.0771484375
08290_healthy.jpg,healthy,True,4000,2672,1.4970059880239521,955.1455078125
08291_healthy.jpg,healthy,True,4000,2672,1.4970059880239521,927.6015625
08292_healthy.jpg,healthy,True,4000,2672,1.4970059880239521,906.6982421875
08293_healthy.jpg,healthy,True,4000,2672,1.4970059880239521,784.234375
08294_healthy.jpg,healthy,True,4000,2672,1.4970059880239521,816.201171875
08295_healthy.jpg,healthy,True,4000,2672,1.4970059880239521,789.08984375
08296_healthy.jpg,healthy,True,4000,2672,1.4970059880239521,1053.7783203125
08297_healthy.jpg,healthy,True,4000,2672,1.4970059880239521,706.14453125
08298_healthy.jpg,healthy,True,4000,2672,1.4970059880239521,961.1728515625
08299_healthy.jpg,healthy,True,4000,2672,1.4970059880239521,797.8955078125
08300_healthy.jpg,healthy,True,4000,2672,1.4970059880239521,830.0810546875
08301_healthy.jpg,healthy,True,4000,2672,1.4970059880239521,1165.5341796875
08302_healthy.jpg,healthy,True,4000,2672,1.4970059880239521,820.97265625
08303_healthy.jpg,healthy,True,4000,2672,1.4970059880239521,803.755859375
08304_healthy.jpg,healthy,True,4000,2672,1.4970059880239521,783.2958984375
08305_healthy.jpg,healthy,True,4000,2672,1.4970059880239521,610.3974609375
08306_healthy.jpg,healthy,True,4000,2672,1.4970059880239521,889.166015625
08307_healthy.jpg,healthy,True,4000,2672,1.4970059880239521,969.298828125
08308_healthy.jpg,healthy,True,4000,2672,1.4970059880239521,849.4443359375
08309_healthy.jpg,healthy,True,4000,2672,1.4970059880239521,737.3662109375
08310_healthy.jpg,healthy,True,4000,2672,1.4970059880239521,806.4462890625
08311_healthy.jpg,healthy,True,4000,2672,1.4970059880239521,734.1591796875
08312_healthy.jpg,healthy,True,4000,2672,1.4970059880239521,805.2900390625
08313_healthy.jpg,healthy,True,4000,2672,1.4970059880239521,741.14453125
08314_healthy.jpg,healthy,True,4000,2672,1.4970059880239521,831.4228515625
08315_healthy.jpg,healthy,True,4000,2672,1.4970059880239521,1004.724609375
08316_healthy.jpg,healthy,True,4000,2672,1.4970059880239521,852.142578125
08317_healthy.jpg,healthy,True,4000,2672,1.4970059880239521,881.498046875
08318_healthy.jpg,healthy,True,4000,2672,1.4970059880239521,774.9423828125
08319_healthy.jpg,healthy,True,4000,2672,1.4970059880239521,962.8203125
08320_healthy.jpg,healthy,True,4000,2672,1.4970059880239521,711.8466796875
08321_healthy.jpg,healthy,True,4000,2672,1.4970059880239521,1016.4765625
08322_healthy.jpg,healthy,True,4000,2672,1.4970059880239521,790.51953125
08323_healthy.jpg,healthy,True,4000,2672,1.4970059880239521,620.1064453125
08324_healthy.jpg,healthy,True,4000,2672,1.4970059880239521,727.451171875
08325_healthy.jpg,healthy,True,4000,2672,1.4970059880239521,896.8427734375
08326_healthy.jpg,healthy,True,4000,2672,1.4970059880239521,816.9716796875
08327_healthy.jpg,healthy,True,4000,2672,1.4970059880239521,700.4521484375
08328_healthy.jpg,healthy,True,4000,2672,1.4970059880239521,695.1416015625
08329_healthy.jpg,healthy,True,4000,2672,1.4970059880239521,709.953125
08330_healthy.jpg,healthy,True,4000,2672,1.4970059880239521,1095.861328125
08331_healthy.jpg,healthy,True,4000,2672,1.4970059880239521,714.11328125
08332_healthy.jpg,healthy,True,4000,2672,1.4970059880239521,783.9931640625
08333_healthy.jpg,healthy,True,4000,2672,1.4970059880239521,783.591796875
08334_healthy.jpg,healthy,True,4000,2672,1.4970059880239521,951.7265625
08335_healthy.jpg,healthy,True,4000,2672,1.4970059880239521,920.6162109375
08336_healthy.jpg,healthy,True,4000,2672,1.4970059880239521,730.669921875
08337_healthy.jpg,healthy,True,4000,2672,1.4970059880239521,977.58984375
08338_healthy.jpg,healthy,True,4000,2672,1.4970059880239521,744.2373046875
08339_healthy.jpg,healthy,True,4000,2672,1.4970059880239521,748.4287109375
08340_healthy.jpg,healthy,True,4000,3000,1.3333333333333333,1033.916015625
08341_healthy.jpg,healthy,True,4000,3000,1.3333333333333333,823.474609375
08342_healthy.jpg,healthy,True,4000,2672,1.4970059880239521,834.6005859375
08343_healthy.jpg,healthy,True,4000,2672,1.4970059880239521,781.80078125
08344_healthy.jpg,healthy,True,4000,2672,1.4970059880239521,700.9169921875
08345_healthy.jpg,healthy,True,4000,3000,1.3333333333333333,1074.6708984375
08346_healthy.jpg,healthy,True,4000,2672,1.4970059880239521,671.63671875
08347_healthy.jpg,healthy,True,4000,2672,1.4970059880239521,990.2392578125
08348_healthy.jpg,healthy,True,4000,2672,1.4970059880239521,722.109375
08349_healthy.jpg,healthy,True,4000,2672,1.4970059880239521,1104.615234375
08350_healthy.jpg,healthy,True,4000,2672,1.4970059880239521,784.412109375
08351_healthy.jpg,healthy,True,4000,2672,1.4970059880239521,575.3916015625
08352_healthy.jpg,healthy,True,4000,2672,1.4970059880239521,945.9072265625
08353_healthy.jpg,healthy,True,4000,3000,1.3333333333333333,1007.220703125
08354_healthy.jpg,healthy,True,4000,2672,1.4970059880239521,922.7958984375
08355_healthy.jpg,healthy,True,4000,2672,1.4970059880239521,745.7470703125
08356_healthy.jpg,healthy,True,4000,3000,1.3333333333333333,1010.34375
08357_healthy.jpg,healthy,True,4000,2672,1.4970059880239521,601.541015625
08358_healthy.jpg,healthy,True,4000,2672,1.4970059880239521,790.3466796875
08359_healthy.jpg,healthy,True,4000,2672,1.4970059880239521,1041.95703125
08360_healthy.jpg,healthy,True,4000,2672,1.4970059880239521,826.306640625
08361_healthy.jpg,healthy,True,4000,2672,1.4970059880239521,690.0068359375
08362_healthy.jpg,healthy,True,4000,3000,1.3333333333333333,960.5703125
08363_healthy.jpg,healthy,True,4000,2672,1.4970059880239521,817.1669921875
08364_healthy.jpg,healthy,True,4000,2672,1.4970059880239521,753.69140625
08365_healthy.jpg,healthy,True,4000,2672,1.4970059880239521,677.091796875
08366_healthy.jpg,healthy,True,4000,2672,1.4970059880239521,896.9873046875
08367_healthy.jpg,healthy,True,4000,2672,1.4970059880239521,913.5322265625
08368_healthy.jpg,healthy,True,4000,2672,1.4970059880239521,947.2646484375
08369_healthy.jpg,healthy,True,4000,3000,1.3333333333333333,1073.521484375
08370_healthy.jpg,healthy,True,4000,2672,1.4970059880239521,756.9287109375
08371_healthy.jpg,healthy,True,4000,2672,1.4970059880239521,598.4677734375
08372_healthy.jpg,healthy,True,4000,2672,1.4970059880239521,880.138671875
08373_healthy.jpg,healthy,True,4000,2672,1.4970059880239521,802.2138671875
08374_healthy.jpg,healthy,True,4000,2672,1.4970059880239521,871.29296875
08375_healthy.jpg,healthy,True,4000,2672,1.4970059880239521,1124.974609375
08376_healthy.jpg,healthy,True,4000,2672,1.4970059880239521,621.22265625
08377_healthy.jpg,healthy,True,4000,2672,1.4970059880239521,723.619140625
08378_healthy.jpg,healthy,True,4000,2672,1.4970059880239521,818.6337890625
08379_healthy.jpg,healthy,True,4000,2672,1.4970059880239521,1020.1416015625
08380_healthy.jpg,healthy,True,4000,2672,1.4970059880239521,966.1787109375
08381_healthy.jpg,healthy,True,4000,2672,1.4970059880239521,785.5947265625
08382_healthy.jpg,healthy,True,4000,2672,1.4970059880239521,981.2548828125
08383_healthy.jpg,healthy,True,4000,2672,1.4970059880239521,948.19140625
08384_healthy.jpg,healthy,True,4000,2672,1.4970059880239521,949.552734375
08385_healthy.jpg,healthy,True,4000,2672,1.4970059880239521,965.5849609375
08386_healthy.jpg,healthy,True,4000,2672,1.4970059880239521,716.771484375
08387_healthy.jpg,healthy,True,4000,2672,1.4970059880239521,746.029296875
08388_healthy.jpg,healthy,True,4000,2672,1.4970059880239521,928.2021484375
08389_healthy.jpg,healthy,True,4000,2672,1.4970059880239521,940.314453125
08390_healthy.jpg,healthy,True,4000,2672,1.4970059880239521,922.4443359375
08391_healthy.jpg,healthy,True,4000,2672,1.4970059880239521,869.556640625
08392_healthy.jpg,healthy,True,4000,2672,1.4970059880239521,757.5966796875
08393_healthy.jpg,healthy,True,4000,2672,1.4970059880239521,1063.53515625
08394_healthy.jpg,healthy,True,4000,2672,1.4970059880239521,713.0732421875
08395_healthy.jpg,healthy,True,4000,2672,1.4970059880239521,891.8515625
08396_healthy.jpg,healthy,True,4000,2672,1.4970059880239521,894.4619140625
08397_healthy.jpg,healthy,True,4000,2672,1.4970059880239521,710.35546875
08398_healthy.jpg,healthy,True,4000,2672,1.4970059880239521,979.609375
08399_healthy.jpg,healthy,True,4000,3000,1.3333333333333333,1045.03125
08400_healthy.jpg,healthy,True,4000,2672,1.4970059880239521,652.453125
08401_healthy.jpg,healthy,True,4000,3000,1.3333333333333333,1021.7109375
08402_healthy.jpg,healthy,True,4000,2672,1.4970059880239521,853.7607421875
08403_healthy.jpg,healthy,True,4000,2672,1.4970059880239521,900.5029296875
08404_healthy.jpg,healthy,True,4000,2672,1.4970059880239521,970.5126953125
08405_healthy.jpg,healthy,True,4000,2672,1.4970059880239521,879.2060546875
08406_healthy.jpg,healthy,True,4000,2672,1.4970059880239521,817.9033203125
08407_healthy.jpg,healthy,True,4000,2672,1.4970059880239521,809.0126953125
08408_healthy.jpg,healthy,True,4000,2672,1.4970059880239521,796.751953125
08409_healthy.jpg,healthy,True,4000,2672,1.4970059880239521,821.19921875
08410_healthy.jpg,healthy,True,4000,3000,1.3333333333333333,1020.7705078125
08411_healthy.jpg,healthy,True,4000,2672,1.4970059880239521,1020.283203125
08412_healthy.jpg,healthy,True,4000,2672,1.4970059880239521,813.06640625
08413_healthy.jpg,healthy,True,4000,2672,1.4970059880239521,745.888671875
08414_healthy.jpg,healthy,True,4000,2672,1.4970059880239521,898.6552734375
08415_healthy.jpg,healthy,True,4000,2672,1.4970059880239521,1027.357421875
08416_healthy.jpg,healthy,True,4000,2672,1.4970059880239521,878.31640625
08417_healthy.jpg,healthy,True,4000,2672,1.4970059880239521,829.0341796875
08418_healthy.jpg,healthy,True,4000,2672,1.4970059880239521,931.08203125
08419_healthy.jpg,healthy,True,4000,2672,1.4970059880239521,1084.2099609375
08420_healthy.jpg,healthy,True,4000,2672,1.4970059880239521,956.5341796875
08421_healthy.jpg,healthy,True,4000,2672,1.4970059880239521,1004.82421875
08422_healthy.jpg,healthy,True,4000,2672,1.4970059880239521,982.79296875
08423_healthy.jpg,healthy,True,4000,2672,1.4970059880239521,908.9619140625
08424_healthy.jpg,healthy,True,4000,2672,1.4970059880239521,790.203125
08425_healthy.jpg,healthy,True,4000,2672,1.4970059880239521,600.2822265625
08426_healthy.jpg,healthy,True,4000,2672,1.4970059880239521,1000.318359375
08427_healthy.jpg,healthy,True,4000,2672,1.4970059880239521,1158.6611328125
08428_healthy.jpg,healthy,True,4000,2672,1.4970059880239521,1079.26171875
08429_healthy.jpg,healthy,True,4000,2672,1.4970059880239521,882.7646484375
08430_healthy.jpg,healthy,True,4000,2672,1.4970059880239521,889.8544921875
08431_healthy.jpg,healthy,True,4000,2672,1.4970059880239521,785.4287109375
08432_healthy.jpg,healthy,True,4000,2672,1.4970059880239521,791.4208984375
08433_healthy.jpg,healthy,True,4000,2672,1.4970059880239521,753.41015625
08434_healthy.jpg,healthy,True,4000,2672,1.4970059880239521,756.2216796875
08435_healthy.jpg,healthy,True,4000,3000,1.3333333333333333,1006.453125
08436_healthy.jpg,healthy,True,4000,2672,1.4970059880239521,660.6875
08437_healthy.jpg,healthy,True,4000,2672,1.4970059880239521,1071.6796875
08438_healthy.jpg,healthy,True,4000,2672,1.4970059880239521,883.548828125
08439_healthy.jpg,healthy,True,4000,2672,1.4970059880239521,892.3447265625
08440_healthy.jpg,healthy,True,4000,2672,1.4970059880239521,1101.271484375
08441_healthy.jpg,healthy,True,4000,2672,1.4970059880239521,577.3837890625
08442_healthy.jpg,healthy,True,4000,2672,1.4970059880239521,701.4560546875
08443_healthy.jpg,healthy,True,4000,2672,1.4970059880239521,1034.01171875
08444_healthy.jpg,healthy,True,4000,2672,1.4970059880239521,1008.09375
08445_healthy.jpg,healthy,True,4000,2672,1.4970059880239521,939.1494140625
08446_healthy.jpg,healthy,True,4000,2672,1.4970059880239521,975.8662109375
08447_healthy.jpg,healthy,True,4000,2672,1.4970059880239521,960.5771484375
08448_healthy.jpg,healthy,True,4000,2672,1.4970059880239521,983.0126953125
08449_healthy.jpg,healthy,True,4000,2672,1.4970059880239521,1134.39453125
08450_healthy.jpg,healthy,True,4000,2672,1.4970059880239521,977.662109375
08451_healthy.jpg,healthy,True,4000,2672,1.4970059880239521,947.09765625
08452_healthy.jpg,healthy,True,4000,2672,1.4970059880239521,703.5390625
08453_healthy.jpg,healthy,True,4000,2672,1.4970059880239521,705.7080078125
08454_healthy.jpg,healthy,True,4000,2672,1.4970059880239521,761.146484375
08455_healthy.jpg,healthy,True,4000,2672,1.4970059880239521,760.634765625
08456_healthy.jpg,healthy,True,4000,2672,1.4970059880239521,801.1650390625
08457_healthy.jpg,healthy,True,4000,2672,1.4970059880239521,985.859375
08458_healthy.jpg,healthy,True,4000,3000,1.3333333333333333,942.2861328125
08459_healthy.jpg,healthy,True,4000,2672,1.4970059880239521,675.080078125
08460_healthy.jpg,healthy,True,4000,2672,1.4970059880239521,1122.9365234375
08461_healthy.jpg,healthy,True,4000,3000,1.3333333333333333,997.654296875
08462_healthy.jpg,healthy,True,4000,2672,1.4970059880239521,829.6494140625
08463_healthy.jpg,healthy,True,4000,2672,1.4970059880239521,883.060546875
08464_healthy.jpg,healthy,True,4000,2672,1.4970059880239521,1041.1318359375
08465_healthy.jpg,healthy,True,4000,2672,1.4970059880239521,697.0634765625
08466_healthy.jpg,healthy,True,4000,2672,1.4970059880239521,761.91796875
08467_healthy.jpg,healthy,True,4000,2672,1.4970059880239521,547.740234375
08468_healthy.jpg,healthy,True,4000,2672,1.4970059880239521,943.8583984375
08469_healthy.jpg,healthy,True,4000,2672,1.4970059880239521,1046.17578125
08470_healthy.jpg,healthy,True,4000,2672,1.4970059880239521,784.9560546875
08471_healthy.jpg,healthy,True,4000,2672,1.4970059880239521,743.6328125
08472_healthy.jpg,healthy,True,4000,2672,1.4970059880239521,750.22265625
08473_healthy.jpg,healthy,True,4000,2672,1.4970059880239521,820.3291015625
08474_healthy.jpg,healthy,True,4000,2672,1.4970059880239521,742.9697265625
08475_healthy.jpg,healthy,True,4000,2672,1.4970059880239521,762.7802734375
08476_healthy.jpg,healthy,True,4000,2672,1.4970059880239521,637.7412109375
08477_healthy.jpg,healthy,True,4000,2672,1.4970059880239521,780.43359375
08478_healthy.jpg,healthy,True,4000,2672,1.4970059880239521,688.078125
08479_healthy.jpg,healthy,True,4000,2672,1.4970059880239521,983.4072265625
08480_healthy.jpg,healthy,True,4000,2672,1.4970059880239521,908.9716796875
08481_healthy.jpg,healthy,True,4000,2672,1.4970059880239521,702.1845703125
08482_healthy.jpg,healthy,True,4000,2672,1.4970059880239521,890.5224609375
08483_healthy.jpg,healthy,True,4000,2672,1.4970059880239521,608.7470703125
08484_healthy.jpg,healthy,True,4000,2672,1.4970059880239521,842.6787109375
08485_healthy.jpg,healthy,True,4000,2672,1.4970059880239521,743.552734375
08486_healthy.jpg,healthy,True,4000,2672,1.4970059880239521,870.765625
08487_healthy.jpg,healthy,True,4000,2672,1.4970059880239521,986.26953125
08488_healthy.jpg,healthy,True,4000,2672,1.4970059880239521,898.5166015625
08489_healthy.jpg,healthy,True,4000,2672,1.4970059880239521,895.03125
08490_healthy.jpg,healthy,True,4000,2672,1.4970059880239521,835.767578125
08491_healthy.jpg,healthy,True,4000,2672,1.4970059880239521,1107.4638671875
08492_healthy.jpg,healthy,True,4000,2672,1.4970059880239521,1038.1083984375
08493_healthy.jpg,healthy,True,4000,2672,1.4970059880239521,774.294921875
08494_healthy.jpg,healthy,True,4000,2672,1.4970059880239521,871.328125
08495_healthy.jpg,healthy,True,4000,2672,1.4970059880239521,778.578125
08496_healthy.jpg,healthy,True,4000,2672,1.4970059880239521,936.90625
08497_healthy.jpg,healthy,True,4000,2672,1.4970059880239521,847.4833984375
08498_healthy.jpg,healthy,True,4000,2672,1.4970059880239521,693.576171875
08499_healthy.jpg,healthy,True,4000,2672,1.4970059880239521,1051.7822265625
08500_healthy.jpg,healthy,True,4000,2672,1.4970059880239521,801.349609375
08501_healthy.jpg,healthy,True,4000,2672,1.4970059880239521,877.0986328125
08502_healthy.jpg,healthy,True,4000,2672,1.4970059880239521,861.2041015625
08503_healthy.jpg,healthy,True,4000,2672,1.4970059880239521,975.4541015625
08504_healthy.jpg,healthy,True,4000,2672,1.4970059880239521,879.39453125
08505_healthy.jpg,healthy,True,4000,2672,1.4970059880239521,831.328125
08506_healthy.jpg,healthy,True,4000,2672,1.4970059880239521,731.525390625
08507_healthy.jpg,healthy,True,4000,2672,1.4970059880239521,672.9140625
08508_healthy.jpg,healthy,True,4000,2672,1.4970059880239521,711.5927734375
08509_healthy.jpg,healthy,True,4000,2672,1.4970059880239521,1027.408203125
08510_healthy.jpg,healthy,True,4000,2672,1.4970059880239521,1058.169921875
08511_healthy.jpg,healthy,True,4000,2672,1.4970059880239521,811.9306640625
08512_healthy.jpg,healthy,True,4000,2672,1.4970059880239521,978.5751953125
08513_healthy.jpg,healthy,True,4000,2672,1.4970059880239521,850.064453125
08514_healthy.jpg,healthy,True,4000,2672,1.4970059880239521,724.798828125
08515_healthy.jpg,healthy,True,4000,3000,1.3333333333333333,1049.4892578125
08516_healthy.jpg,healthy,True,4000,2672,1.4970059880239521,568.0859375
08517_healthy.jpg,healthy,True,4000,2672,1.4970059880239521,1072.7333984375
08518_healthy.jpg,healthy,True,4000,2672,1.4970059880239521,867.84765625
08519_healthy.jpg,healthy,True,4000,2672,1.4970059880239521,964.2685546875
08520_healthy.jpg,healthy,True,4000,2672,1.4970059880239521,854.0283203125
08521_healthy.jpg,healthy,True,4000,2672,1.4970059880239521,1093.73046875
08522_healthy.jpg,healthy,True,4000,2672,1.4970059880239521,788.8828125
08523_healthy.jpg,healthy,True,4000,2672,1.4970059880239521,718.177734375
08524_healthy.jpg,healthy,True,4000,2672,1.4970059880239521,856.5966796875
08525_healthy.jpg,healthy,True,4000,2672,1.4970059880239521,719.4873046875
08526_healthy.jpg,healthy,True,4000,2672,1.4970059880239521,802.3935546875
08527_healthy.jpg,healthy,True,4000,2672,1.4970059880239521,737.92578125
08528_healthy.jpg,healthy,True,4000,2672,1.4970059880239521,1047.412109375
08529_healthy.jpg,healthy,True,4000,2672,1.4970059880239521,946.787109375
08530_healthy.jpg,healthy,True,4000,2672,1.4970059880239521,709.64453125
08531_healthy.jpg,healthy,True,4000,2672,1.4970059880239521,972.6240234375
08532_healthy.jpg,healthy,True,4000,2672,1.4970059880239521,871.421875
08533_healthy.jpg,healthy,True,4000,2672,1.4970059880239521,900.5419921875
08534_healthy.jpg,healthy,True,4000,2672,1.4970059880239521,897.5830078125
08535_healthy.jpg,healthy,True,4000,2672,1.4970059880239521,908.390625
08536_healthy.jpg,healthy,True,4000,2672,1.4970059880239521,817.2509765625
08537_healthy.jpg,healthy,True,4000,2672,1.4970059880239521,740.984375
08538_healthy.jpg,healthy,True,4000,2672,1.4970059880239521,692.3681640625
08539_healthy.jpg,healthy,True,4000,2672,1.4970059880239521,789.2607421875
08540_healthy.jpg,healthy,True,4000,2672,1.4970059880239521,720.8896484375
08541_healthy.jpg,healthy,True,4000,2672,1.4970059880239521,1278.9521484375
08542_healthy.jpg,healthy,True,4000,2672,1.4970059880239521,663.6650390625
08543_healthy.jpg,healthy,True,4000,2672,1.4970059880239521,864.52734375
08544_healthy.jpg,healthy,True,4000,2672,1.4970059880239521,818.138671875
08545_healthy.jpg,healthy,True,4000,2672,1.4970059880239521,1040.400390625
08546_healthy.jpg,healthy,True,4000,2672,1.4970059880239521,644.0615234375
08547_healthy.jpg,healthy,True,4000,2672,1.4970059880239521,681.6494140625
08548_healthy.jpg,healthy,True,4000,2672,1.4970059880239521,901.9453125
08549_healthy.jpg,healthy,True,4000,2672,1.4970059880239521,952.7041015625
08550_healthy.jpg,healthy,True,4000,2672,1.4970059880239521,1157.6474609375
08551_healthy.jpg,healthy,True,4000,2672,1.4970059880239521,801.453125
08552_healthy.jpg,healthy,True,4000,2672,1.4970059880239521,655.5810546875
08553_healthy.jpg,healthy,True,4000,2672,1.4970059880239521,780.98046875
08554_healthy.jpg,healthy,True,4000,2672,1.4970059880239521,928.1083984375
08555_healthy.jpg,healthy,True,4000,2672,1.4970059880239521,750.396484375
08556_healthy.jpg,healthy,True,4000,2672,1.4970059880239521,782.849609375
08557_healthy.jpg,healthy,True,4000,3000,1.3333333333333333,1017.158203125
08558_healthy.jpg,healthy,True,4000,2672,1.4970059880239521,736.015625
08559_healthy.jpg,healthy,True,4000,2672,1.4970059880239521,739.08203125
08560_healthy.jpg,healthy,True,4000,2672,1.4970059880239521,917.017578125
08561_healthy.jpg,healthy,True,4000,2672,1.4970059880239521,867.134765625
08562_healthy.jpg,healthy,True,4000,2672,1.4970059880239521,947.3056640625
08563_healthy.jpg,healthy,True,4000,2672,1.4970059880239521,696.8994140625
08564_healthy.jpg,healthy,True,4000,2672,1.4970059880239521,956.876953125
08565_healthy.jpg,healthy,True,4000,2672,1.4970059880239521,985.3779296875
08566_healthy.jpg,healthy,True,4000,2672,1.4970059880239521,946.9482421875
08567_healthy.jpg,healthy,True,4000,2672,1.4970059880239521,955.6689453125
08568_healthy.jpg,healthy,True,4000,2672,1.4970059880239521,727.4150390625
08569_healthy.jpg,healthy,True,4000,2672,1.4970059880239521,1128.3525390625
08570_healthy.jpg,healthy,True,4000,2672,1.4970059880239521,831.021484375
08571_healthy.jpg,healthy,True,4000,3000,1.3333333333333333,945.15625
08572_healthy.jpg,healthy,True,4000,2672,1.4970059880239521,1039.80078125
08573_healthy.jpg,healthy,True,4000,2672,1.4970059880239521,873.55078125
08574_healthy.jpg,healthy,True,4000,2672,1.4970059880239521,901.3876953125
08575_healthy.jpg,healthy,True,4000,2672,1.4970059880239521,778.005859375
08576_healthy.jpg,healthy,True,4000,2672,1.4970059880239521,890.08984375
08577_healthy.jpg,healthy,True,4000,2672,1.4970059880239521,906.30859375
08578_healthy.jpg,healthy,True,4000,2672,1.4970059880239521,624.6484375
08579_healthy.jpg,healthy,True,4000,2672,1.4970059880239521,728.2041015625
08580_healthy.jpg,healthy,True,4000,2672,1.4970059880239521,893.953125
08581_healthy.jpg,healthy,True,4000,2672,1.4970059880239521,601.986328125
08582_healthy.jpg,healthy,True,4000,2672,1.4970059880239521,809.5771484375
08583_healthy.jpg,healthy,True,4000,2672,1.4970059880239521,730.322265625
08584_healthy.jpg,healthy,True,4000,2672,1.4970059880239521,585.8564453125
08585_healthy.jpg,healthy,True,4000,2672,1.4970059880239521,870.6591796875
08586_healthy.jpg,healthy,True,4000,2672,1.4970059880239521,752.8916015625
08587_healthy.jpg,healthy,True,4000,2672,1.4970059880239521,895.2548828125
08588_healthy.jpg,healthy,True,4000,2672,1.4970059880239521,735.88671875
08589_healthy.jpg,healthy,True,4000,2672,1.4970059880239521,981.3642578125
08590_healthy.jpg,healthy,True,4000,2672,1.4970059880239521,879.58984375
08591_healthy.jpg,healthy,True,4000,2672,1.4970059880239521,994.015625
08592_healthy.jpg,healthy,True,4000,2672,1.4970059880239521,878.6953125
08593_healthy.jpg,healthy,True,4000,2672,1.4970059880239521,769.048828125
08594_healthy.jpg,healthy,True,4000,2672,1.4970059880239521,763.5283203125
08595_healthy.jpg,healthy,True,4000,2672,1.4970059880239521,953.3564453125
08596_healthy.jpg,healthy,True,4000,2672,1.4970059880239521,796.521484375
08597_healthy.jpg,healthy,True,4000,2672,1.4970059880239521,743.1064453125
08598_healthy.jpg,healthy,True,4000,2672,1.4970059880239521,790.9462890625
08599_healthy.jpg,healthy,True,4000,2672,1.4970059880239521,895.20703125
08600_healthy.jpg,healthy,True,4000,2672,1.4970059880239521,999.16015625
08601_healthy.jpg,healthy,True,4000,2672,1.4970059880239521,714.1591796875
08602_healthy.jpg,healthy,True,4000,2672,1.4970059880239521,1079.0927734375
08603_healthy.jpg,healthy,True,4000,2672,1.4970059880239521,1011.8076171875
08604_healthy.jpg,healthy,True,4000,2672,1.4970059880239521,780.376953125
08605_healthy.jpg,healthy,True,4000,2672,1.4970059880239521,776.2607421875
08606_healthy.jpg,healthy,True,4000,3000,1.3333333333333333,1018.0205078125
08607_healthy.jpg,healthy,True,4000,2672,1.4970059880239521,684.056640625
08608_healthy.jpg,healthy,True,4000,2672,1.4970059880239521,805.640625
08609_healthy.jpg,healthy,True,4000,2672,1.4970059880239521,1119.1279296875
08610_healthy.jpg,healthy,True,4000,2672,1.4970059880239521,830.3974609375
08611_healthy.jpg,healthy,True,4000,2672,1.4970059880239521,850.7822265625
08612_healthy.jpg,healthy,True,4000,2672,1.4970059880239521,814.021484375
08613_healthy.jpg,healthy,True,4000,2672,1.4970059880239521,860.9970703125
08614_healthy.jpg,healthy,True,4000,3000,1.3333333333333333,805.36328125
08615_healthy.jpg,healthy,True,4000,2672,1.4970059880239521,827.923828125
08616_healthy.jpg,healthy,True,4000,2672,1.4970059880239521,782.4384765625
08617_healthy.jpg,healthy,True,4000,2672,1.4970059880239521,1016.1416015625
08618_healthy.jpg,healthy,True,4000,2672,1.4970059880239521,802.5966796875
08619_healthy.jpg,healthy,True,4000,2672,1.4970059880239521,999.96484375
08620_healthy.jpg,healthy,True,4000,2672,1.4970059880239521,1060.27734375
08621_healthy.jpg,healthy,True,4000,2672,1.4970059880239521,727.5400390625
08622_healthy.jpg,healthy,True,4000,2672,1.4970059880239521,751.2392578125
08623_healthy.jpg,healthy,True,4000,2672,1.4970059880239521,998.25390625
08624_healthy.jpg,healthy,True,4000,2672,1.4970059880239521,677.5986328125
08625_healthy.jpg,healthy,True,4000,2672,1.4970059880239521,990.5693359375
08626_healthy.jpg,healthy,True,4000,2672,1.4970059880239521,893.0341796875
08627_healthy.jpg,healthy,True,4000,2672,1.4970059880239521,963.24609375
08628_healthy.jpg,healthy,True,4000,2672,1.4970059880239521,925.1435546875
08629_healthy.jpg,healthy,True,4000,2672,1.4970059880239521,933.623046875
08630_healthy.jpg,healthy,True,4000,2672,1.4970059880239521,1003.9052734375
08631_healthy.jpg,healthy,True,4000,2672,1.4970059880239521,568.8466796875
08632_healthy.jpg,healthy,True,4000,2672,1.4970059880239521,895.6201171875
08633_healthy.jpg,healthy,True,4000,2672,1.4970059880239521,988.69140625
08634_healthy.jpg,healthy,True,4000,2672,1.4970059880239521,869.67578125
08635_healthy.jpg,healthy,True,4000,2672,1.4970059880239521,727.876953125
08636_healthy.jpg,healthy,True,4000,2672,1.4970059880239521,801.072265625
08637_healthy.jpg,healthy,True,4000,2672,1.4970059880239521,808.84375
08638_healthy.jpg,healthy,True,4000,2672,1.4970059880239521,950.2451171875
08639_healthy.jpg,healthy,True,4000,2672,1.4970059880239521,901.28515625
08640_healthy.jpg,healthy,True,4000,2672,1.4970059880239521,827.9248046875
08641_healthy.jpg,healthy,True,4000,3000,1.3333333333333333,926.2822265625
08642_healthy.jpg,healthy,True,4000,2672,1.4970059880239521,857.1650390625
08643_healthy.jpg,healthy,True,4000,2672,1.4970059880239521,997.8310546875
08644_healthy.jpg,healthy,True,4000,2672,1.4970059880239521,1078.2802734375
08645_healthy.jpg,healthy,True,4000,2672,1.4970059880239521,1097.5703125
08646_healthy.jpg,healthy,True,4000,3000,1.3333333333333333,840.640625
08647_healthy.jpg,healthy,True,4000,2672,1.4970059880239521,704.1923828125
08648_healthy.jpg,healthy,True,4000,2672,1.4970059880239521,900.5830078125
08649_healthy.jpg,healthy,True,4000,2672,1.4970059880239521,1052.9609375
08650_healthy.jpg,healthy,True,4000,2672,1.4970059880239521,870.6337890625
08651_healthy.jpg,healthy,True,4000,2672,1.4970059880239521,1170.8330078125
08652_healthy.jpg,healthy,True,4000,2672,1.4970059880239521,903.9150390625
08653_healthy.jpg,healthy,True,4000,2672,1.4970059880239521,830.0048828125
08654_healthy.jpg,healthy,True,4000,2672,1.4970059880239521,929.431640625
08655_healthy.jpg,healthy,True,4000,2672,1.4970059880239521,757.0166015625
08656_healthy.jpg,healthy,True,4000,2672,1.4970059880239521,826.9990234375
08657_healthy.jpg,healthy,True,4000,2672,1.4970059880239521,1004.79296875
08658_healthy.jpg,healthy,True,4000,2672,1.4970059880239521,712.8447265625
08659_healthy.jpg,healthy,True,4000,2672,1.4970059880239521,1020.9345703125
08660_healthy.jpg,healthy,True,4000,2672,1.4970059880239521,816.255859375
08661_healthy.jpg,healthy,True,4000,2672,1.4970059880239521,1007.7685546875
08662_healthy.jpg,healthy,True,4000,2672,1.4970059880239521,806.708984375
08663_healthy.jpg,healthy,True,4000,2672,1.4970059880239521,697.990234375
08664_healthy.jpg,healthy,True,4000,2672,1.4970059880239521,1081.947265625
08665_healthy.jpg,healthy,True,4000,2672,1.4970059880239521,989.3916015625
08666_healthy.jpg,healthy,True,4000,2672,1.4970059880239521,699.0185546875
08667_healthy.jpg,healthy,True,4000,2672,1.4970059880239521,1122.779296875
08668_healthy.jpg,healthy,True,4000,2672,1.4970059880239521,926.919921875
08669_healthy.jpg,healthy,True,4000,2672,1.4970059880239521,965.4609375
08670_healthy.jpg,healthy,True,4000,2672,1.4970059880239521,986.5751953125
08671_healthy.jpg,healthy,True,4000,2672,1.4970059880239521,913.5234375
08672_healthy.jpg,healthy,True,4000,2672,1.4970059880239521,1058.6318359375
08673_healthy.jpg,healthy,True,4000,2672,1.4970059880239521,973.3779296875
08674_healthy.jpg,healthy,True,4000,2672,1.4970059880239521,700.2734375
08675_healthy.jpg,healthy,True,4000,2672,1.4970059880239521,775.7734375
08676_healthy.jpg,healthy,True,4000,2672,1.4970059880239521,1050.5625
08677_healthy.jpg,healthy,True,4000,2672,1.4970059880239521,713.603515625
08678_healthy.jpg,healthy,True,4000,2672,1.4970059880239521,634.3037109375
08679_healthy.jpg,healthy,True,4000,2672,1.4970059880239521,1067.7666015625
08680_healthy.jpg,healthy,True,4000,2672,1.4970059880239521,795.3857421875
08681_healthy.jpg,healthy,True,4000,2672,1.4970059880239521,739.0986328125
08682_healthy.jpg,healthy,True,4000,2672,1.4970059880239521,800.8271484375
08683_healthy.jpg,healthy,True,4000,2672,1.4970059880239521,732.4453125
08684_healthy.jpg,healthy,True,4000,2672,1.4970059880239521,695.5341796875
08685_healthy.jpg,healthy,True,4000,2672,1.4970059880239521,997.205078125
08686_healthy.jpg,healthy,True,4000,2672,1.4970059880239521,940.541015625
08687_healthy.jpg,healthy,True,4000,2672,1.4970059880239521,825.953125
08688_healthy.jpg,healthy,True,4000,2672,1.4970059880239521,819.2958984375
08689_healthy.jpg,healthy,True,4000,2672,1.4970059880239521,666.9375
08690_healthy.jpg,healthy,True,4000,2672,1.4970059880239521,868.8681640625
08691_healthy.jpg,healthy,True,4000,2672,1.4970059880239521,914.490234375
08692_healthy.jpg,healthy,True,4000,2672,1.4970059880239521,830.0546875
08693_healthy.jpg,healthy,True,4000,2672,1.4970059880239521,960.25
08694_healthy.jpg,healthy,True,4000,2672,1.4970059880239521,966.2861328125
08695_healthy.jpg,healthy,True,4000,2672,1.4970059880239521,768.015625
08696_healthy.jpg,healthy,True,4000,3000,1.3333333333333333,1087.87890625
08697_healthy.jpg,healthy,True,4000,2672,1.4970059880239521,955.8525390625
08698_healthy.jpg,healthy,True,4000,2672,1.4970059880239521,793.2958984375
08699_healthy.jpg,healthy,True,4000,2672,1.4970059880239521,838.7900390625
08700_healthy.jpg,healthy,True,4000,2672,1.4970059880239521,1016.8310546875
08701_healthy.jpg,healthy,True,4000,2672,1.4970059880239521,722.861328125
08702_healthy.jpg,healthy,True,4000,2672,1.4970059880239521,914.58984375
08703_healthy.jpg,healthy,True,4000,2672,1.4970059880239521,939.916015625
08704_healthy.jpg,healthy,True,4000,2672,1.4970059880239521,710.4169921875
08705_healthy.jpg,healthy,True,4000,2672,1.4970059880239521,845.05078125
08706_healthy.jpg,healthy,True,4000,2672,1.4970059880239521,875.591796875
08707_healthy.jpg,healthy,True,4000,2672,1.4970059880239521,676.3349609375
08708_healthy.jpg,healthy,True,4000,2672,1.4970059880239521,790.22265625
08709_healthy.jpg,healthy,True,4000,2672,1.4970059880239521,724.7119140625
08710_healthy.jpg,healthy,True,4000,2672,1.4970059880239521,660.1962890625
08711_healthy.jpg,healthy,True,4000,2672,1.4970059880239521,1033.033203125
08712_healthy.jpg,healthy,True,4000,2672,1.4970059880239521,657.2138671875
08713_healthy.jpg,healthy,True,4000,2672,1.4970059880239521,848.7373046875
08714_healthy.jpg,healthy,True,4000,2672,1.4970059880239521,916.755859375
08715_healthy.jpg,healthy,True,4000,2672,1.4970059880239521,757.0
08716_healthy.jpg,healthy,True,4000,3000,1.3333333333333333,1077.31640625
08717_healthy.jpg,healthy,True,4000,2672,1.4970059880239521,811.4560546875
08718_healthy.jpg,healthy,True,4000,2672,1.4970059880239521,1087.0927734375
08719_healthy.jpg,healthy,True,4000,2672,1.4970059880239521,958.78515625
08720_healthy.jpg,healthy,True,4000,2672,1.4970059880239521,932.09375
08721_healthy.jpg,healthy,True,4000,2672,1.4970059880239521,831.1044921875
08722_healthy.jpg,healthy,True,4000,2672,1.4970059880239521,566.1083984375
08723_healthy.jpg,healthy,True,4000,2672,1.4970059880239521,898.5390625
08724_healthy.jpg,healthy,True,4000,2672,1.4970059880239521,752.8779296875
08725_healthy.jpg,healthy,True,4000,2672,1.4970059880239521,723.833984375
08726_healthy.jpg,healthy,True,4000,2672,1.4970059880239521,955.1123046875
08727_healthy.jpg,healthy,True,2592,1728,1.5,350.97265625
08728_healthy.jpg,healthy,True,4000,2672,1.4970059880239521,571.5419921875
08729_healthy.jpg,healthy,True,4000,2672,1.4970059880239521,753.818359375
08730_healthy.jpg,healthy,True,4000,2672,1.4970059880239521,776.0400390625
08731_healthy.jpg,healthy,True,4000,2672,1.4970059880239521,904.0859375
08732_healthy.jpg,healthy,True,4000,2672,1.4970059880239521,974.7197265625
08733_healthy.jpg,healthy,True,4000,2672,1.4970059880239521,985.095703125
08734_healthy.jpg,healthy,True,4000,2672,1.4970059880239521,769.6826171875
08735_healthy.jpg,healthy,True,4000,2672,1.4970059880239521,876.078125
08736_healthy.jpg,healthy,True,4000,2672,1.4970059880239521,696.7646484375
08737_healthy.jpg,healthy,True,4000,2672,1.4970059880239521,817.669921875
08738_healthy.jpg,healthy,True,4000,2672,1.4970059880239521,741.53125
08739_healthy.jpg,healthy,True,4000,2672,1.4970059880239521,1048.4052734375
08740_healthy.jpg,healthy,True,4000,2672,1.4970059880239521,828.681640625
08741_healthy.jpg,healthy,True,4000,2672,1.4970059880239521,655.3369140625
08742_healthy.jpg,healthy,True,4000,2672,1.4970059880239521,1036.2294921875
08743_healthy.jpg,healthy,True,4000,3000,1.3333333333333333,860.2353515625
08744_healthy.jpg,healthy,True,4000,3000,1.3333333333333333,931.7255859375
08745_healthy.jpg,healthy,True,4000,2672,1.4970059880239521,755.6220703125
08746_healthy.jpg,healthy,True,4000,2672,1.4970059880239521,790.2685546875
08747_healthy.jpg,healthy,True,4000,2672,1.4970059880239521,777.3232421875
08748_healthy.jpg,healthy,True,4000,2672,1.4970059880239521,824.044921875
08749_healthy.jpg,healthy,True,4000,2672,1.4970059880239521,1117.83203125
08750_healthy.jpg,healthy,True,4000,2672,1.4970059880239521,875.03515625
08751_healthy.jpg,healthy,True,4000,2672,1.4970059880239521,1060.287109375
08752_healthy.jpg,healthy,True,4000,2672,1.4970059880239521,836.13671875
08753_healthy.jpg,healthy,True,4000,2672,1.4970059880239521,866.8544921875
08754_healthy.jpg,healthy,True,4000,2672,1.4970059880239521,896.6826171875
08755_healthy.jpg,healthy,True,4000,2672,1.4970059880239521,806.0537109375
08756_healthy.jpg,healthy,True,4000,2672,1.4970059880239521,647.5283203125
08757_healthy.jpg,healthy,True,4000,2672,1.4970059880239521,1044.4697265625
08758_healthy.jpg,healthy,True,4000,2672,1.4970059880239521,660.9365234375
08759_healthy.jpg,healthy,True,4000,2672,1.4970059880239521,1101.2890625
08760_healthy.jpg,healthy,True,4000,2672,1.4970059880239521,617.5810546875
08761_healthy.jpg,healthy,True,4000,2672,1.4970059880239521,1030.1904296875
08762_healthy.jpg,healthy,True,4000,2672,1.4970059880239521,712.591796875
08763_healthy.jpg,healthy,True,4000,3000,1.3333333333333333,1030.05859375
08764_healthy.jpg,healthy,True,4000,2672,1.4970059880239521,1019.5380859375
08765_healthy.jpg,healthy,True,4000,2672,1.4970059880239521,720.4248046875
08766_healthy.jpg,healthy,True,4000,2672,1.4970059880239521,564.3671875
08767_healthy.jpg,healthy,True,4000,2672,1.4970059880239521,1009.9609375
08768_healthy.jpg,healthy,True,4000,2672,1.4970059880239521,799.515625
08769_healthy.jpg,healthy,True,4000,2672,1.4970059880239521,678.076171875
08770_healthy.jpg,healthy,True,4000,2672,1.4970059880239521,917.25
08771_healthy.jpg,healthy,True,4000,2672,1.4970059880239521,695.27734375
08772_healthy.jpg,healthy,True,4000,2672,1.4970059880239521,710.91796875
08773_healthy.jpg,healthy,True,4000,2672,1.4970059880239521,912.37890625
08774_healthy.jpg,healthy,True,4000,2672,1.4970059880239521,995.3310546875
08775_healthy.jpg,healthy,True,4000,2672,1.4970059880239521,788.87109375
08776_healthy.jpg,healthy,True,4000,2672,1.4970059880239521,527.7353515625
08777_healthy.jpg,healthy,True,4000,2672,1.4970059880239521,703.791015625
08778_healthy.jpg,healthy,True,4000,2672,1.4970059880239521,905.92578125
08779_healthy.jpg,healthy,True,4000,2672,1.4970059880239521,1103.3056640625
08780_healthy.jpg,healthy,True,4000,2672,1.4970059880239521,870.2548828125
08781_healthy.jpg,healthy,True,4000,2672,1.4970059880239521,707.78125
08782_healthy.jpg,healthy,True,4000,2672,1.4970059880239521,816.595703125
08783_healthy.jpg,healthy,True,4000,2672,1.4970059880239521,623.3876953125
08784_healthy.jpg,healthy,True,4000,2672,1.4970059880239521,827.7236328125
08785_healthy.jpg,healthy,True,4000,2672,1.4970059880239521,797.8017578125
08786_healthy.jpg,healthy,True,4000,2672,1.4970059880239521,818.47265625
08787_healthy.jpg,healthy,True,4000,2672,1.4970059880239521,822.267578125
08788_healthy.jpg,healthy,True,4000,2672,1.4970059880239521,953.771484375
08789_healthy.jpg,healthy,True,4000,2672,1.4970059880239521,729.60546875
08790_healthy.jpg,healthy,True,4000,2672,1.4970059880239521,863.2861328125
08791_healthy.jpg,healthy,True,4000,2672,1.4970059880239521,914.8662109375
08792_healthy.jpg,healthy,True,4000,2672,1.4970059880239521,820.1318359375
08793_healthy.jpg,healthy,True,4000,2672,1.4970059880239521,782.689453125
08794_healthy.jpg,healthy,True,4000,2672,1.4970059880239521,964.623046875
08795_healthy.jpg,healthy,True,4000,2672,1.4970059880239521,829.1806640625
08796_healthy.jpg,healthy,True,4000,2672,1.4970059880239521,783.3974609375
08797_healthy.jpg,healthy,True,4000,2672,1.4970059880239521,832.8046875
08798_healthy.jpg,healthy,True,4000,2672,1.4970059880239521,904.330078125
08799_healthy.jpg,healthy,True,4000,2672,1.4970059880239521,918.625
08800_healthy.jpg,healthy,True,4000,2672,1.4970059880239521,861.5439453125
08801_healthy.jpg,healthy,True,4000,2672,1.4970059880239521,981.4853515625
08802_healthy.jpg,healthy,True,4000,2672,1.4970059880239521,1069.4375
08803_healthy.jpg,healthy,True,4000,2672,1.4970059880239521,1111.3642578125
08804_healthy.jpg,healthy,True,4000,2672,1.4970059880239521,913.3603515625
08805_healthy.jpg,healthy,True,4000,2672,1.4970059880239521,1030.9052734375
08806_healthy.jpg,healthy,True,4000,2672,1.4970059880239521,1007.787109375
08807_healthy.jpg,healthy,True,4000,2672,1.4970059880239521,734.2099609375
08808_healthy.jpg,healthy,True,4000,2672,1.4970059880239521,1140.8173828125
08809_healthy.jpg,healthy,True,4000,2672,1.4970059880239521,978.3984375
08810_healthy.jpg,healthy,True,4000,2672,1.4970059880239521,1259.2890625
08811_healthy.jpg,healthy,True,4000,2672,1.4970059880239521,920.2578125
08812_healthy.jpg,healthy,True,4000,2672,1.4970059880239521,723.2958984375
08813_healthy.jpg,healthy,True,4000,2672,1.4970059880239521,1007.4091796875
08814_healthy.jpg,healthy,True,4000,2672,1.4970059880239521,951.9755859375
08815_healthy.jpg,healthy,True,4000,2672,1.4970059880239521,759.927734375
08816_healthy.jpg,healthy,True,4000,2672,1.4970059880239521,737.0458984375
08817_healthy.jpg,healthy,True,4000,2672,1.4970059880239521,740.703125
08818_healthy.jpg,healthy,True,4000,2672,1.4970059880239521,640.4873046875
08819_healthy.jpg,healthy,True,4000,2672,1.4970059880239521,727.8515625
08820_healthy.jpg,healthy,True,4000,2672,1.4970059880239521,890.923828125
08821_healthy.jpg,healthy,True,4000,2672,1.4970059880239521,816.8984375
08822_healthy.jpg,healthy,True,4000,2672,1.4970059880239521,777.8115234375
08823_healthy.jpg,healthy,True,4000,2672,1.4970059880239521,689.875
08824_healthy.jpg,healthy,True,4000,2672,1.4970059880239521,706.71484375
08825_healthy.jpg,healthy,True,4000,2672,1.4970059880239521,660.8984375
08826_healthy.jpg,healthy,True,4000,2672,1.4970059880239521,656.224609375
08827_healthy.jpg,healthy,True,4000,2672,1.4970059880239521,895.59375
08828_healthy.jpg,healthy,True,4000,2672,1.4970059880239521,689.4638671875
08829_healthy.jpg,healthy,True,4000,2672,1.4970059880239521,827.9072265625
08830_healthy.jpg,healthy,True,4000,2672,1.4970059880239521,798.5361328125
08831_healthy.jpg,healthy,True,4000,2672,1.4970059880239521,853.8349609375
08832_healthy.jpg,healthy,True,4000,2672,1.4970059880239521,907.6201171875
08833_healthy.jpg,healthy,True,4000,2672,1.4970059880239521,956.5263671875
08834_healthy.jpg,healthy,True,4000,3000,1.3333333333333333,929.0419921875
08835_healthy.jpg,healthy,True,4000,2672,1.4970059880239521,822.5419921875
08836_healthy.jpg,healthy,True,4000,2672,1.4970059880239521,765.39453125
08837_healthy.jpg,healthy,True,4000,2672,1.4970059880239521,1187.4990234375
08838_healthy.jpg,healthy,True,4000,2672,1.4970059880239521,799.5458984375
08839_healthy.jpg,healthy,True,4000,2672,1.4970059880239521,965.5322265625
08840_healthy.jpg,healthy,True,4000,2672,1.4970059880239521,876.6875
08841_healthy.jpg,healthy,True,4000,2672,1.4970059880239521,696.33984375
08842_healthy.jpg,healthy,True,4000,2672,1.4970059880239521,882.2431640625
08843_healthy.jpg,healthy,True,4000,2672,1.4970059880239521,644.1025390625
08844_healthy.jpg,healthy,True,4000,2672,1.4970059880239521,524.2099609375
08845_healthy.jpg,healthy,True,4000,2672,1.4970059880239521,752.2431640625
08846_healthy.jpg,healthy,True,4000,2672,1.4970059880239521,811.0322265625
08847_healthy.jpg,healthy,True,4000,2672,1.4970059880239521,803.2587890625
08848_healthy.jpg,healthy,True,4000,2672,1.4970059880239521,675.67578125
08849_healthy.jpg,healthy,True,4000,2672,1.4970059880239521,737.185546875
08850_healthy.jpg,healthy,True,4000,2672,1.4970059880239521,1115.1689453125
08851_healthy.jpg,healthy,True,4000,2672,1.4970059880239521,817.2158203125
08852_healthy.jpg,healthy,True,4000,3000,1.3333333333333333,1084.4755859375
08853_healthy.jpg,healthy,True,4000,2672,1.4970059880239521,981.2412109375
08854_healthy.jpg,healthy,True,4000,2672,1.4970059880239521,849.533203125
08855_healthy.jpg,healthy,True,4000,2672,1.4970059880239521,820.3662109375
08856_healthy.jpg,healthy,True,4000,2672,1.4970059880239521,733.822265625
08857_healthy.jpg,healthy,True,4000,2672,1.4970059880239521,1000.86328125
08858_healthy.jpg,healthy,True,4000,2672,1.4970059880239521,778.8798828125
08859_healthy.jpg,healthy,True,4000,2672,1.4970059880239521,724.611328125
08860_healthy.jpg,healthy,True,4000,2672,1.4970059880239521,662.23046875
08861_healthy.jpg,healthy,True,4000,2672,1.4970059880239521,1010.7861328125
08862_healthy.jpg,healthy,True,4000,2672,1.4970059880239521,955.2109375
08863_healthy.jpg,healthy,True,4000,2672,1.4970059880239521,986.4775390625
08864_healthy.jpg,healthy,True,4000,2672,1.4970059880239521,903.0546875
08865_healthy.jpg,healthy,True,4000,2672,1.4970059880239521,953.171875
08866_healthy.jpg,healthy,True,4000,2672,1.4970059880239521,824.298828125
08867_healthy.jpg,healthy,True,4000,2672,1.4970059880239521,1081.1884765625
08868_healthy.jpg,healthy,True,4000,2672,1.4970059880239521,902.7958984375
08869_healthy.jpg,healthy,True,4000,2672,1.4970059880239521,729.4736328125
08870_healthy.jpg,healthy,True,4000,2672,1.4970059880239521,813.3125
08871_healthy.jpg,healthy,True,4000,2672,1.4970059880239521,761.2822265625
08872_healthy.jpg,healthy,True,4000,2672,1.4970059880239521,884.37890625
08873_healthy.jpg,healthy,True,4000,2672,1.4970059880239521,935.375
08874_healthy.jpg,healthy,True,4000,2672,1.4970059880239521,528.61328125
08875_healthy.jpg,healthy,True,4000,2672,1.4970059880239521,652.5185546875
08876_healthy.jpg,healthy,True,4000,3000,1.3333333333333333,960.341796875
08877_healthy.jpg,healthy,True,4000,2672,1.4970059880239521,959.0263671875
08878_healthy.jpg,healthy,True,4000,2672,1.4970059880239521,826.9794921875
08879_healthy.jpg,healthy,True,4000,2672,1.4970059880239521,909.0087890625
08880_healthy.jpg,healthy,True,4000,2672,1.4970059880239521,734.7265625
08881_healthy.jpg,healthy,True,4000,2672,1.4970059880239521,887.6435546875
08882_healthy.jpg,healthy,True,4000,2672,1.4970059880239521,1093.5341796875
08883_healthy.jpg,healthy,True,4000,2672,1.4970059880239521,727.7333984375
08884_healthy.jpg,healthy,True,4000,2672,1.4970059880239521,736.2841796875
08885_healthy.jpg,healthy,True,4000,2672,1.4970059880239521,947.6123046875
08886_healthy.jpg,healthy,True,4000,2672,1.4970059880239521,759.4990234375
08887_healthy.jpg,healthy,True,4000,2672,1.4970059880239521,1069.138671875
08888_healthy.jpg,healthy,True,4000,2672,1.4970059880239521,985.197265625
08889_healthy.jpg,healthy,True,4000,2672,1.4970059880239521,981.685546875
08890_healthy.jpg,healthy,True,4000,2672,1.4970059880239521,685.47265625
08891_healthy.jpg,healthy,True,4000,2672,1.4970059880239521,954.2451171875
08892_healthy.jpg,healthy,True,4000,2672,1.4970059880239521,887.1455078125
08893_healthy.jpg,healthy,True,4000,2672,1.4970059880239521,766.7880859375
08894_healthy.jpg,healthy,True,4000,2672,1.4970059880239521,1024.6376953125
08895_healthy.jpg,healthy,True,4000,2672,1.4970059880239521,1013.5537109375
08896_healthy.jpg,healthy,True,4000,2672,1.4970059880239521,1053.71484375
08897_healthy.jpg,healthy,True,4000,2672,1.4970059880239521,896.7294921875
08898_healthy.jpg,healthy,True,4000,2672,1.4970059880239521,821.435546875
08899_healthy.jpg,healthy,True,4000,2672,1.4970059880239521,722.0302734375
08900_healthy.jpg,healthy,True,4000,2672,1.4970059880239521,735.724609375
08901_healthy.jpg,healthy,True,4000,2672,1.4970059880239521,883.9892578125
08902_healthy.jpg,healthy,True,4000,2672,1.4970059880239521,908.82421875
08903_healthy.jpg,healthy,True,4000,2672,1.4970059880239521,1100.5419921875
08904_healthy.jpg,healthy,True,4000,2672,1.4970059880239521,888.2119140625
08905_healthy.jpg,healthy,True,4000,2672,1.4970059880239521,956.5068359375
08906_healthy.jpg,healthy,True,4000,2672,1.4970059880239521,1124.8505859375
08907_healthy.jpg,healthy,True,4000,2672,1.4970059880239521,788.7578125
08908_healthy.jpg,healthy,True,4000,2672,1.4970059880239521,689.5244140625
08909_healthy.jpg,healthy,True,4000,2672,1.4970059880239521,992.404296875
08910_healthy.jpg,healthy,True,4000,2672,1.4970059880239521,702.5498046875
08911_healthy.jpg,healthy,True,4000,2672,1.4970059880239521,719.3173828125
08912_healthy.jpg,healthy,True,4000,2672,1.4970059880239521,952.05078125
08913_healthy.jpg,healthy,True,4000,2672,1.4970059880239521,791.328125
08914_healthy.jpg,healthy,True,4000,2672,1.4970059880239521,915.587890625
08915_healthy.jpg,healthy,True,4000,2672,1.4970059880239521,750.49609375
08916_healthy.jpg,healthy,True,4000,2672,1.4970059880239521,716.4462890625
08917_healthy.jpg,healthy,True,4000,2672,1.4970059880239521,925.1123046875
08918_healthy.jpg,healthy,True,4000,2672,1.4970059880239521,790.642578125
08919_healthy.jpg,healthy,True,4000,2672,1.4970059880239521,616.5107421875
08920_healthy.jpg,healthy,True,4000,2672,1.4970059880239521,994.09375
08921_healthy.jpg,healthy,True,4000,2672,1.4970059880239521,854.912109375
08922_healthy.jpg,healthy,True,4000,2672,1.4970059880239521,1019.03125
08923_healthy.jpg,healthy,True,4000,2672,1.4970059880239521,812.384765625
08924_healthy.jpg,healthy,True,4000,2672,1.4970059880239521,705.9296875
08925_healthy.jpg,healthy,True,4000,2672,1.4970059880239521,723.0283203125
08926_healthy.jpg,healthy,True,4000,2672,1.4970059880239521,968.8203125
08927_healthy.jpg,healthy,True,4000,3000,1.3333333333333333,1233.1201171875
08928_healthy.jpg,healthy,True,4000,2672,1.4970059880239521,1200.908203125
08929_healthy.jpg,healthy,True,4000,2672,1.4970059880239521,948.1591796875
08930_healthy.jpg,healthy,True,4000,3000,1.3333333333333333,1072.185546875
08931_healthy.jpg,healthy,True,4000,2672,1.4970059880239521,746.4462890625
08932_healthy.jpg,healthy,True,4000,2672,1.4970059880239521,1011.609375
08933_healthy.jpg,healthy,True,4000,2672,1.4970059880239521,880.0166015625
08934_healthy.jpg,healthy,True,4000,2672,1.4970059880239521,988.5458984375
08935_healthy.jpg,healthy,True,4000,2672,1.4970059880239521,814.501953125
08936_healthy.jpg,healthy,True,4000,2672,1.4970059880239521,1099.3984375
08937_healthy.jpg,healthy,True,4000,2672,1.4970059880239521,569.4072265625
08938_healthy.jpg,healthy,True,4000,2672,1.4970059880239521,983.7353515625
08939_healthy.jpg,healthy,True,4000,2672,1.4970059880239521,766.7646484375
08940_healthy.jpg,healthy,True,4000,2672,1.4970059880239521,726.9599609375
08941_healthy.jpg,healthy,True,4000,2672,1.4970059880239521,1086.8037109375
08942_healthy.jpg,healthy,True,4000,2672,1.4970059880239521,1062.5869140625
08943_healthy.jpg,healthy,True,4000,2672,1.4970059880239521,936.1416015625
08944_healthy.jpg,healthy,True,4000,2672,1.4970059880239521,958.7314453125
08945_healthy.jpg,healthy,True,4000,2672,1.4970059880239521,743.775390625
08946_healthy.jpg,healthy,True,4000,2672,1.4970059880239521,757.3310546875
08947_healthy.jpg,healthy,True,4000,2672,1.4970059880239521,729.119140625
08948_healthy.jpg,healthy,True,4000,2672,1.4970059880239521,805.99609375
08949_healthy.jpg,healthy,True,4000,2672,1.4970059880239521,783.9833984375
08950_healthy.jpg,healthy,True,4000,2672,1.4970059880239521,939.7470703125
08951_healthy.jpg,healthy,True,4000,2672,1.4970059880239521,643.09375
08952_healthy.jpg,healthy,True,4000,2672,1.4970059880239521,852.3603515625
08953_healthy.jpg,healthy,True,4000,2672,1.4970059880239521,1063.9833984375
08954_healthy.jpg,healthy,True,4000,2672,1.4970059880239521,905.67578125
08955_healthy.jpg,healthy,True,4000,2672,1.4970059880239521,697.11328125
08956_healthy.jpg,healthy,True,4000,2672,1.4970059880239521,697.8955078125
08957_healthy.jpg,healthy,True,4000,2672,1.4970059880239521,479.8779296875
08958_healthy.jpg,healthy,True,4000,2672,1.4970059880239521,1080.9697265625
08959_healthy.jpg,healthy,True,4000,2672,1.4970059880239521,1024.6181640625
08960_healthy.jpg,healthy,True,4000,2672,1.4970059880239521,883.787109375
08961_healthy.jpg,healthy,True,4000,2672,1.4970059880239521,806.3046875
08962_healthy.jpg,healthy,True,4000,2672,1.4970059880239521,628.9208984375
08963_healthy.jpg,healthy,True,4000,2672,1.4970059880239521,824.1181640625
08964_healthy.jpg,healthy,True,4000,2672,1.4970059880239521,753.3681640625
08965_healthy.jpg,healthy,True,4000,2672,1.4970059880239521,777.56640625
08966_healthy.jpg,healthy,True,4000,2672,1.4970059880239521,960.34375
08967_healthy.jpg,healthy,True,4000,2672,1.4970059880239521,1059.1396484375
08968_healthy.jpg,healthy,True,4000,2672,1.4970059880239521,765.3798828125
08969_healthy.jpg,healthy,True,4000,2672,1.4970059880239521,964.2158203125
08970_healthy.jpg,healthy,True,4000,2672,1.4970059880239521,979.505859375
08971_healthy.jpg,healthy,True,4000,2672,1.4970059880239521,1130.056640625
08972_healthy.jpg,healthy,True,4000,2672,1.4970059880239521,976.103515625
08973_healthy.jpg,healthy,True,4000,2672,1.4970059880239521,846.9365234375
08974_healthy.jpg,healthy,True,4000,2672,1.4970059880239521,1127.962890625
08975_healthy.jpg,healthy,True,4000,2672,1.4970059880239521,933.349609375
08976_healthy.jpg,healthy,True,4000,2672,1.4970059880239521,963.8359375
08977_rust.jpg,rust,True,2592,1728,1.5,238.388671875
08978_rust.jpg,rust,True,4608,3456,1.3333333333333333,1332.818359375
08979_rust.jpg,rust,True,2592,1728,1.5,260.0166015625
08980_rust.jpg,rust,True,2592,1728,1.5,316.935546875
08981_rust.jpg,rust,True,2592,1728,1.5,213.650390625
08982_rust.jpg,rust,True,2592,1728,1.5,256.9541015625
08983_rust.jpg,rust,True,2592,1728,1.5,320.8935546875
08984_rust.jpg,rust,True,4000,2672,1.4970059880239521,896.5244140625
08985_rust.jpg,rust,True,2592,1728,1.5,377.931640625
08986_rust.jpg,rust,True,2592,1728,1.5,300.732421875
08987_rust.jpg,rust,True,2592,1728,1.5,339.35546875
08988_rust.jpg,rust,True,2592,1728,1.5,261.732421875
08989_rust.jpg,rust,True,2592,1728,1.5,306.8974609375
08990_rust.jpg,rust,True,2592,1728,1.5,302.142578125
08991_rust.jpg,rust,True,2592,1728,1.5,237.23828125
08992_rust.jpg,rust,True,2592,1728,1.5,360.6552734375
08993_rust.jpg,rust,True,4000,2672,1.4970059880239521,1103.744140625
08994_rust.jpg,rust,True,5184,3456,1.5,809.2861328125
08995_rust.jpg,rust,True,5184,3456,1.5,1059.2841796875
08996_rust.jpg,rust,True,4000,2672,1.4970059880239521,861.1875
08997_rust.jpg,rust,True,2592,1728,1.5,222.875
08998_rust.jpg,rust,True,5184,3456,1.5,1358.26171875
08999_rust.jpg,rust,True,2592,1728,1.5,217.58984375
09000_rust.jpg,rust,True,2592,1728,1.5,290.076171875
09001_rust.jpg,rust,True,4608,3456,1.3333333333333333,1307.5234375
09002_rust.jpg,rust,True,4000,2672,1.4970059880239521,956.27734375
09003_rust.jpg,rust,True,5184,3456,1.5,1047.54296875
09004_rust.jpg,rust,True,4000,2672,1.4970059880239521,862.208984375
09005_rust.jpg,rust,True,2592,1728,1.5,465.5556640625
09006_rust.jpg,rust,True,4000,2672,1.4970059880239521,584.3681640625
09007_rust.jpg,rust,True,2592,1728,1.5,206.904296875
09008_rust.jpg,rust,True,5184,3456,1.5,983.689453125
09009_rust.jpg,rust,True,2592,1728,1.5,323.087890625
09010_rust.jpg,rust,True,4000,2672,1.4970059880239521,1036.43359375
09011_rust.jpg,rust,True,4000,2672,1.4970059880239521,850.0546875
09012_rust.jpg,rust,True,4608,3456,1.3333333333333333,1343.90234375
09013_rust.jpg,rust,True,2592,1728,1.5,260.96875
09014_rust.jpg,rust,True,2592,1728,1.5,324.6201171875
09015_rust.jpg,rust,True,2592,1728,1.5,222.7412109375
09016_rust.jpg,rust,True,2592,1728,1.5,310.890625
09017_rust.jpg,rust,True,4000,2672,1.4970059880239521,1014.54296875
09018_rust.jpg,rust,True,5184,3456,1.5,1197.1494140625
09019_rust.jpg,rust,True,2592,1728,1.5,306.294921875
09020_rust.jpg,rust,True,2592,1728,1.5,292.654296875
09021_rust.jpg,rust,True,2592,1728,1.5,268.197265625
09022_rust.jpg,rust,True,2592,1728,1.5,280.5888671875
09023_rust.jpg,rust,True,2592,1728,1.5,304.6787109375
09024_rust.jpg,rust,True,2592,1728,1.5,339.142578125
09025_rust.jpg,rust,True,2592,1728,1.5,266.4619140625
09026_rust.jpg,rust,True,2592,1728,1.5,218.2255859375
09027_rust.jpg,rust,True,2592,1728,1.5,233.1767578125
09028_rust.jpg,rust,True,2592,1728,1.5,319.921875
09029_rust.jpg,rust,True,2592,1728,1.5,428.978515625
09030_rust.jpg,rust,True,2592,1728,1.5,282.2744140625
09031_rust.jpg,rust,True,5184,3456,1.5,1120.705078125
09032_rust.jpg,rust,True,2592,1728,1.5,265.056640625
09033_rust.jpg,rust,True,2592,1728,1.5,365.98828125
09034_rust.jpg,rust,True,4000,3000,1.3333333333333333,853.630859375
09035_rust.jpg,rust,True,2592,1728,1.5,354.744140625
09036_rust.jpg,rust,True,4608,3456,1.3333333333333333,1233.7021484375
09037_rust.jpg,rust,True,2592,1728,1.5,269.248046875
09038_rust.jpg,rust,True,2592,1728,1.5,371.7109375
09039_rust.jpg,rust,True,2592,1728,1.5,266.224609375
09040_rust.jpg,rust,True,2592,1728,1.5,318.8876953125
09041_rust.jpg,rust,True,4000,2672,1.4970059880239521,1041.3896484375
09042_rust.jpg,rust,True,5184,3456,1.5,1207.4462890625
09043_rust.jpg,rust,True,4000,2672,1.4970059880239521,946.6748046875
09044_rust.jpg,rust,True,2592,1728,1.5,276.9375
09045_rust.jpg,rust,True,2592,1728,1.5,197.03515625
09046_rust.jpg,rust,True,4000,3000,1.3333333333333333,817.9775390625
09047_rust.jpg,rust,True,2592,1728,1.5,288.958984375
09048_rust.jpg,rust,True,4000,2672,1.4970059880239521,778.55078125
09049_rust.jpg,rust,True,2592,1728,1.5,185.8359375
09050_rust.jpg,rust,True,4000,2672,1.4970059880239521,991.0947265625
09051_rust.jpg,rust,True,4032,3024,1.3333333333333333,1371.9833984375
09052_rust.jpg,rust,True,2592,1728,1.5,250.1953125
09053_rust.jpg,rust,True,2592,1728,1.5,250.3427734375
09054_rust.jpg,rust,True,2592,1728,1.5,293.7021484375
09055_rust.jpg,rust,True,4000,3000,1.3333333333333333,1027.25
09056_rust.jpg,rust,True,2592,1728,1.5,265.1005859375
09057_rust.jpg,rust,True,2592,1728,1.5,211.16796875
09058_rust.jpg,rust,True,5184,3456,1.5,1342.767578125
09059_rust.jpg,rust,True,2592,1728,1.5,349.380859375
09060_rust.jpg,rust,True,2592,1728,1.5,238.650390625
09061_rust.jpg,rust,True,4000,2672,1.4970059880239521,788.0087890625
09062_rust.jpg,rust,True,4000,2672,1.4970059880239521,883.119140625
09063_rust.jpg,rust,True,2592,1728,1.5,248.7216796875
09064_rust.jpg,rust,True,2592,1728,1.5,233.38671875
09065_rust.jpg,rust,True,2592,1728,1.5,297.2138671875
09066_rust.jpg,rust,True,2592,1728,1.5,330.15625
09067_rust.jpg,rust,True,2592,1728,1.5,250.1435546875
09068_rust.jpg,rust,True,4000,2672,1.4970059880239521,1063.78125
09069_rust.jpg,rust,True,4000,2672,1.4970059880239521,762.025390625
09070_rust.jpg,rust,True,2592,1728,1.5,262.8427734375
09071_rust.jpg,rust,True,2592,1728,1.5,299.849609375
09072_rust.jpg,rust,True,4032,3024,1.3333333333333333,1149.5322265625
09073_rust.jpg,rust,True,4000,2672,1.4970059880239521,808.5390625
09074_rust.jpg,rust,True,4000,2672,1.4970059880239521,742.0234375
09075_rust.jpg,rust,True,2592,1728,1.5,326.0595703125
09076_rust.jpg,rust,True,4608,3456,1.3333333333333333,1356.4599609375
09077_rust.jpg,rust,True,4000,2672,1.4970059880239521,914.4375
09078_rust.jpg,rust,True,2592,1728,1.5,288.857421875
09079_rust.jpg,rust,True,2592,1728,1.5,275.1884765625
09080_rust.jpg,rust,True,2592,1728,1.5,321.2490234375
09081_rust.jpg,rust,True,2592,1728,1.5,314.048828125
09082_rust.jpg,rust,True,2592,1728,1.5,299.779296875
09083_rust.jpg,rust,True,2592,1728,1.5,309.80859375
09084_rust.jpg,rust,True,2592,1728,1.5,257.0205078125
09085_rust.jpg,rust,True,2592,1728,1.5,330.32421875
09086_rust.jpg,rust,True,2592,1728,1.5,288.4658203125
09087_rust.jpg,rust,True,2592,1728,1.5,358.8046875
09088_rust.jpg,rust,True,4000,2672,1.4970059880239521,1001.1982421875
09089_rust.jpg,rust,True,4000,2672,1.4970059880239521,797.5078125
09090_rust.jpg,rust,True,5184,3456,1.5,1000.517578125
09091_rust.jpg,rust,True,4000,2672,1.4970059880239521,1093.7255859375
09092_rust.jpg,rust,True,2592,1728,1.5,412.4853515625
09093_rust.jpg,rust,True,2592,1728,1.5,310.4912109375
09094_rust.jpg,rust,True,4000,2672,1.4970059880239521,1028.013671875
09095_rust.jpg,rust,True,2592,1728,1.5,208.3134765625
09096_rust.jpg,rust,True,2592,1728,1.5,270.5751953125
09097_rust.jpg,rust,True,4032,3024,1.3333333333333333,1680.58984375
09098_rust.jpg,rust,True,4000,2672,1.4970059880239521,885.037109375
09099_rust.jpg,rust,True,2592,1728,1.5,207.919921875
09100_rust.jpg,rust,True,2592,1728,1.5,279.90625
09101_rust.jpg,rust,True,2592,1728,1.5,241.6474609375
09102_rust.jpg,rust,True,2592,1728,1.5,324.2490234375
09103_rust.jpg,rust,True,2592,1728,1.5,308.66796875
09104_rust.jpg,rust,True,4000,2672,1.4970059880239521,978.982421875
09105_rust.jpg,rust,True,2592,1728,1.5,320.6044921875
09106_rust.jpg,rust,True,4000,2672,1.4970059880239521,704.54296875
09107_rust.jpg,rust,True,4000,2672,1.4970059880239521,933.994140625
09108_rust.jpg,rust,True,4000,2672,1.4970059880239521,750.0224609375
09109_rust.jpg,rust,True,2592,1728,1.5,240.365234375
09110_rust.jpg,rust,True,2592,1728,1.5,248.4228515625
09111_rust.jpg,rust,True,2592,1728,1.5,267.84375
09112_rust.jpg,rust,True,5184,3456,1.5,1263.232421875
09113_rust.jpg,rust,True,2592,1728,1.5,246.6416015625
09114_rust.jpg,rust,True,2592,1728,1.5,350.1015625
09115_rust.jpg,rust,True,2592,1728,1.5,264.2626953125
09116_rust.jpg,rust,True,2592,1728,1.5,325.2333984375
09117_rust.jpg,rust,True,2592,1728,1.5,355.9951171875
09118_rust.jpg,rust,True,4000,2672,1.4970059880239521,988.4375
09119_rust.jpg,rust,True,2592,1728,1.5,268.1669921875
09120_rust.jpg,rust,True,2592,1728,1.5,259.61328125
09121_rust.jpg,rust,True,4000,2672,1.4970059880239521,675.38671875
09122_rust.jpg,rust,True,2592,1728,1.5,347.12109375
09123_rust.jpg,rust,True,5184,3456,1.5,891.9130859375
09124_rust.jpg,rust,True,2592,1728,1.5,220.3798828125
09125_rust.jpg,rust,True,2592,1728,1.5,218.90625
09126_rust.jpg,rust,True,2592,1728,1.5,356.3388671875
09127_rust.jpg,rust,True,2592,1728,1.5,312.5234375
09128_rust.jpg,rust,True,4000,2672,1.4970059880239521,1060.00390625
09129_rust.jpg,rust,True,4000,2672,1.4970059880239521,941.4970703125
09130_rust.jpg,rust,True,4032,3024,1.3333333333333333,1165.90234375
09131_rust.jpg,rust,True,2592,1728,1.5,277.712890625
09132_rust.jpg,rust,True,4000,2672,1.4970059880239521,880.439453125
09133_rust.jpg,rust,True,2592,1728,1.5,253.85546875
09134_rust.jpg,rust,True,2592,1728,1.5,250.9326171875
09135_rust.jpg,rust,True,4032,3024,1.3333333333333333,1048.6845703125
09136_rust.jpg,rust,True,2592,1728,1.5,205.3212890625
09137_rust.jpg,rust,True,2592,1728,1.5,236.6025390625
09138_rust.jpg,rust,True,4000,2672,1.4970059880239521,760.6474609375
09139_rust.jpg,rust,True,2592,1728,1.5,267.912109375
09140_rust.jpg,rust,True,2592,1728,1.5,254.52734375
09141_rust.jpg,rust,True,4000,2672,1.4970059880239521,1054.62890625
09142_rust.jpg,rust,True,2592,1728,1.5,260.0625
09143_rust.jpg,rust,True,2592,1728,1.5,211.29296875
09144_rust.jpg,rust,True,2592,1728,1.5,248.9267578125
09145_rust.jpg,rust,True,2592,1728,1.5,329.1494140625
09146_rust.jpg,rust,True,4000,2672,1.4970059880239521,1101.517578125
09147_rust.jpg,rust,True,2592,1728,1.5,209.8359375
09148_rust.jpg,rust,True,2592,1728,1.5,207.642578125
09149_rust.jpg,rust,True,5184,3456,1.5,999.0029296875
09150_rust.jpg,rust,True,2592,1728,1.5,313.673828125
09151_rust.jpg,rust,True,4000,2672,1.4970059880239521,923.8525390625
09152_rust.jpg,rust,True,2592,1728,1.5,365.51953125
09153_rust.jpg,rust,True,2592,1728,1.5,238.8330078125
09154_rust.jpg,rust,True,4608,3456,1.3333333333333333,1613.0244140625
09155_rust.jpg,rust,True,4000,2672,1.4970059880239521,805.8779296875
09156_rust.jpg,rust,True,4000,2672,1.4970059880239521,1016.2275390625
09157_rust.jpg,rust,True,5184,3456,1.5,901.0888671875
09158_rust.jpg,rust,True,5184,3456,1.5,1238.205078125
09159_rust.jpg,rust,True,5184,3456,1.5,897.0224609375
09160_rust.jpg,rust,True,4608,3456,1.3333333333333333,1272.048828125
09161_rust.jpg,rust,True,5184,3456,1.5,1167.265625
09162_rust.jpg,rust,True,5184,3456,1.5,990.236328125
09163_rust.jpg,rust,True,2592,1728,1.5,205.505859375
09164_rust.jpg,rust,True,4000,2672,1.4970059880239521,963.6845703125
09165_rust.jpg,rust,True,2592,1728,1.5,274.82421875
09166_rust.jpg,rust,True,2592,1728,1.5,336.1640625
09167_rust.jpg,rust,True,4032,3024,1.3333333333333333,1178.0068359375
09168_rust.jpg,rust,True,2592,1728,1.5,369.1474609375
09169_rust.jpg,rust,True,2592,1728,1.5,214.662109375
09170_rust.jpg,rust,True,3024,4032,0.75,1369.7578125
09171_rust.jpg,rust,True,4000,2672,1.4970059880239521,1151.0830078125
09172_rust.jpg,rust,True,4000,3000,1.3333333333333333,795.2509765625
09173_rust.jpg,rust,True,2592,1728,1.5,282.8583984375
09174_rust.jpg,rust,True,2592,1728,1.5,268.314453125
09175_rust.jpg,rust,True,2592,1728,1.5,258.2177734375
09176_rust.jpg,rust,True,2592,1728,1.5,372.3857421875
09177_rust.jpg,rust,True,5184,3456,1.5,1463.30078125
09178_rust.jpg,rust,True,2592,1728,1.5,264.5048828125
09179_rust.jpg,rust,True,2592,1728,1.5,222.521484375
09180_rust.jpg,rust,True,4608,3456,1.3333333333333333,945.2099609375
09181_rust.jpg,rust,True,5184,3456,1.5,936.7373046875
09182_rust.jpg,rust,True,2592,1728,1.5,238.9619140625
09183_rust.jpg,rust,True,4032,3024,1.3333333333333333,1253.4990234375
09184_rust.jpg,rust,True,5184,3456,1.5,1014.7724609375
09185_rust.jpg,rust,True,2592,1728,1.5,333.8154296875
09186_rust.jpg,rust,True,2592,1728,1.5,212.2236328125
09187_rust.jpg,rust,True,2592,1728,1.5,295.1064453125
09188_rust.jpg,rust,True,5184,3456,1.5,1018.447265625
09189_rust.jpg,rust,True,2592,1728,1.5,287.58984375
09190_rust.jpg,rust,True,2592,1728,1.5,225.23828125
09191_rust.jpg,rust,True,2592,1728,1.5,305.8427734375
09192_rust.jpg,rust,True,2592,1728,1.5,309.6298828125
09193_rust.jpg,rust,True,5184,3456,1.5,1165.9140625
09194_rust.jpg,rust,True,4032,3024,1.3333333333333333,1575.0810546875
09195_rust.jpg,rust,True,2592,1728,1.5,246.5146484375
09196_rust.jpg,rust,True,4608,3456,1.3333333333333333,1445.0927734375
09197_rust.jpg,rust,True,4000,2672,1.4970059880239521,867.66796875
09198_rust.jpg,rust,True,2592,1728,1.5,259.388671875
09199_rust.jpg,rust,True,2592,1728,1.5,215.3056640625
09200_rust.jpg,rust,True,5184,3456,1.5,1459.798828125
09201_rust.jpg,rust,True,4000,2672,1.4970059880239521,852.474609375
09202_rust.jpg,rust,True,2592,1728,1.5,235.376953125
09203_rust.jpg,rust,True,4000,2672,1.4970059880239521,881.4189453125
09204_rust.jpg,rust,True,5184,3456,1.5,881.16015625
09205_rust.jpg,rust,True,2592,1728,1.5,239.5634765625
09206_rust.jpg,rust,True,2592,1728,1.5,258.3046875
09207_rust.jpg,rust,True,4000,2672,1.4970059880239521,797.86328125
09208_rust.jpg,rust,True,2592,1728,1.5,336.1962890625
09209_rust.jpg,rust,True,2592,1728,1.5,278.423828125
09210_rust.jpg,rust,True,2592,1728,1.5,265.30859375
09211_rust.jpg,rust,True,4000,2672,1.4970059880239521,794.88671875
09212_rust.jpg,rust,True,2592,1728,1.5,283.8193359375
09213_rust.jpg,rust,True,2592,1728,1.5,309.7490234375
09214_rust.jpg,rust,True,2592,1728,1.5,176.326171875
09215_rust.jpg,rust,True,2592,1728,1.5,343.7158203125
09216_rust.jpg,rust,True,4000,2672,1.4970059880239521,786.51171875
09217_rust.jpg,rust,True,4000,2672,1.4970059880239521,889.806640625
09218_rust.jpg,rust,True,5184,3456,1.5,778.8505859375
09219_rust.jpg,rust,True,2592,1728,1.5,231.6484375
09220_rust.jpg,rust,True,2592,1728,1.5,304.205078125
09221_rust.jpg,rust,True,4000,2672,1.4970059880239521,928.44921875
09222_rust.jpg,rust,True,4032,3024,1.3333333333333333,1423.9091796875
09223_rust.jpg,rust,True,5184,3456,1.5,792.7568359375
09224_rust.jpg,rust,True,4032,3024,1.3333333333333333,1278.4697265625
09225_rust.jpg,rust,True,5184,3456,1.5,1044.3974609375
09226_rust.jpg,rust,True,4608,3456,1.3333333333333333,1202.8642578125
09227_rust.jpg,rust,True,2592,1728,1.5,379.8427734375
09228_rust.jpg,rust,True,4000,2672,1.4970059880239521,689.6572265625
09229_rust.jpg,rust,True,5184,3456,1.5,926.544921875
09230_rust.jpg,rust,True,2592,1728,1.5,268.5244140625
09231_rust.jpg,rust,True,2592,1728,1.5,334.5224609375
09232_rust.jpg,rust,True,2592,1728,1.5,199.443359375
09233_rust.jpg,rust,True,2592,1728,1.5,239.1494140625
09234_rust.jpg,rust,True,2592,1728,1.5,367.7255859375
09235_rust.jpg,rust,True,2592,1728,1.5,326.14453125
09236_rust.jpg,rust,True,4000,2672,1.4970059880239521,767.8125
09237_rust.jpg,rust,True,2592,1728,1.5,283.673828125
09238_rust.jpg,rust,True,4608,3456,1.3333333333333333,1169.1064453125
09239_rust.jpg,rust,True,4000,2672,1.4970059880239521,823.08203125
09240_rust.jpg,rust,True,4000,2672,1.4970059880239521,969.8095703125
09241_rust.jpg,rust,True,4000,2672,1.4970059880239521,888.244140625
09242_rust.jpg,rust,True,4000,2672,1.4970059880239521,883.7373046875
09243_rust.jpg,rust,True,4000,2672,1.4970059880239521,808.2802734375
09244_rust.jpg,rust,True,2592,1728,1.5,285.94921875
09245_rust.jpg,rust,True,2592,1728,1.5,344.1357421875
09246_rust.jpg,rust,True,2592,1728,1.5,387.7646484375
09247_rust.jpg,rust,True,2592,1728,1.5,235.88671875
09248_rust.jpg,rust,True,2592,1728,1.5,246.568359375
09249_rust.jpg,rust,True,4000,2672,1.4970059880239521,990.3017578125
09250_rust.jpg,rust,True,2592,1728,1.5,260.587890625
09251_rust.jpg,rust,True,2592,1728,1.5,232.4541015625
09252_rust.jpg,rust,True,2592,1728,1.5,293.6962890625
09253_rust.jpg,rust,True,5184,3456,1.5,928.962890625
09254_rust.jpg,rust,True,4000,3000,1.3333333333333333,1135.2509765625
09255_rust.jpg,rust,True,5184,3456,1.5,989.2548828125
09256_rust.jpg,rust,True,4000,2672,1.4970059880239521,1082.896484375
09257_rust.jpg,rust,True,4000,2672,1.4970059880239521,909.767578125
09258_rust.jpg,rust,True,4032,3024,1.3333333333333333,1289.8193359375
09259_rust.jpg,rust,True,2592,1728,1.5,349.6396484375
09260_rust.jpg,rust,True,4000,2672,1.4970059880239521,801.529296875
09261_rust.jpg,rust,True,5184,3456,1.5,953.8095703125
09262_rust.jpg,rust,True,2592,1728,1.5,321.5966796875
09263_rust.jpg,rust,True,4032,3024,1.3333333333333333,1380.6943359375
09264_rust.jpg,rust,True,2592,1728,1.5,253.5400390625
09265_rust.jpg,rust,True,4000,2672,1.4970059880239521,751.880859375
09266_rust.jpg,rust,True,2592,1728,1.5,303.6767578125
09267_rust.jpg,rust,True,2592,1728,1.5,404.53125
09268_rust.jpg,rust,True,2592,1728,1.5,311.9638671875
09269_rust.jpg,rust,True,4000,2672,1.4970059880239521,738.85546875
09270_rust.jpg,rust,True,4000,3000,1.3333333333333333,1179.1005859375
09271_rust.jpg,rust,True,2592,1728,1.5,350.693359375
09272_rust.jpg,rust,True,5184,3456,1.5,1133.6298828125
09273_rust.jpg,rust,True,2592,1728,1.5,272.875
09274_rust.jpg,rust,True,4000,2672,1.4970059880239521,667.1083984375
09275_rust.jpg,rust,True,5184,3456,1.5,962.2255859375
09276_rust.jpg,rust,True,2592,1728,1.5,360.3173828125
09277_rust.jpg,rust,True,2592,1728,1.5,187.919921875
09278_rust.jpg,rust,True,2592,1728,1.5,352.1396484375
09279_rust.jpg,rust,True,2592,1728,1.5,372.8203125
09280_rust.jpg,rust,True,2592,1728,1.5,277.041015625
09281_rust.jpg,rust,True,2592,1728,1.5,229.49609375
09282_rust.jpg,rust,True,4000,2672,1.4970059880239521,814.9072265625
09283_rust.jpg,rust,True,2592,1728,1.5,325.6845703125
09284_rust.jpg,rust,True,2592,1728,1.5,234.89453125
09285_rust.jpg,rust,True,5184,3456,1.5,752.875
09286_rust.jpg,rust,True,2592,1728,1.5,345.662109375
09287_rust.jpg,rust,True,2592,1728,1.5,232.5361328125
09288_rust.jpg,rust,True,4000,2672,1.4970059880239521,637.8486328125
09289_rust.jpg,rust,True,4000,2672,1.4970059880239521,666.62109375
09290_rust.jpg,rust,True,2592,1728,1.5,253.40625
09291_rust.jpg,rust,True,2592,1728,1.5,243.583984375
09292_rust.jpg,rust,True,2592,1728,1.5,258.2734375
09293_rust.jpg,rust,True,2592,1728,1.5,233.591796875
09294_rust.jpg,rust,True,2592,1728,1.5,257.9287109375
09295_rust.jpg,rust,True,2592,1728,1.5,282.228515625
09296_rust.jpg,rust,True,4000,2672,1.4970059880239521,570.6494140625
09297_rust.jpg,rust,True,5184,3456,1.5,1163.9609375
09298_rust.jpg,rust,True,2592,1728,1.5,329.0869140625
09299_rust.jpg,rust,True,2592,1728,1.5,390.0888671875
09300_rust.jpg,rust,True,4032,3024,1.3333333333333333,973.6279296875
09301_rust.jpg,rust,True,2592,1728,1.5,273.779296875
09302_rust.jpg,rust,True,2592,1728,1.5,246.681640625
09303_rust.jpg,rust,True,4000,2672,1.4970059880239521,983.2294921875
09304_rust.jpg,rust,True,4000,2672,1.4970059880239521,928.19921875
09305_rust.jpg,rust,True,4000,2672,1.4970059880239521,858.05078125
09306_rust.jpg,rust,True,2592,1728,1.5,207.5263671875
09307_rust.jpg,rust,True,5184,3456,1.5,1035.3779296875
09308_rust.jpg,rust,True,4000,2672,1.4970059880239521,784.3017578125
09309_rust.jpg,rust,True,4032,3024,1.3333333333333333,1094.94921875
09310_rust.jpg,rust,True,2592,1728,1.5,286.787109375
09311_rust.jpg,rust,True,2592,1728,1.5,307.314453125
09312_rust.jpg,rust,True,2592,1728,1.5,316.7939453125
09313_rust.jpg,rust,True,5184,3456,1.5,787.0546875
09314_rust.jpg,rust,True,2592,1728,1.5,235.8740234375
09315_rust.jpg,rust,True,4000,2672,1.4970059880239521,867.9970703125
09316_rust.jpg,rust,True,5184,3456,1.5,1432.337890625
09317_rust.jpg,rust,True,4000,2672,1.4970059880239521,941.3896484375
09318_rust.jpg,rust,True,2592,1728,1.5,239.9638671875
09319_rust.jpg,rust,True,2592,1728,1.5,247.1474609375
09320_rust.jpg,rust,True,4608,3456,1.3333333333333333,1167.130859375
09321_rust.jpg,rust,True,4000,2672,1.4970059880239521,971.900390625
09322_rust.jpg,rust,True,2592,1728,1.5,230.8623046875
09323_rust.jpg,rust,True,2592,1728,1.5,256.4892578125
09324_rust.jpg,rust,True,4000,2672,1.4970059880239521,875.00390625
09325_rust.jpg,rust,True,3024,4032,0.75,1396.9951171875
09326_rust.jpg,rust,True,2592,1728,1.5,224.53515625
09327_rust.jpg,rust,True,2592,1728,1.5,339.904296875
09328_rust.jpg,rust,True,4000,2672,1.4970059880239521,1097.53515625
09329_rust.jpg,rust,True,4000,3000,1.3333333333333333,1043.5185546875
09330_rust.jpg,rust,True,4000,2672,1.4970059880239521,999.630859375
09331_rust.jpg,rust,True,2592,1728,1.5,292.560546875
09332_rust.jpg,rust,True,4608,3456,1.3333333333333333,1238.904296875
09333_rust.jpg,rust,True,2592,1728,1.5,300.3779296875
09334_rust.jpg,rust,True,2592,1728,1.5,320.7421875
09335_rust.jpg,rust,True,2592,1728,1.5,285.4755859375
09336_rust.jpg,rust,True,2592,1728,1.5,258.4404296875
09337_rust.jpg,rust,True,4032,3024,1.3333333333333333,1124.51953125
09338_rust.jpg,rust,True,2592,1728,1.5,314.150390625
09339_rust.jpg,rust,True,2592,1728,1.5,309.8203125
09340_rust.jpg,rust,True,4608,3456,1.3333333333333333,1403.1845703125
09341_rust.jpg,rust,True,5184,3456,1.5,1034.880859375
09342_rust.jpg,rust,True,4608,3456,1.3333333333333333,1320.865234375
09343_rust.jpg,rust,True,2592,1728,1.5,254.6484375
09344_rust.jpg,rust,True,2592,1728,1.5,265.8232421875
09345_rust.jpg,rust,True,2592,1728,1.5,294.3955078125
09346_rust.jpg,rust,True,4000,3000,1.3333333333333333,1060.494140625
09347_rust.jpg,rust,True,4000,2672,1.4970059880239521,913.65625
09348_rust.jpg,rust,True,2592,1728,1.5,363.716796875
09349_rust.jpg,rust,True,2592,1728,1.5,214.95703125
09350_rust.jpg,rust,True,4032,3024,1.3333333333333333,946.7763671875
09351_rust.jpg,rust,True,2592,1728,1.5,276.7685546875
09352_rust.jpg,rust,True,5184,3456,1.5,960.1298828125
09353_rust.jpg,rust,True,2592,1728,1.5,239.224609375
09354_rust.jpg,rust,True,4000,2672,1.4970059880239521,788.908203125
09355_rust.jpg,rust,True,2592,1728,1.5,318.716796875
09356_rust.jpg,rust,True,2592,1728,1.5,207.5458984375
09357_rust.jpg,rust,True,2592,1728,1.5,283.2763671875
09358_rust.jpg,rust,True,2592,1728,1.5,277.83203125
09359_rust.jpg,rust,True,2592,1728,1.5,332.958984375
09360_rust.jpg,rust,True,5184,3456,1.5,929.5498046875
09361_rust.jpg,rust,True,2592,1728,1.5,232.376953125
09362_rust.jpg,rust,True,4000,2672,1.4970059880239521,988.2705078125
09363_rust.jpg,rust,True,4608,3456,1.3333333333333333,1321.91015625
09364_rust.jpg,rust,True,2592,1728,1.5,217.3759765625
09365_rust.jpg,rust,True,5184,3456,1.5,1340.244140625
09366_rust.jpg,rust,True,2592,1728,1.5,321.595703125
09367_rust.jpg,rust,True,2592,1728,1.5,248.01171875
09368_rust.jpg,rust,True,5184,3456,1.5,1023.638671875
09369_rust.jpg,rust,True,5184,3456,1.5,1122.3583984375
09370_rust.jpg,rust,True,2592,1728,1.5,278.3779296875
09371_rust.jpg,rust,True,2592,1728,1.5,226.0810546875
09372_rust.jpg,rust,True,4032,3024,1.3333333333333333,985.3115234375
09373_rust.jpg,rust,True,2592,1728,1.5,358.294921875
09374_rust.jpg,rust,True,2592,1728,1.5,259.2119140625
09375_rust.jpg,rust,True,4608,3456,1.3333333333333333,1110.7705078125
09376_rust.jpg,rust,True,5184,3456,1.5,1255.5693359375
09377_rust.jpg,rust,True,2592,1728,1.5,220.07421875
09378_rust.jpg,rust,True,2592,1728,1.5,317.30859375
09379_rust.jpg,rust,True,2592,1728,1.5,341.2880859375
09380_rust.jpg,rust,True,4000,2672,1.4970059880239521,957.2197265625
09381_rust.jpg,rust,True,2592,1728,1.5,226.4150390625
09382_rust.jpg,rust,True,5184,3456,1.5,1327.83203125
09383_rust.jpg,rust,True,2592,1728,1.5,246.7900390625
09384_rust.jpg,rust,True,2592,1728,1.5,284.515625
09385_rust.jpg,rust,True,2592,1728,1.5,334.2109375
09386_rust.jpg,rust,True,2592,1728,1.5,385.728515625
09387_rust.jpg,rust,True,4000,2672,1.4970059880239521,684.8798828125
09388_rust.jpg,rust,True,2592,1728,1.5,287.69140625
09389_rust.jpg,rust,True,2592,1728,1.5,253.9130859375
09390_rust.jpg,rust,True,4000,3000,1.3333333333333333,1038.56640625
09391_rust.jpg,rust,True,4032,3024,1.3333333333333333,1325.7578125
09392_rust.jpg,rust,True,2592,1728,1.5,224.5654296875
09393_rust.jpg,rust,True,2592,1728,1.5,352.2919921875
09394_rust.jpg,rust,True,5184,3456,1.5,1236.564453125
09395_rust.jpg,rust,True,4032,3024,1.3333333333333333,1600.595703125
09396_rust.jpg,rust,True,4608,3456,1.3333333333333333,971.3408203125
09397_rust.jpg,rust,True,4032,3024,1.3333333333333333,1312.421875
09398_rust.jpg,rust,True,2592,1728,1.5,218.09375
09399_rust.jpg,rust,True,4000,2672,1.4970059880239521,1032.541015625
09400_rust.jpg,rust,True,5184,3456,1.5,1223.2685546875
09401_rust.jpg,rust,True,4000,2672,1.4970059880239521,874.22265625
09402_rust.jpg,rust,True,4032,3024,1.3333333333333333,1060.5146484375
09403_rust.jpg,rust,True,4000,2672,1.4970059880239521,866.595703125
09404_rust.jpg,rust,True,2592,1728,1.5,327.28125
09405_rust.jpg,rust,True,2592,1728,1.5,346.5185546875
09406_rust.jpg,rust,True,4000,2672,1.4970059880239521,681.5224609375
09407_rust.jpg,rust,True,2592,1728,1.5,255.0185546875
09408_rust.jpg,rust,True,4000,2672,1.4970059880239521,886.50390625
09409_rust.jpg,rust,True,5184,3456,1.5,1026.04296875
09410_rust.jpg,rust,True,2592,1728,1.5,212.927734375
09411_rust.jpg,rust,True,4032,3024,1.3333333333333333,1219.3662109375
09412_rust.jpg,rust,True,4032,3024,1.3333333333333333,1325.15234375
09413_rust.jpg,rust,True,2592,1728,1.5,239.26171875
09414_rust.jpg,rust,True,4032,3024,1.3333333333333333,1221.7744140625
09415_rust.jpg,rust,True,2592,1728,1.5,279.9970703125
09416_rust.jpg,rust,True,2592,1728,1.5,226.005859375
09417_rust.jpg,rust,True,2592,1728,1.5,216.021484375
09418_rust.jpg,rust,True,4000,2672,1.4970059880239521,808.0654296875
09419_rust.jpg,rust,True,5184,3456,1.5,922.6865234375
09420_rust.jpg,rust,True,2592,1728,1.5,288.857421875
09421_rust.jpg,rust,True,4000,2672,1.4970059880239521,811.421875
09422_rust.jpg,rust,True,4000,2672,1.4970059880239521,697.5556640625
09423_rust.jpg,rust,True,4000,2672,1.4970059880239521,700.7607421875
09424_rust.jpg,rust,True,2592,1728,1.5,331.267578125
09425_rust.jpg,rust,True,2592,1728,1.5,210.2998046875
09426_rust.jpg,rust,True,4000,2672,1.4970059880239521,751.64453125
09427_rust.jpg,rust,True,4000,2672,1.4970059880239521,878.919921875
09428_rust.jpg,rust,True,2592,1728,1.5,236.7373046875
09429_rust.jpg,rust,True,2592,1728,1.5,294.0849609375
09430_rust.jpg,rust,True,5184,3456,1.5,877.1669921875
09431_rust.jpg,rust,True,4000,3000,1.3333333333333333,860.279296875
09432_rust.jpg,rust,True,2592,1728,1.5,238.6513671875
09433_rust.jpg,rust,True,4000,2672,1.4970059880239521,965.1962890625
09434_rust.jpg,rust,True,4032,3024,1.3333333333333333,953.4404296875
09435_rust.jpg,rust,True,4000,2672,1.4970059880239521,799.0400390625
09436_rust.jpg,rust,True,4000,2672,1.4970059880239521,798.869140625
09437_rust.jpg,rust,True,4000,2672,1.4970059880239521,933.14453125
09438_rust.jpg,rust,True,4000,2672,1.4970059880239521,614.361328125
09439_rust.jpg,rust,True,4000,2672,1.4970059880239521,735.7890625
09440_rust.jpg,rust,True,4000,3000,1.3333333333333333,1092.28125
09441_rust.jpg,rust,True,2592,1728,1.5,314.859375
09442_rust.jpg,rust,True,4000,2672,1.4970059880239521,633.962890625
09443_rust.jpg,rust,True,2592,1728,1.5,250.525390625
09444_rust.jpg,rust,True,5184,3456,1.5,999.1953125
09445_rust.jpg,rust,True,2592,1728,1.5,275.498046875
09446_rust.jpg,rust,True,2592,1728,1.5,255.0830078125
09447_rust.jpg,rust,True,5184,3456,1.5,1113.888671875
09448_rust.jpg,rust,True,4000,2672,1.4970059880239521,804.607421875
09449_rust.jpg,rust,True,4608,3456,1.3333333333333333,1335.810546875
09450_rust.jpg,rust,True,4000,2672,1.4970059880239521,663.7470703125
09451_rust.jpg,rust,True,2592,1728,1.5,266.998046875
09452_rust.jpg,rust,True,4000,2672,1.4970059880239521,591.2119140625
09453_rust.jpg,rust,True,4000,2672,1.4970059880239521,765.21484375
09454_rust.jpg,rust,True,2592,1728,1.5,304.1123046875
09455_rust.jpg,rust,True,5184,3456,1.5,1112.4931640625
09456_rust.jpg,rust,True,4000,2672,1.4970059880239521,810.6435546875
09457_rust.jpg,rust,True,4000,2672,1.4970059880239521,591.3193359375
09458_rust.jpg,rust,True,5184,3456,1.5,1066.7255859375
09459_rust.jpg,rust,True,4000,2672,1.4970059880239521,796.556640625
09460_rust.jpg,rust,True,4000,2672,1.4970059880239521,966.7412109375
09461_rust.jpg,rust,True,2592,1728,1.5,235.0361328125
09462_rust.jpg,rust,True,4000,2672,1.4970059880239521,938.75
09463_rust.jpg,rust,True,4000,2672,1.4970059880239521,804.1044921875
09464_rust.jpg,rust,True,5184,3456,1.5,880.0537109375
09465_rust.jpg,rust,True,4000,2672,1.4970059880239521,853.42578125
09466_rust.jpg,rust,True,4608,3456,1.3333333333333333,1412.7666015625
09467_rust.jpg,rust,True,4000,2672,1.4970059880239521,767.931640625
09468_rust.jpg,rust,True,4608,3456,1.3333333333333333,1183.998046875
09469_rust.jpg,rust,True,4000,2672,1.4970059880239521,932.5341796875
09470_rust.jpg,rust,True,2592,1728,1.5,280.6435546875
09471_rust.jpg,rust,True,4000,2672,1.4970059880239521,725.2880859375
09472_rust.jpg,rust,True,4608,3456,1.3333333333333333,1277.6708984375
09473_rust.jpg,rust,True,4000,3000,1.3333333333333333,991.4453125
09474_rust.jpg,rust,True,2592,1728,1.5,222.232421875
09475_rust.jpg,rust,True,2592,1728,1.5,332.197265625
09476_rust.jpg,rust,True,4608,3456,1.3333333333333333,1387.4326171875
09477_rust.jpg,rust,True,4608,3456,1.3333333333333333,1266.4306640625
09478_rust.jpg,rust,True,2592,1728,1.5,209.52734375
09479_rust.jpg,rust,True,2592,1728,1.5,405.3251953125
09480_rust.jpg,rust,True,2592,1728,1.5,285.9462890625
09481_rust.jpg,rust,True,4000,2672,1.4970059880239521,880.328125
09482_rust.jpg,rust,True,5184,3456,1.5,1130.564453125
09483_rust.jpg,rust,True,5184,3456,1.5,1334.0283203125
09484_rust.jpg,rust,True,2592,1728,1.5,248.4248046875
09485_rust.jpg,rust,True,5184,3456,1.5,901.6826171875
09486_rust.jpg,rust,True,2592,1728,1.5,260.59375
09487_rust.jpg,rust,True,5184,3456,1.5,1179.1767578125
09488_rust.jpg,rust,True,2592,1728,1.5,377.5400390625
09489_rust.jpg,rust,True,2592,1728,1.5,370.865234375
09490_rust.jpg,rust,True,2592,1728,1.5,248.5869140625
09491_rust.jpg,rust,True,4032,3024,1.3333333333333333,1077.5615234375
09492_rust.jpg,rust,True,4000,2672,1.4970059880239521,808.392578125
09493_rust.jpg,rust,True,5184,3456,1.5,1015.6826171875
09494_rust.jpg,rust,True,2592,1728,1.5,269.939453125
09495_rust.jpg,rust,True,4608,3456,1.3333333333333333,1289.4033203125
09496_rust.jpg,rust,True,4000,2672,1.4970059880239521,698.1103515625
09497_rust.jpg,rust,True,2592,1728,1.5,171.1435546875
09498_rust.jpg,rust,True,5184,3456,1.5,1217.9638671875
09499_rust.jpg,rust,True,4000,2672,1.4970059880239521,712.3369140625
09500_rust.jpg,rust,True,4000,2672,1.4970059880239521,1092.09765625
09501_rust.jpg,rust,True,4000,3000,1.3333333333333333,1087.298828125
09502_rust.jpg,rust,True,4000,2672,1.4970059880239521,748.697265625
09503_rust.jpg,rust,True,2592,1728,1.5,371.0693359375
09504_rust.jpg,rust,True,4000,2672,1.4970059880239521,900.8828125
09505_rust.jpg,rust,True,2592,1728,1.5,333.640625
09506_rust.jpg,rust,True,2592,1728,1.5,265.4013671875
09507_rust.jpg,rust,True,2592,1728,1.5,239.1845703125
09508_rust.jpg,rust,True,2592,1728,1.5,390.66796875
09509_rust.jpg,rust,True,4000,2672,1.4970059880239521,793.9638671875
09510_rust.jpg,rust,True,4000,2672,1.4970059880239521,831.2080078125
09511_rust.jpg,rust,True,4608,3456,1.3333333333333333,1635.71875
09512_rust.jpg,rust,True,4000,2672,1.4970059880239521,824.8349609375
09513_rust.jpg,rust,True,4000,2672,1.4970059880239521,1154.1328125
09514_rust.jpg,rust,True,5184,3456,1.5,898.849609375
09515_rust.jpg,rust,True,4000,2672,1.4970059880239521,824.095703125
09516_rust.jpg,rust,True,4000,2672,1.4970059880239521,879.4580078125
09517_rust.jpg,rust,True,2592,1728,1.5,283.1484375
09518_rust.jpg,rust,True,4608,3456,1.3333333333333333,1209.5146484375
09519_rust.jpg,rust,True,4608,3456,1.3333333333333333,1386.6083984375
09520_rust.jpg,rust,True,4000,3000,1.3333333333333333,1003.357421875
09521_rust.jpg,rust,True,5184,3456,1.5,910.09765625
09522_rust.jpg,rust,True,4608,3456,1.3333333333333333,1053.09375
09523_rust.jpg,rust,True,4608,3456,1.3333333333333333,1304.515625
09524_rust.jpg,rust,True,2592,1728,1.5,293.4150390625
09525_rust.jpg,rust,True,4000,2672,1.4970059880239521,826.7099609375
09526_rust.jpg,rust,True,2592,1728,1.5,241.294921875
09527_rust.jpg,rust,True,4000,2672,1.4970059880239521,936.279296875
09528_rust.jpg,rust,True,2592,1728,1.5,222.21875
09529_rust.jpg,rust,True,2592,1728,1.5,237.630859375
09530_rust.jpg,rust,True,2592,1728,1.5,292.234375
09531_rust.jpg,rust,True,2592,1728,1.5,265.5859375
09532_rust.jpg,rust,True,4608,3456,1.3333333333333333,1061.0849609375
09533_rust.jpg,rust,True,2592,1728,1.5,357.8095703125
09534_rust.jpg,rust,True,4000,2672,1.4970059880239521,796.7705078125
09535_rust.jpg,rust,True,4000,3000,1.3333333333333333,1016.8583984375
09536_rust.jpg,rust,True,4000,2672,1.4970059880239521,779.0283203125
09537_rust.jpg,rust,True,4000,2672,1.4970059880239521,990.9248046875
09538_rust.jpg,rust,True,5184,3456,1.5,1022.0546875
09539_rust.jpg,rust,True,2592,1728,1.5,352.822265625
09540_rust.jpg,rust,True,2592,1728,1.5,227.857421875
09541_rust.jpg,rust,True,2592,1728,1.5,192.0234375
09542_rust.jpg,rust,True,4608,3456,1.3333333333333333,1089.2333984375
09543_rust.jpg,rust,True,5184,3456,1.5,1125.10546875
09544_rust.jpg,rust,True,2592,1728,1.5,246.599609375
09545_rust.jpg,rust,True,4608,3456,1.3333333333333333,1242.2763671875
09546_rust.jpg,rust,True,4000,2672,1.4970059880239521,892.2431640625
09547_rust.jpg,rust,True,4608,3456,1.3333333333333333,1232.1279296875
09548_rust.jpg,rust,True,4000,2672,1.4970059880239521,725.0380859375
09549_rust.jpg,rust,True,4608,3456,1.3333333333333333,1166.28125
09550_rust.jpg,rust,True,5184,3456,1.5,858.1171875
09551_rust.jpg,rust,True,2592,1728,1.5,245.4091796875
09552_rust.jpg,rust,True,2592,1728,1.5,240.8427734375
09553_rust.jpg,rust,True,4000,3000,1.3333333333333333,992.3662109375
09554_rust.jpg,rust,True,4000,2672,1.4970059880239521,765.5
09555_rust.jpg,rust,True,4000,2672,1.4970059880239521,986.373046875
09556_rust.jpg,rust,True,4608,3456,1.3333333333333333,1304.5849609375
09557_rust.jpg,rust,True,4000,2672,1.4970059880239521,883.0263671875
09558_rust.jpg,rust,True,4000,2672,1.4970059880239521,874.7958984375
09559_rust.jpg,rust,True,2592,1728,1.5,259.8916015625
09560_rust.jpg,rust,True,5184,3456,1.5,1021.484375
09561_rust.jpg,rust,True,4000,2672,1.4970059880239521,747.865234375
09562_rust.jpg,rust,True,4000,2672,1.4970059880239521,799.9775390625
09563_rust.jpg,rust,True,2592,1728,1.5,277.5576171875
09564_rust.jpg,rust,True,4000,2672,1.4970059880239521,812.73828125
09565_rust.jpg,rust,True,2592,1728,1.5,325.2548828125
09566_rust.jpg,rust,True,4032,3024,1.3333333333333333,1233.146484375
09567_rust.jpg,rust,True,4608,3456,1.3333333333333333,1168.0009765625
09568_rust.jpg,rust,True,2592,1728,1.5,275.2841796875
09569_rust.jpg,rust,True,2592,1728,1.5,348.486328125
09570_rust.jpg,rust,True,2592,1728,1.5,283.29296875
09571_rust.jpg,rust,True,4608,3456,1.3333333333333333,1060.96875
09572_rust.jpg,rust,True,4000,2672,1.4970059880239521,983.92578125
09573_rust.jpg,rust,True,2592,1728,1.5,324.31640625
09574_rust.jpg,rust,True,2592,1728,1.5,337.841796875
09575_rust.jpg,rust,True,4000,2672,1.4970059880239521,784.990234375
09576_rust.jpg,rust,True,4000,2672,1.4970059880239521,937.009765625
09577_rust.jpg,rust,True,4032,3024,1.3333333333333333,1175.8583984375
09578_rust.jpg,rust,True,4032,3024,1.3333333333333333,1056.244140625
09579_rust.jpg,rust,True,4032,3024,1.3333333333333333,1464.1669921875
09580_rust.jpg,rust,True,2592,1728,1.5,203.869140625
09581_rust.jpg,rust,True,4608,3456,1.3333333333333333,1206.1142578125
09582_rust.jpg,rust,True,4608,3456,1.3333333333333333,1337.0654296875
09583_rust.jpg,rust,True,4000,2672,1.4970059880239521,911.96875
09584_rust.jpg,rust,True,2592,1728,1.5,318.7021484375
09585_rust.jpg,rust,True,2592,1728,1.5,326.443359375
09586_rust.jpg,rust,True,2592,1728,1.5,201.52734375
09587_rust.jpg,rust,True,2592,1728,1.5,365.5283203125
09588_rust.jpg,rust,True,4000,2672,1.4970059880239521,914.0712890625
09589_rust.jpg,rust,True,2592,1728,1.5,216.33984375
09590_rust.jpg,rust,True,2592,1728,1.5,284.8740234375
09591_rust.jpg,rust,True,2592,1728,1.5,192.1865234375
09592_rust.jpg,rust,True,4000,2672,1.4970059880239521,1043.7138671875
09593_rust.jpg,rust,True,4000,2672,1.4970059880239521,691.8876953125
09594_rust.jpg,rust,True,2592,1728,1.5,239.828125
09595_rust.jpg,rust,True,2592,1728,1.5,334.57421875
09596_rust.jpg,rust,True,2592,1728,1.5,244.203125
09597_rust.jpg,rust,True,4608,3456,1.3333333333333333,1266.357421875
09598_rust.jpg,rust,True,5184,3456,1.5,1399.7509765625
09599_rust.jpg,rust,True,4000,2672,1.4970059880239521,780.4765625
09600_rust.jpg,rust,True,5184,3456,1.5,1791.91796875
09601_rust.jpg,rust,True,2592,1728,1.5,306.7646484375
09602_rust.jpg,rust,True,2592,1728,1.5,255.7607421875
09603_rust.jpg,rust,True,4608,3456,1.3333333333333333,1122.0458984375
09604_rust.jpg,rust,True,4000,2672,1.4970059880239521,997.3095703125
09605_rust.jpg,rust,True,4032,3024,1.3333333333333333,951.818359375
09606_rust.jpg,rust,True,4000,3000,1.3333333333333333,778.8759765625
09607_rust.jpg,rust,True,4032,3024,1.3333333333333333,1151.728515625
09608_rust.jpg,rust,True,2592,1728,1.5,253.6044921875
09609_rust.jpg,rust,True,2592,1728,1.5,316.8125
09610_rust.jpg,rust,True,4000,2672,1.4970059880239521,756.0439453125
09611_rust.jpg,rust,True,2592,1728,1.5,277.19140625
09612_rust.jpg,rust,True,2592,1728,1.5,296.2548828125
09613_rust.jpg,rust,True,4608,3456,1.3333333333333333,1494.1484375
09614_rust.jpg,rust,True,2592,1728,1.5,218.6416015625
09615_rust.jpg,rust,True,4000,2672,1.4970059880239521,669.2705078125
09616_rust.jpg,rust,True,4032,3024,1.3333333333333333,1276.9970703125
09617_rust.jpg,rust,True,2592,1728,1.5,278.3544921875
09618_rust.jpg,rust,True,4000,2672,1.4970059880239521,972.1640625
09619_rust.jpg,rust,True,2592,1728,1.5,213.546875
09620_rust.jpg,rust,True,2592,1728,1.5,264.9072265625
09621_rust.jpg,rust,True,2592,1728,1.5,309.8583984375
09622_rust.jpg,rust,True,2592,1728,1.5,247.666015625
09623_rust.jpg,rust,True,4000,2672,1.4970059880239521,806.10546875
09624_rust.jpg,rust,True,4000,2672,1.4970059880239521,1107.232421875
09625_rust.jpg,rust,True,2592,1728,1.5,307.1337890625
09626_rust.jpg,rust,True,4000,3000,1.3333333333333333,1081.962890625
09627_rust.jpg,rust,True,2592,1728,1.5,219.771484375
09628_rust.jpg,rust,True,2592,1728,1.5,267.6923828125
09629_rust.jpg,rust,True,2592,1728,1.5,241.068359375
09630_rust.jpg,rust,True,2592,1728,1.5,259.7294921875
09631_rust.jpg,rust,True,4000,2672,1.4970059880239521,993.1796875
09632_rust.jpg,rust,True,4000,2672,1.4970059880239521,1057.16796875
09633_rust.jpg,rust,True,4000,2672,1.4970059880239521,1061.6748046875
09634_rust.jpg,rust,True,4032,3024,1.3333333333333333,1224.4921875
09635_rust.jpg,rust,True,2592,1728,1.5,279.0048828125
09636_rust.jpg,rust,True,2592,1728,1.5,275.69140625
09637_rust.jpg,rust,True,4608,3456,1.3333333333333333,1080.4541015625
09638_rust.jpg,rust,True,2592,1728,1.5,494.34375
09639_rust.jpg,rust,True,2592,1728,1.5,255.1796875
09640_rust.jpg,rust,True,4000,2672,1.4970059880239521,864.5
09641_rust.jpg,rust,True,4000,2672,1.4970059880239521,772.080078125
09642_rust.jpg,rust,True,2592,1728,1.5,315.6220703125
09643_rust.jpg,rust,True,2592,1728,1.5,199.3447265625
09644_rust.jpg,rust,True,2592,1728,1.5,290.30859375
09645_rust.jpg,rust,True,2592,1728,1.5,244.0087890625
09646_rust.jpg,rust,True,2592,1728,1.5,456.0126953125
09647_rust.jpg,rust,True,2592,1728,1.5,300.267578125
09648_rust.jpg,rust,True,2592,1728,1.5,259.7607421875
09649_rust.jpg,rust,True,4000,2672,1.4970059880239521,860.2724609375
09650_rust.jpg,rust,True,4608,3456,1.3333333333333333,1399.3603515625
09651_rust.jpg,rust,True,4032,3024,1.3333333333333333,965.125
09652_rust.jpg,rust,True,4032,3024,1.3333333333333333,1102.125
09653_rust.jpg,rust,True,4032,3024,1.3333333333333333,1030.953125
09654_rust.jpg,rust,True,5184,3456,1.5,1175.8955078125
09655_rust.jpg,rust,True,2592,1728,1.5,226.8359375
09656_rust.jpg,rust,True,4032,3024,1.3333333333333333,1144.037109375
09657_rust.jpg,rust,True,4000,2672,1.4970059880239521,959.3740234375
09658_rust.jpg,rust,True,4608,3456,1.3333333333333333,1284.7255859375
09659_rust.jpg,rust,True,4032,3024,1.3333333333333333,664.296875
09660_rust.jpg,rust,True,4000,2672,1.4970059880239521,820.5693359375
09661_rust.jpg,rust,True,2592,1728,1.5,341.4462890625
09662_rust.jpg,rust,True,2592,1728,1.5,254.3017578125
09663_rust.jpg,rust,True,2592,1728,1.5,342.6025390625
09664_rust.jpg,rust,True,2592,1728,1.5,274.4013671875
09665_rust.jpg,rust,True,4000,2672,1.4970059880239521,1024.3193359375
09666_rust.jpg,rust,True,4000,2672,1.4970059880239521,899.029296875
09667_rust.jpg,rust,True,2592,1728,1.5,219.3076171875
09668_rust.jpg,rust,True,2592,1728,1.5,339.517578125
09669_rust.jpg,rust,True,2592,1728,1.5,308.6689453125
09670_rust.jpg,rust,True,2592,1728,1.5,251.4775390625
09671_rust.jpg,rust,True,2592,1728,1.5,232.3828125
09672_rust.jpg,rust,True,2592,1728,1.5,263.7080078125
09673_rust.jpg,rust,True,4000,2672,1.4970059880239521,648.62109375
09674_rust.jpg,rust,True,2592,1728,1.5,343.8505859375
09675_rust.jpg,rust,True,5184,3456,1.5,1462.298828125
09676_rust.jpg,rust,True,2592,1728,1.5,247.5595703125
09677_rust.jpg,rust,True,4000,2672,1.4970059880239521,843.490234375
09678_rust.jpg,rust,True,4000,2672,1.4970059880239521,1015.0654296875
09679_rust.jpg,rust,True,4608,3456,1.3333333333333333,1181.7177734375
09680_rust.jpg,rust,True,4032,3024,1.3333333333333333,1456.75390625
09681_rust.jpg,rust,True,4000,2672,1.4970059880239521,812.087890625
09682_rust.jpg,rust,True,2592,1728,1.5,171.44921875
09683_rust.jpg,rust,True,4608,3456,1.3333333333333333,1115.208984375
09684_rust.jpg,rust,True,2592,1728,1.5,222.9716796875
09685_rust.jpg,rust,True,5184,3456,1.5,780.5234375
09686_rust.jpg,rust,True,2592,1728,1.5,261.1005859375
09687_rust.jpg,rust,True,2592,1728,1.5,284.8984375
09688_rust.jpg,rust,True,4608,3456,1.3333333333333333,1219.951171875
09689_rust.jpg,rust,True,2592,1728,1.5,297.20703125
09690_rust.jpg,rust,True,4000,2672,1.4970059880239521,883.087890625
09691_rust.jpg,rust,True,4000,2672,1.4970059880239521,813.3515625
09692_rust.jpg,rust,True,2592,1728,1.5,274.1640625
09693_rust.jpg,rust,True,2592,1728,1.5,277.4140625
09694_rust.jpg,rust,True,2592,1728,1.5,263.203125
09695_rust.jpg,rust,True,2592,1728,1.5,283.9267578125
09696_rust.jpg,rust,True,4032,3024,1.3333333333333333,884.9599609375
09697_rust.jpg,rust,True,2592,1728,1.5,352.91796875
09698_rust.jpg,rust,True,2592,1728,1.5,223.18359375
09699_rust.jpg,rust,True,2592,1728,1.5,295.35546875
09700_rust.jpg,rust,True,2592,1728,1.5,316.3330078125
09701_rust.jpg,rust,True,5184,3456,1.5,1078.5400390625
09702_rust.jpg,rust,True,4000,2672,1.4970059880239521,774.1953125
09703_rust.jpg,rust,True,4000,2672,1.4970059880239521,948.5361328125
09704_rust.jpg,rust,True,2592,1728,1.5,168.2666015625
09705_rust.jpg,rust,True,2592,1728,1.5,209.8291015625
09706_rust.jpg,rust,True,4000,2672,1.4970059880239521,1067.26171875
09707_rust.jpg,rust,True,4000,2672,1.4970059880239521,1066.7568359375
09708_rust.jpg,rust,True,2592,1728,1.5,304.162109375
09709_rust.jpg,rust,True,4000,2672,1.4970059880239521,760.228515625
09710_rust.jpg,rust,True,4000,2672,1.4970059880239521,810.47265625
09711_rust.jpg,rust,True,2592,1728,1.5,239.4208984375
09712_rust.jpg,rust,True,4000,2672,1.4970059880239521,958.658203125
09713_rust.jpg,rust,True,4000,2672,1.4970059880239521,705.01953125
09714_rust.jpg,rust,True,4000,2672,1.4970059880239521,953.3193359375
09715_rust.jpg,rust,True,4608,3456,1.3333333333333333,1281.3076171875
09716_rust.jpg,rust,True,2592,1728,1.5,226.9560546875
09717_rust.jpg,rust,True,4000,2672,1.4970059880239521,885.908203125
09718_rust.jpg,rust,True,4000,2672,1.4970059880239521,809.984375
09719_rust.jpg,rust,True,4608,3456,1.3333333333333333,1245.4814453125
09720_rust.jpg,rust,True,2592,1728,1.5,228.5849609375
09721_rust.jpg,rust,True,2592,1728,1.5,189.8994140625
09722_rust.jpg,rust,True,4000,2672,1.4970059880239521,760.1162109375
09723_rust.jpg,rust,True,2592,1728,1.5,298.38671875
09724_rust.jpg,rust,True,4608,3456,1.3333333333333333,1261.4404296875
09725_rust.jpg,rust,True,4000,2672,1.4970059880239521,843.6142578125
09726_rust.jpg,rust,True,4608,3456,1.3333333333333333,1255.8046875
09727_rust.jpg,rust,True,4608,3456,1.3333333333333333,1490.40625
09728_rust.jpg,rust,True,2592,1728,1.5,288.046875
09729_rust.jpg,rust,True,4000,2672,1.4970059880239521,783.849609375
09730_rust.jpg,rust,True,2592,1728,1.5,320.6181640625
09731_rust.jpg,rust,True,2592,1728,1.5,246.5830078125
09732_rust.jpg,rust,True,4032,3024,1.3333333333333333,1066.208984375
09733_rust.jpg,rust,True,4000,3000,1.3333333333333333,1097.046875
09734_rust.jpg,rust,True,4000,2672,1.4970059880239521,673.3837890625
09735_rust.jpg,rust,True,4000,2672,1.4970059880239521,814.7099609375
09736_rust.jpg,rust,True,2592,1728,1.5,224.6962890625
09737_rust.jpg,rust,True,2592,1728,1.5,255.0
09738_rust.jpg,rust,True,2592,1728,1.5,247.8896484375
09739_rust.jpg,rust,True,2592,1728,1.5,295.484375
09740_rust.jpg,rust,True,2592,1728,1.5,406.5126953125
09741_rust.jpg,rust,True,2592,1728,1.5,329.6259765625
09742_rust.jpg,rust,True,2592,1728,1.5,234.9609375
09743_rust.jpg,rust,True,2592,1728,1.5,235.703125
09744_rust.jpg,rust,True,2592,1728,1.5,216.05078125
09745_rust.jpg,rust,True,4000,2672,1.4970059880239521,754.244140625
09746_rust.jpg,rust,True,4000,2672,1.4970059880239521,878.2685546875
09747_rust.jpg,rust,True,4032,3024,1.3333333333333333,1198.10546875
09748_rust.jpg,rust,True,4000,2672,1.4970059880239521,586.2353515625
09749_rust.jpg,rust,True,4032,3024,1.3333333333333333,1349.0517578125
09750_rust.jpg,rust,True,4032,3024,1.3333333333333333,923.712890625
09751_rust.jpg,rust,True,2592,1728,1.5,338.0556640625
09752_rust.jpg,rust,True,2592,1728,1.5,342.3115234375
09753_rust.jpg,rust,True,4000,3000,1.3333333333333333,1060.4560546875
09754_rust.jpg,rust,True,2592,1728,1.5,335.52734375
09755_rust.jpg,rust,True,4000,2672,1.4970059880239521,875.9306640625
09756_rust.jpg,rust,True,4000,2672,1.4970059880239521,859.4599609375
09757_rust.jpg,rust,True,4000,2672,1.4970059880239521,886.13671875
09758_rust.jpg,rust,True,2592,1728,1.5,240.43359375
09759_rust.jpg,rust,True,4000,2672,1.4970059880239521,794.765625
09760_rust.jpg,rust,True,2592,1728,1.5,372.6943359375
09761_rust.jpg,rust,True,4000,3000,1.3333333333333333,868.9892578125
09762_rust.jpg,rust,True,4000,2672,1.4970059880239521,815.001953125
09763_rust.jpg,rust,True,2592,1728,1.5,253.560546875
09764_rust.jpg,rust,True,4000,2672,1.4970059880239521,909.857421875
09765_rust.jpg,rust,True,4000,2672,1.4970059880239521,886.7509765625
09766_rust.jpg,rust,True,5184,3456,1.5,1225.2021484375
09767_rust.jpg,rust,True,2592,1728,1.5,348.23046875
09768_rust.jpg,rust,True,4000,2672,1.4970059880239521,967.22265625
09769_rust.jpg,rust,True,5184,3456,1.5,1171.5576171875
09770_rust.jpg,rust,True,5184,3456,1.5,914.359375
09771_rust.jpg,rust,True,4000,2672,1.4970059880239521,732.4580078125
09772_rust.jpg,rust,True,4000,2672,1.4970059880239521,690.8984375
09773_rust.jpg,rust,True,4000,2672,1.4970059880239521,878.8662109375
09774_rust.jpg,rust,True,2592,1728,1.5,276.5869140625
09775_rust.jpg,rust,True,4000,2672,1.4970059880239521,928.607421875
09776_rust.jpg,rust,True,4000,2672,1.4970059880239521,633.0146484375
09777_rust.jpg,rust,True,4000,2672,1.4970059880239521,773.9443359375
09778_rust.jpg,rust,True,2592,1728,1.5,233.740234375
09779_rust.jpg,rust,True,4000,2672,1.4970059880239521,1153.4326171875
09780_rust.jpg,rust,True,5184,3456,1.5,814.7060546875
09781_rust.jpg,rust,True,4608,3456,1.3333333333333333,1365.6640625
09782_rust.jpg,rust,True,4000,2672,1.4970059880239521,902.1376953125
09783_rust.jpg,rust,True,5184,3456,1.5,827.6181640625
09784_rust.jpg,rust,True,5184,3456,1.5,928.7431640625
09785_rust.jpg,rust,True,2592,1728,1.5,190.2587890625
09786_rust.jpg,rust,True,2592,1728,1.5,231.1416015625
09787_rust.jpg,rust,True,4000,2672,1.4970059880239521,824.8046875
09788_rust.jpg,rust,True,5184,3456,1.5,1002.041015625
09789_rust.jpg,rust,True,4032,3024,1.3333333333333333,993.259765625
09790_rust.jpg,rust,True,4000,2672,1.4970059880239521,656.119140625
09791_rust.jpg,rust,True,4000,2672,1.4970059880239521,703.94140625
09792_rust.jpg,rust,True,2592,1728,1.5,245.576171875
09793_rust.jpg,rust,True,4000,2672,1.4970059880239521,858.31640625
09794_rust.jpg,rust,True,4000,2672,1.4970059880239521,817.6826171875
09795_rust.jpg,rust,True,4000,2672,1.4970059880239521,802.841796875
09796_rust.jpg,rust,True,2592,1728,1.5,269.056640625
09797_rust.jpg,rust,True,5184,3456,1.5,892.708984375
09798_rust.jpg,rust,True,4000,2672,1.4970059880239521,734.32421875
09799_rust.jpg,rust,True,4000,2672,1.4970059880239521,915.6328125
09800_rust.jpg,rust,True,4000,2672,1.4970059880239521,665.921875
09801_rust.jpg,rust,True,2592,1728,1.5,306.8525390625
09802_rust.jpg,rust,True,2592,1728,1.5,183.7041015625
09803_rust.jpg,rust,True,2592,1728,1.5,290.513671875
09804_rust.jpg,rust,True,2592,1728,1.5,274.720703125
09805_rust.jpg,rust,True,2592,1728,1.5,309.9296875
09806_rust.jpg,rust,True,4000,2672,1.4970059880239521,742.23046875
09807_rust.jpg,rust,True,5184,3456,1.5,854.3779296875
09808_rust.jpg,rust,True,2592,1728,1.5,220.7001953125
09809_rust.jpg,rust,True,2592,1728,1.5,222.7919921875
09810_rust.jpg,rust,True,2592,1728,1.5,206.7099609375
09811_rust.jpg,rust,True,4000,2672,1.4970059880239521,899.3984375
09812_rust.jpg,rust,True,4608,3456,1.3333333333333333,1020.6005859375
09813_rust.jpg,rust,True,4000,2672,1.4970059880239521,705.25390625
09814_rust.jpg,rust,True,4000,2672,1.4970059880239521,803.6474609375
09815_rust.jpg,rust,True,2592,1728,1.5,224.63671875
09816_rust.jpg,rust,True,4000,2672,1.4970059880239521,1059.376953125
09817_rust.jpg,rust,True,2592,1728,1.5,271.244140625
09818_rust.jpg,rust,True,4608,3456,1.3333333333333333,1391.1435546875
09819_rust.jpg,rust,True,4000,2672,1.4970059880239521,787.8994140625
09820_rust.jpg,rust,True,4000,2672,1.4970059880239521,898.48046875
09821_rust.jpg,rust,True,4000,2672,1.4970059880239521,976.689453125
09822_rust.jpg,rust,True,2592,1728,1.5,239.5078125
09823_rust.jpg,rust,True,4000,2672,1.4970059880239521,562.4140625
09824_rust.jpg,rust,True,4000,2672,1.4970059880239521,940.708984375
09825_rust.jpg,rust,True,4000,2672,1.4970059880239521,792.5
09826_rust.jpg,rust,True,4000,2672,1.4970059880239521,1014.982421875
09827_rust.jpg,rust,True,5184,3456,1.5,1310.9453125
09828_rust.jpg,rust,True,4000,2672,1.4970059880239521,791.484375
09829_rust.jpg,rust,True,4608,3456,1.3333333333333333,1579.041015625
09830_rust.jpg,rust,True,2592,1728,1.5,581.2978515625
09831_rust.jpg,rust,True,2592,1728,1.5,192.11328125
09832_rust.jpg,rust,True,2592,1728,1.5,299.0498046875
09833_rust.jpg,rust,True,4000,2672,1.4970059880239521,868.9375
09834_rust.jpg,rust,True,4000,2672,1.4970059880239521,782.828125
09835_rust.jpg,rust,True,4000,2672,1.4970059880239521,1029.9931640625
09836_rust.jpg,rust,True,2592,1728,1.5,257.0595703125
09837_rust.jpg,rust,True,2592,1728,1.5,435.833984375
09838_rust.jpg,rust,True,4000,3000,1.3333333333333333,862.1904296875
09839_rust.jpg,rust,True,2592,1728,1.5,271.9609375
09840_rust.jpg,rust,True,2592,1728,1.5,235.2734375
09841_rust.jpg,rust,True,2592,1728,1.5,281.3681640625
09842_rust.jpg,rust,True,4000,2672,1.4970059880239521,963.2294921875
09843_rust.jpg,rust,True,4000,2672,1.4970059880239521,937.0322265625
09844_rust.jpg,rust,True,4000,2672,1.4970059880239521,754.2734375
09845_rust.jpg,rust,True,4000,2672,1.4970059880239521,859.0537109375
09846_rust.jpg,rust,True,4000,2672,1.4970059880239521,695.8037109375
09847_rust.jpg,rust,True,2592,1728,1.5,340.484375
09848_rust.jpg,rust,True,4000,3000,1.3333333333333333,1004.1083984375
09849_rust.jpg,rust,True,4000,2672,1.4970059880239521,800.4755859375
09850_rust.jpg,rust,True,4608,3456,1.3333333333333333,1138.435546875
09851_rust.jpg,rust,True,4000,2672,1.4970059880239521,897.615234375
09852_rust.jpg,rust,True,2592,1728,1.5,310.412109375
09853_rust.jpg,rust,True,4000,2672,1.4970059880239521,586.3955078125
09854_rust.jpg,rust,True,4000,2672,1.4970059880239521,1034.8818359375
09855_rust.jpg,rust,True,2592,1728,1.5,330.1435546875
09856_rust.jpg,rust,True,4000,2672,1.4970059880239521,992.88671875
09857_rust.jpg,rust,True,2592,1728,1.5,296.8525390625
09858_rust.jpg,rust,True,5184,3456,1.5,925.6513671875
09859_rust.jpg,rust,True,2592,1728,1.5,240.8427734375
09860_rust.jpg,rust,True,4608,3456,1.3333333333333333,1516.1328125
09861_rust.jpg,rust,True,2592,1728,1.5,206.5517578125
09862_rust.jpg,rust,True,5184,3456,1.5,889.0146484375
09863_rust.jpg,rust,True,4000,2672,1.4970059880239521,1095.1904296875
09864_rust.jpg,rust,True,4032,3024,1.3333333333333333,1331.322265625
09865_rust.jpg,rust,True,2592,1728,1.5,255.83203125
09866_rust.jpg,rust,True,2592,1728,1.5,280.8125
09867_rust.jpg,rust,True,4000,2672,1.4970059880239521,911.5048828125
09868_rust.jpg,rust,True,2592,1728,1.5,334.26953125
09869_rust.jpg,rust,True,2592,1728,1.5,225.8232421875
09870_rust.jpg,rust,True,4000,3000,1.3333333333333333,912.5810546875
09871_rust.jpg,rust,True,2592,1728,1.5,305.7958984375
09872_rust.jpg,rust,True,2592,1728,1.5,274.314453125
09873_rust.jpg,rust,True,5184,3456,1.5,996.509765625
09874_rust.jpg,rust,True,4000,2672,1.4970059880239521,893.0771484375
09875_rust.jpg,rust,True,2592,1728,1.5,201.5185546875
09876_rust.jpg,rust,True,4000,2672,1.4970059880239521,804.8876953125
09877_rust.jpg,rust,True,2592,1728,1.5,443.025390625
09878_rust.jpg,rust,True,2592,1728,1.5,245.33203125
09879_rust.jpg,rust,True,4000,2672,1.4970059880239521,876.861328125
09880_rust.jpg,rust,True,2592,1728,1.5,231.421875
09881_rust.jpg,rust,True,4000,2672,1.4970059880239521,600.4765625
09882_rust.jpg,rust,True,4000,2672,1.4970059880239521,938.6748046875
09883_rust.jpg,rust,True,2592,1728,1.5,358.142578125
09884_rust.jpg,rust,True,4000,2672,1.4970059880239521,786.2939453125
09885_rust.jpg,rust,True,4000,2672,1.4970059880239521,767.2861328125
09886_rust.jpg,rust,True,4000,3000,1.3333333333333333,1032.9951171875
09887_rust.jpg,rust,True,4032,3024,1.3333333333333333,1306.0556640625
09888_rust.jpg,rust,True,2592,1728,1.5,216.208984375
09889_rust.jpg,rust,True,4032,3024,1.3333333333333333,1404.37890625
09890_rust.jpg,rust,True,4000,2672,1.4970059880239521,769.9150390625
09891_rust.jpg,rust,True,4000,2672,1.4970059880239521,1083.9033203125
09892_rust.jpg,rust,True,2592,1728,1.5,257.4453125
09893_rust.jpg,rust,True,4032,3024,1.3333333333333333,961.7724609375
09894_rust.jpg,rust,True,4032,3024,1.3333333333333333,983.14453125
09895_rust.jpg,rust,True,4000,3000,1.3333333333333333,1102.6845703125
09896_rust.jpg,rust,True,2592,1728,1.5,194.11328125
09897_rust.jpg,rust,True,2592,1728,1.5,315.09765625
09898_rust.jpg,rust,True,4000,2672,1.4970059880239521,1066.1689453125
09899_rust.jpg,rust,True,2592,1728,1.5,254.3916015625
09900_rust.jpg,rust,True,4000,2672,1.4970059880239521,810.94140625
09901_rust.jpg,rust,True,4000,2672,1.4970059880239521,795.8369140625
09902_rust.jpg,rust,True,2592,1728,1.5,195.7734375
09903_rust.jpg,rust,True,4000,2672,1.4970059880239521,814.361328125
09904_rust.jpg,rust,True,4000,3000,1.3333333333333333,980.861328125
09905_rust.jpg,rust,True,4000,2672,1.4970059880239521,955.5078125
09906_rust.jpg,rust,True,4000,2672,1.4970059880239521,806.5263671875
09907_rust.jpg,rust,True,4000,2672,1.4970059880239521,643.6435546875
09908_rust.jpg,rust,True,4000,2672,1.4970059880239521,768.7373046875
09909_rust.jpg,rust,True,2592,1728,1.5,203.501953125
09910_rust.jpg,rust,True,2592,1728,1.5,273.6875
09911_rust.jpg,rust,True,4000,2672,1.4970059880239521,841.09375
09912_rust.jpg,rust,True,2592,1728,1.5,345.3828125
09913_rust.jpg,rust,True,2592,1728,1.5,348.68359375
09914_rust.jpg,rust,True,2592,1728,1.5,228.5458984375
09915_rust.jpg,rust,True,4032,3024,1.3333333333333333,1165.6787109375
09916_rust.jpg,rust,True,2592,1728,1.5,357.146484375
09917_rust.jpg,rust,True,4000,2672,1.4970059880239521,785.58203125
09918_rust.jpg,rust,True,2592,1728,1.5,211.509765625
09919_rust.jpg,rust,True,2592,1728,1.5,279.9287109375
09920_rust.jpg,rust,True,2592,1728,1.5,296.443359375
09921_rust.jpg,rust,True,2592,1728,1.5,226.224609375
09922_rust.jpg,rust,True,2592,1728,1.5,282.75
09923_rust.jpg,rust,True,2592,1728,1.5,299.13671875
09924_rust.jpg,rust,True,2592,1728,1.5,367.9814453125
09925_rust.jpg,rust,True,2592,1728,1.5,312.181640625
09926_rust.jpg,rust,True,2592,1728,1.5,354.279296875
09927_rust.jpg,rust,True,4608,3456,1.3333333333333333,1588.1787109375
09928_rust.jpg,rust,True,4000,2672,1.4970059880239521,971.5517578125
09929_rust.jpg,rust,True,4000,2672,1.4970059880239521,979.87109375
09930_rust.jpg,rust,True,2592,1728,1.5,259.9541015625
09931_rust.jpg,rust,True,2592,1728,1.5,261.01953125
09932_rust.jpg,rust,True,2592,1728,1.5,259.97265625
09933_rust.jpg,rust,True,4032,3024,1.3333333333333333,967.521484375
09934_rust.jpg,rust,True,4000,2672,1.4970059880239521,594.4150390625
09935_rust.jpg,rust,True,4000,2672,1.4970059880239521,645.8193359375
09936_rust.jpg,rust,True,2592,1728,1.5,325.599609375
09937_rust.jpg,rust,True,2592,1728,1.5,287.3427734375
09938_rust.jpg,rust,True,2592,1728,1.5,297.375
09939_rust.jpg,rust,True,2592,1728,1.5,233.9150390625
09940_rust.jpg,rust,True,2592,1728,1.5,214.40234375
09941_rust.jpg,rust,True,2592,1728,1.5,209.1435546875
09942_rust.jpg,rust,True,2592,1728,1.5,230.94140625
09943_rust.jpg,rust,True,4000,2672,1.4970059880239521,893.8759765625
09944_rust.jpg,rust,True,5184,3456,1.5,953.453125
09945_rust.jpg,rust,True,4000,2672,1.4970059880239521,779.7744140625
09946_rust.jpg,rust,True,2592,1728,1.5,290.4833984375
09947_rust.jpg,rust,True,4000,2672,1.4970059880239521,709.9794921875
09948_rust.jpg,rust,True,4000,2672,1.4970059880239521,809.3115234375
09949_rust.jpg,rust,True,2592,1728,1.5,253.4287109375
09950_rust.jpg,rust,True,4000,2672,1.4970059880239521,1018.3037109375
09951_rust.jpg,rust,True,2592,1728,1.5,362.01171875
09952_rust.jpg,rust,True,4000,2672,1.4970059880239521,774.2041015625
09953_rust.jpg,rust,True,2592,1728,1.5,300.76171875
09954_rust.jpg,rust,True,2592,1728,1.5,213.130859375
09955_rust.jpg,rust,True,4000,2672,1.4970059880239521,953.2353515625
09956_rust.jpg,rust,True,4000,3000,1.3333333333333333,1070.5390625
09957_rust.jpg,rust,True,4000,2672,1.4970059880239521,864.3408203125
09958_rust.jpg,rust,True,4608,3456,1.3333333333333333,1298.638671875
09959_rust.jpg,rust,True,4608,3456,1.3333333333333333,1355.4267578125
09960_rust.jpg,rust,True,4000,2672,1.4970059880239521,608.5048828125
09961_rust.jpg,rust,True,4000,2672,1.4970059880239521,926.3583984375
09962_rust.jpg,rust,True,2592,1728,1.5,228.763671875
09963_rust.jpg,rust,True,5184,3456,1.5,901.927734375
09964_rust.jpg,rust,True,2592,1728,1.5,369.572265625
09965_rust.jpg,rust,True,4032,3024,1.3333333333333333,1119.2705078125
09966_rust.jpg,rust,True,4000,2672,1.4970059880239521,969.900390625
09967_rust.jpg,rust,True,4000,2672,1.4970059880239521,1012.1201171875
09968_rust.jpg,rust,True,2592,1728,1.5,255.16015625
09969_rust.jpg,rust,True,2592,1728,1.5,323.37109375
09970_rust.jpg,rust,True,4000,2672,1.4970059880239521,704.4580078125
09971_rust.jpg,rust,True,2592,1728,1.5,226.5107421875
09972_rust.jpg,rust,True,2592,1728,1.5,319.5400390625
09973_rust.jpg,rust,True,4000,2672,1.4970059880239521,765.275390625
09974_rust.jpg,rust,True,4000,2672,1.4970059880239521,884.728515625
09975_rust.jpg,rust,True,4000,2672,1.4970059880239521,805.6904296875
09976_rust.jpg,rust,True,4032,3024,1.3333333333333333,1162.0654296875
09977_rust.jpg,rust,True,5184,3456,1.5,1071.8818359375
09978_rust.jpg,rust,True,4032,3024,1.3333333333333333,871.3564453125
09979_rust.jpg,rust,True,5184,3456,1.5,1175.0908203125
09980_rust.jpg,rust,True,2592,1728,1.5,348.3037109375
09981_rust.jpg,rust,True,2592,1728,1.5,291.7978515625
09982_rust.jpg,rust,True,4000,2672,1.4970059880239521,877.1572265625
09983_rust.jpg,rust,True,2592,1728,1.5,257.783203125
09984_rust.jpg,rust,True,2592,1728,1.5,329.935546875
09985_rust.jpg,rust,True,4000,2672,1.4970059880239521,913.5625
09986_rust.jpg,rust,True,4608,3456,1.3333333333333333,1234.306640625
09987_rust.jpg,rust,True,2592,1728,1.5,216.5107421875
09988_rust.jpg,rust,True,2592,1728,1.5,265.181640625
09989_rust.jpg,rust,True,4000,2672,1.4970059880239521,932.6201171875
09990_rust.jpg,rust,True,2592,1728,1.5,268.669921875
09991_rust.jpg,rust,True,2592,1728,1.5,276.01953125
09992_rust.jpg,rust,True,2592,1728,1.5,236.7099609375
09993_rust.jpg,rust,True,4000,2672,1.4970059880239521,585.27734375
09994_rust.jpg,rust,True,4000,2672,1.4970059880239521,802.6904296875
09995_rust.jpg,rust,True,4000,2672,1.4970059880239521,1049.4658203125
09996_rust.jpg,rust,True,2592,1728,1.5,311.94140625
09997_rust.jpg,rust,True,2592,1728,1.5,201.8935546875
09998_rust.jpg,rust,True,2592,1728,1.5,285.525390625
09999_rust.jpg,rust,True,4000,2672,1.4970059880239521,910.7197265625
10000_rust.jpg,rust,True,2592,1728,1.5,358.798828125
10001_rust.jpg,rust,True,4000,2672,1.4970059880239521,926.9736328125
10002_rust.jpg,rust,True,2592,1728,1.5,292.0791015625
10003_rust.jpg,rust,True,4000,3000,1.3333333333333333,1099.0498046875
10004_rust.jpg,rust,True,4000,3000,1.3333333333333333,1082.447265625
10005_rust.jpg,rust,True,2592,1728,1.5,239.3623046875
10006_rust.jpg,rust,True,4000,2672,1.4970059880239521,567.8046875
10007_rust.jpg,rust,True,2592,1728,1.5,283.611328125
10008_rust.jpg,rust,True,2592,1728,1.5,254.66015625
10009_rust.jpg,rust,True,2592,1728,1.5,348.6181640625
10010_rust.jpg,rust,True,4000,2672,1.4970059880239521,816.9716796875
10011_rust.jpg,rust,True,2592,1728,1.5,294.3662109375
10012_rust.jpg,rust,True,2592,1728,1.5,309.5703125
10013_rust.jpg,rust,True,4000,2672,1.4970059880239521,977.3037109375
10014_rust.jpg,rust,True,2592,1728,1.5,233.2041015625
10015_rust.jpg,rust,True,2592,1728,1.5,271.8369140625
10016_rust.jpg,rust,True,2592,1728,1.5,284.296875
10017_rust.jpg,rust,True,2592,1728,1.5,188.99609375
10018_rust.jpg,rust,True,2592,1728,1.5,285.90625
10019_rust.jpg,rust,True,2592,1728,1.5,255.484375
10020_rust.jpg,rust,True,4608,3456,1.3333333333333333,1427.7763671875
10021_rust.jpg,rust,True,4000,2672,1.4970059880239521,752.341796875
10022_rust.jpg,rust,True,4000,2672,1.4970059880239521,944.9130859375
10023_rust.jpg,rust,True,2592,1728,1.5,200.8798828125
10024_rust.jpg,rust,True,4000,2672,1.4970059880239521,819.1943359375
10025_rust.jpg,rust,True,4000,2672,1.4970059880239521,873.416015625
10026_rust.jpg,rust,True,2592,1728,1.5,293.9072265625
10027_rust.jpg,rust,True,4000,2672,1.4970059880239521,1001.455078125
10028_rust.jpg,rust,True,2592,1728,1.5,320.1025390625
10029_rust.jpg,rust,True,4000,2672,1.4970059880239521,1027.40234375
10030_rust.jpg,rust,True,4000,2672,1.4970059880239521,1096.806640625
10031_rust.jpg,rust,True,4000,2672,1.4970059880239521,937.740234375
10032_rust.jpg,rust,True,2592,1728,1.5,345.61328125
10033_rust.jpg,rust,True,4000,2672,1.4970059880239521,969.6240234375
10034_rust.jpg,rust,True,4000,2672,1.4970059880239521,860.728515625
10035_rust.jpg,rust,True,2592,1728,1.5,219.171875
10036_rust.jpg,rust,True,2592,1728,1.5,279.0419921875
10037_rust.jpg,rust,True,2592,1728,1.5,268.78125
10038_rust.jpg,rust,True,2592,1728,1.5,347.291015625
10039_rust.jpg,rust,True,2592,1728,1.5,322.9951171875
10040_rust.jpg,rust,True,2592,1728,1.5,292.3828125
10041_rust.jpg,rust,True,4000,2672,1.4970059880239521,851.875
10042_rust.jpg,rust,True,2592,1728,1.5,329.6923828125
10043_rust.jpg,rust,True,4000,2672,1.4970059880239521,1072.021484375
10044_rust.jpg,rust,True,4000,2672,1.4970059880239521,1026.6982421875
10045_rust.jpg,rust,True,2592,1728,1.5,304.16015625
10046_rust.jpg,rust,True,4000,2672,1.4970059880239521,990.0048828125
10047_rust.jpg,rust,True,2592,1728,1.5,314.732421875
10048_rust.jpg,rust,True,4032,3024,1.3333333333333333,1537.71484375
10049_rust.jpg,rust,True,2592,1728,1.5,318.9833984375
10050_rust.jpg,rust,True,4000,2672,1.4970059880239521,599.4560546875
10051_rust.jpg,rust,True,2592,1728,1.5,341.5908203125
10052_rust.jpg,rust,True,5184,3456,1.5,938.0224609375
10053_rust.jpg,rust,True,4608,3456,1.3333333333333333,1350.9267578125
10054_rust.jpg,rust,True,4000,2672,1.4970059880239521,946.662109375
10055_rust.jpg,rust,True,2592,1728,1.5,323.623046875
10056_rust.jpg,rust,True,2592,1728,1.5,269.626953125
10057_rust.jpg,rust,True,2592,1728,1.5,220.1533203125
10058_rust.jpg,rust,True,2592,1728,1.5,302.0498046875
10059_rust.jpg,rust,True,4000,2672,1.4970059880239521,821.9326171875
10060_rust.jpg,rust,True,4000,3000,1.3333333333333333,904.81640625
10061_rust.jpg,rust,True,2592,1728,1.5,241.189453125
10062_rust.jpg,rust,True,4000,3000,1.3333333333333333,902.7587890625
10063_rust.jpg,rust,True,4000,2672,1.4970059880239521,1035.984375
10064_rust.jpg,rust,True,2592,1728,1.5,235.0166015625
10065_rust.jpg,rust,True,5184,3456,1.5,1031.3232421875
10066_rust.jpg,rust,True,4000,2672,1.4970059880239521,947.662109375
10067_rust.jpg,rust,True,4000,2672,1.4970059880239521,959.3564453125
10068_rust.jpg,rust,True,2592,1728,1.5,238.244140625
10069_rust.jpg,rust,True,5184,3456,1.5,1430.08203125
10070_rust.jpg,rust,True,2592,1728,1.5,258.544921875
10071_rust.jpg,rust,True,2592,1728,1.5,267.1728515625
10072_rust.jpg,rust,True,2592,1728,1.5,280.3408203125
10073_rust.jpg,rust,True,2592,1728,1.5,227.0107421875
10074_rust.jpg,rust,True,4000,3000,1.3333333333333333,857.888671875
10075_rust.jpg,rust,True,4000,2672,1.4970059880239521,1000.2802734375
10076_rust.jpg,rust,True,2592,1728,1.5,235.115234375
10077_rust.jpg,rust,True,4608,3456,1.3333333333333333,1370.9755859375
10078_rust.jpg,rust,True,2592,1728,1.5,269.9140625
10079_rust.jpg,rust,True,4000,2672,1.4970059880239521,973.9716796875
10080_rust.jpg,rust,True,2592,1728,1.5,225.1181640625
10081_rust.jpg,rust,True,2592,1728,1.5,300.462890625
10082_rust.jpg,rust,True,4000,2672,1.4970059880239521,860.9853515625
10083_rust.jpg,rust,True,5184,3456,1.5,1107.40625
10084_rust.jpg,rust,True,5184,3456,1.5,784.0537109375
10085_rust.jpg,rust,True,2592,1728,1.5,352.4638671875
10086_rust.jpg,rust,True,2592,1728,1.5,350.2841796875
10087_rust.jpg,rust,True,2592,1728,1.5,259.162109375
10088_rust.jpg,rust,True,4000,2672,1.4970059880239521,1023.447265625
10089_rust.jpg,rust,True,4000,2672,1.4970059880239521,1005.8388671875
10090_rust.jpg,rust,True,2592,1728,1.5,344.5498046875
10091_rust.jpg,rust,True,2592,1728,1.5,298.2216796875
10092_rust.jpg,rust,True,4000,2672,1.4970059880239521,1057.560546875
10093_rust.jpg,rust,True,4032,3024,1.3333333333333333,1146.072265625
10094_rust.jpg,rust,True,2592,1728,1.5,227.39453125
10095_rust.jpg,rust,True,2592,1728,1.5,246.8837890625
10096_rust.jpg,rust,True,4000,2672,1.4970059880239521,950.041015625
10097_rust.jpg,rust,True,2592,1728,1.5,278.7158203125
10098_rust.jpg,rust,True,4032,3024,1.3333333333333333,1210.8251953125
10099_rust.jpg,rust,True,2592,1728,1.5,302.7666015625
10100_rust.jpg,rust,True,4000,2672,1.4970059880239521,862.5478515625
10101_rust.jpg,rust,True,4000,2672,1.4970059880239521,1008.05859375
10102_rust.jpg,rust,True,2592,1728,1.5,304.0537109375
10103_rust.jpg,rust,True,2592,1728,1.5,294.1796875
10104_rust.jpg,rust,True,2592,1728,1.5,320.255859375
10105_rust.jpg,rust,True,2592,1728,1.5,325.9912109375
10106_rust.jpg,rust,True,2592,1728,1.5,262.3720703125
10107_rust.jpg,rust,True,4000,2672,1.4970059880239521,1045.5185546875
10108_rust.jpg,rust,True,5184,3456,1.5,798.35546875
10109_rust.jpg,rust,True,2592,1728,1.5,289.2705078125
10110_rust.jpg,rust,True,4000,2672,1.4970059880239521,857.52734375
10111_rust.jpg,rust,True,2592,1728,1.5,225.2822265625
10112_rust.jpg,rust,True,2592,1728,1.5,201.9873046875
10113_rust.jpg,rust,True,2592,1728,1.5,265.8681640625
10114_rust.jpg,rust,True,4608,3456,1.3333333333333333,1444.4931640625
10115_rust.jpg,rust,True,4000,2672,1.4970059880239521,962.8603515625
10116_rust.jpg,rust,True,4032,3024,1.3333333333333333,891.6962890625
10117_rust.jpg,rust,True,4000,3000,1.3333333333333333,969.685546875
10118_rust.jpg,rust,True,4032,3024,1.3333333333333333,862.59375
10119_rust.jpg,rust,True,4000,3000,1.3333333333333333,1037.9921875
10120_rust.jpg,rust,True,2592,1728,1.5,204.646484375
10121_rust.jpg,rust,True,4000,2672,1.4970059880239521,702.0771484375
10122_rust.jpg,rust,True,4000,2672,1.4970059880239521,776.3447265625
10123_rust.jpg,rust,True,4000,3000,1.3333333333333333,1329.3212890625
10124_rust.jpg,rust,True,4000,2672,1.4970059880239521,624.642578125
10125_rust.jpg,rust,True,4608,3456,1.3333333333333333,1141.513671875
10126_rust.jpg,rust,True,4000,2672,1.4970059880239521,685.2783203125
10127_rust.jpg,rust,True,2592,1728,1.5,271.978515625
10128_rust.jpg,rust,True,2592,1728,1.5,278.8623046875
10129_rust.jpg,rust,True,2592,1728,1.5,428.1474609375
10130_rust.jpg,rust,True,2592,1728,1.5,350.83203125
10131_rust.jpg,rust,True,2592,1728,1.5,310.3359375
10132_rust.jpg,rust,True,5184,3456,1.5,1290.498046875
10133_rust.jpg,rust,True,2592,1728,1.5,195.7978515625
10134_rust.jpg,rust,True,2592,1728,1.5,241.3017578125
10135_rust.jpg,rust,True,2592,1728,1.5,392.1748046875
10136_rust.jpg,rust,True,4000,2672,1.4970059880239521,887.86328125
10137_rust.jpg,rust,True,4000,2672,1.4970059880239521,987.7880859375
10138_rust.jpg,rust,True,4000,2672,1.4970059880239521,582.1708984375
10139_rust.jpg,rust,True,2592,1728,1.5,314.1943359375
10140_rust.jpg,rust,True,4032,3024,1.3333333333333333,764.6884765625
10141_rust.jpg,rust,True,2592,1728,1.5,420.201171875
10142_rust.jpg,rust,True,4032,3024,1.3333333333333333,1118.728515625
10143_rust.jpg,rust,True,4032,3024,1.3333333333333333,1187.5615234375
10144_rust.jpg,rust,True,2592,1728,1.5,303.6669921875
10145_rust.jpg,rust,True,2592,1728,1.5,268.9287109375
10146_rust.jpg,rust,True,2592,1728,1.5,282.3916015625
10147_rust.jpg,rust,True,2592,1728,1.5,320.3505859375
10148_rust.jpg,rust,True,2592,1728,1.5,232.1474609375
10149_rust.jpg,rust,True,4000,2672,1.4970059880239521,601.3017578125
10150_rust.jpg,rust,True,2592,1728,1.5,253.8818359375
10151_rust.jpg,rust,True,2592,1728,1.5,302.3916015625
10152_rust.jpg,rust,True,5184,3456,1.5,986.115234375
10153_rust.jpg,rust,True,2592,1728,1.5,354.7724609375
10154_rust.jpg,rust,True,2592,1728,1.5,262.6689453125
10155_rust.jpg,rust,True,2592,1728,1.5,281.0224609375
10156_rust.jpg,rust,True,4032,3024,1.3333333333333333,1182.599609375
10157_rust.jpg,rust,True,4000,2672,1.4970059880239521,792.748046875
10158_rust.jpg,rust,True,2592,1728,1.5,372.5703125
10159_rust.jpg,rust,True,2592,1728,1.5,358.6123046875
10160_rust.jpg,rust,True,4000,2672,1.4970059880239521,1002.27734375
10161_rust.jpg,rust,True,4000,2672,1.4970059880239521,874.73828125
10162_rust.jpg,rust,True,2592,1728,1.5,263.462890625
10163_rust.jpg,rust,True,2592,1728,1.5,248.2294921875
10164_rust.jpg,rust,True,2592,1728,1.5,257.7373046875
10165_rust.jpg,rust,True,4032,3024,1.3333333333333333,1481.96875
10166_rust.jpg,rust,True,4000,2672,1.4970059880239521,884.7880859375
10167_rust.jpg,rust,True,5184,3456,1.5,872.2314453125
10168_rust.jpg,rust,True,4032,3024,1.3333333333333333,1423.201171875
10169_rust.jpg,rust,True,2592,1728,1.5,485.7421875
10170_rust.jpg,rust,True,4000,2672,1.4970059880239521,708.68359375
10171_rust.jpg,rust,True,4000,3000,1.3333333333333333,916.494140625
10172_rust.jpg,rust,True,4000,2672,1.4970059880239521,879.5205078125
10173_rust.jpg,rust,True,4000,2672,1.4970059880239521,981.6552734375
10174_rust.jpg,rust,True,2592,1728,1.5,257.7958984375
10175_rust.jpg,rust,True,2592,1728,1.5,286.353515625
10176_rust.jpg,rust,True,4000,2672,1.4970059880239521,957.9091796875
10177_rust.jpg,rust,True,2592,1728,1.5,263.6025390625
10178_rust.jpg,rust,True,2592,1728,1.5,191.3818359375
10179_rust.jpg,rust,True,2592,1728,1.5,263.7119140625
10180_rust.jpg,rust,True,4000,2672,1.4970059880239521,727.7763671875
10181_rust.jpg,rust,True,4000,2672,1.4970059880239521,976.1630859375
10182_rust.jpg,rust,True,4608,3456,1.3333333333333333,1104.1298828125
10183_rust.jpg,rust,True,2592,1728,1.5,345.8779296875
10184_rust.jpg,rust,True,2592,1728,1.5,238.150390625
10185_rust.jpg,rust,True,2592,1728,1.5,276.818359375
10186_rust.jpg,rust,True,4000,2672,1.4970059880239521,797.7900390625
10187_rust.jpg,rust,True,2592,1728,1.5,241.291015625
10188_rust.jpg,rust,True,2592,1728,1.5,209.6904296875
10189_rust.jpg,rust,True,4000,2672,1.4970059880239521,895.2060546875
10190_rust.jpg,rust,True,4000,2672,1.4970059880239521,951.3251953125
10191_rust.jpg,rust,True,2592,1728,1.5,217.34765625
10192_rust.jpg,rust,True,2592,1728,1.5,303.861328125
10193_rust.jpg,rust,True,5184,3456,1.5,953.4482421875
10194_rust.jpg,rust,True,4000,3000,1.3333333333333333,1158.369140625
10195_rust.jpg,rust,True,4000,2672,1.4970059880239521,698.2314453125
10196_rust.jpg,rust,True,2592,1728,1.5,264.3466796875
10197_rust.jpg,rust,True,2592,1728,1.5,260.65234375
10198_rust.jpg,rust,True,2592,1728,1.5,294.19921875
10199_rust.jpg,rust,True,4000,3000,1.3333333333333333,1000.6513671875
10200_rust.jpg,rust,True,5184,3456,1.5,1233.0986328125
10201_rust.jpg,rust,True,2592,1728,1.5,345.1865234375
10202_rust.jpg,rust,True,2592,1728,1.5,267.521484375
10203_rust.jpg,rust,True,2592,1728,1.5,257.7548828125
10204_rust.jpg,rust,True,2592,1728,1.5,225.953125
10205_rust.jpg,rust,True,4000,2672,1.4970059880239521,681.2373046875
10206_rust.jpg,rust,True,2592,1728,1.5,312.9365234375
10207_rust.jpg,rust,True,2592,1728,1.5,273.3232421875
10208_rust.jpg,rust,True,4032,3024,1.3333333333333333,1130.7216796875
10209_rust.jpg,rust,True,4032,3024,1.3333333333333333,1025.400390625
10210_rust.jpg,rust,True,5184,3456,1.5,913.6552734375
10211_rust.jpg,rust,True,4000,2672,1.4970059880239521,701.1904296875
10212_rust.jpg,rust,True,2592,1728,1.5,276.1201171875
10213_rust.jpg,rust,True,5184,3456,1.5,865.283203125
10214_rust.jpg,rust,True,2592,1728,1.5,236.71875
10215_rust.jpg,rust,True,5184,3456,1.5,1491.5888671875
10216_rust.jpg,rust,True,2592,1728,1.5,200.294921875
10217_rust.jpg,rust,True,2592,1728,1.5,266.1357421875
10218_rust.jpg,rust,True,5184,3456,1.5,897.8115234375
10219_rust.jpg,rust,True,5184,3456,1.5,919.51171875
10220_rust.jpg,rust,True,2592,1728,1.5,327.3984375
10221_rust.jpg,rust,True,4032,3024,1.3333333333333333,1164.833984375
10222_rust.jpg,rust,True,2592,1728,1.5,169.6416015625
10223_rust.jpg,rust,True,4000,2672,1.4970059880239521,569.3720703125
10224_rust.jpg,rust,True,2592,1728,1.5,224.4580078125
10225_rust.jpg,rust,True,2592,1728,1.5,242.8134765625
10226_rust.jpg,rust,True,2592,1728,1.5,346.4716796875
10227_rust.jpg,rust,True,5184,3456,1.5,1386.046875
10228_rust.jpg,rust,True,5184,3456,1.5,952.35546875
10229_rust.jpg,rust,True,4000,2672,1.4970059880239521,891.28125
10230_rust.jpg,rust,True,4000,2672,1.4970059880239521,994.49609375
10231_rust.jpg,rust,True,4032,3024,1.3333333333333333,1277.9482421875
10232_rust.jpg,rust,True,5184,3456,1.5,1298.166015625
10233_rust.jpg,rust,True,5184,3456,1.5,859.576171875
10234_rust.jpg,rust,True,2592,1728,1.5,306.294921875
10235_rust.jpg,rust,True,2592,1728,1.5,317.052734375
10236_rust.jpg,rust,True,2592,1728,1.5,275.2265625
10237_rust.jpg,rust,True,2592,1728,1.5,303.142578125
10238_rust.jpg,rust,True,2592,1728,1.5,311.638671875
10239_rust.jpg,rust,True,2592,1728,1.5,277.048828125
10240_rust.jpg,rust,True,5184,3456,1.5,976.8359375
10241_rust.jpg,rust,True,2592,1728,1.5,346.9052734375
10242_rust.jpg,rust,True,2592,1728,1.5,249.23828125
10243_rust.jpg,rust,True,2592,1728,1.5,315.0146484375
10244_rust.jpg,rust,True,4032,3024,1.3333333333333333,1132.1201171875
10245_rust.jpg,rust,True,2592,1728,1.5,259.482421875
10246_rust.jpg,rust,True,2592,1728,1.5,327.6728515625
10247_rust.jpg,rust,True,2592,1728,1.5,280.025390625
10248_rust.jpg,rust,True,2592,1728,1.5,254.21875
10249_rust.jpg,rust,True,2592,1728,1.5,217.673828125
10250_rust.jpg,rust,True,5184,3456,1.5,1434.0927734375
10251_rust.jpg,rust,True,2592,1728,1.5,211.18359375
10252_rust.jpg,rust,True,5184,3456,1.5,1449.1318359375
10253_rust.jpg,rust,True,2592,1728,1.5,340.9208984375
10254_rust.jpg,rust,True,2592,1728,1.5,237.7021484375
10255_rust.jpg,rust,True,4608,3456,1.3333333333333333,1007.4501953125
10256_rust.jpg,rust,True,2592,1728,1.5,307.6708984375
10257_rust.jpg,rust,True,4000,2672,1.4970059880239521,1056.5234375
10258_rust.jpg,rust,True,4000,2672,1.4970059880239521,690.5400390625
10259_rust.jpg,rust,True,4608,3456,1.3333333333333333,1398.3828125
10260_rust.jpg,rust,True,2592,1728,1.5,230.03125
10261_rust.jpg,rust,True,4000,2672,1.4970059880239521,969.73828125
10262_rust.jpg,rust,True,2592,1728,1.5,238.51953125
10263_rust.jpg,rust,True,2592,1728,1.5,170.3544921875
10264_rust.jpg,rust,True,2592,1728,1.5,301.1630859375
10265_rust.jpg,rust,True,4000,2672,1.4970059880239521,871.767578125
10266_rust.jpg,rust,True,2592,1728,1.5,255.1005859375
10267_rust.jpg,rust,True,2592,1728,1.5,226.1484375
10268_rust.jpg,rust,True,4000,2672,1.4970059880239521,856.4267578125
10269_rust.jpg,rust,True,2592,1728,1.5,261.279296875
10270_rust.jpg,rust,True,4000,2672,1.4970059880239521,932.6953125
10271_rust.jpg,rust,True,4000,2672,1.4970059880239521,886.671875
10272_rust.jpg,rust,True,4000,2672,1.4970059880239521,1016.330078125
10273_rust.jpg,rust,True,4000,2672,1.4970059880239521,965.9287109375
10274_rust.jpg,rust,True,4000,3000,1.3333333333333333,920.3046875
10275_rust.jpg,rust,True,4000,2672,1.4970059880239521,768.0224609375
10276_rust.jpg,rust,True,3024,4032,0.75,1025.625
10277_rust.jpg,rust,True,2592,1728,1.5,265.3837890625
10278_rust.jpg,rust,True,4000,2672,1.4970059880239521,817.646484375
10279_rust.jpg,rust,True,4000,2672,1.4970059880239521,778.19140625
10280_rust.jpg,rust,True,2592,1728,1.5,249.5791015625
10281_rust.jpg,rust,True,2592,1728,1.5,256.4169921875
10282_rust.jpg,rust,True,4000,2672,1.4970059880239521,683.2705078125
10283_rust.jpg,rust,True,4000,2672,1.4970059880239521,868.55859375
10284_rust.jpg,rust,True,4000,2672,1.4970059880239521,885.2412109375
10285_rust.jpg,rust,True,4608,3456,1.3333333333333333,991.9970703125
10286_rust.jpg,rust,True,2592,1728,1.5,309.08203125
10287_rust.jpg,rust,True,4000,2672,1.4970059880239521,1063.0048828125
10288_rust.jpg,rust,True,2592,1728,1.5,311.5234375
10289_rust.jpg,rust,True,4608,3456,1.3333333333333333,1579.138671875
10290_rust.jpg,rust,True,4000,2672,1.4970059880239521,695.2138671875
10291_rust.jpg,rust,True,2592,1728,1.5,285.69140625
10292_rust.jpg,rust,True,4000,2672,1.4970059880239521,904.0380859375
10293_rust.jpg,rust,True,4608,3456,1.3333333333333333,1109.6318359375
10294_rust.jpg,rust,True,4000,2672,1.4970059880239521,521.44921875
10295_rust.jpg,rust,True,4000,2672,1.4970059880239521,1037.28515625
10296_rust.jpg,rust,True,5184,3456,1.5,1060.51953125
10297_rust.jpg,rust,True,2592,1728,1.5,326.423828125
10298_rust.jpg,rust,True,2592,1728,1.5,294.9052734375
10299_rust.jpg,rust,True,2592,1728,1.5,244.203125
10300_rust.jpg,rust,True,2592,1728,1.5,313.8798828125
10301_rust.jpg,rust,True,4000,2672,1.4970059880239521,878.1767578125
10302_rust.jpg,rust,True,2592,1728,1.5,302.0498046875
10303_rust.jpg,rust,True,5184,3456,1.5,1370.416015625
10304_rust.jpg,rust,True,4000,2672,1.4970059880239521,862.4482421875
10305_rust.jpg,rust,True,2592,1728,1.5,194.462890625
10306_rust.jpg,rust,True,4000,3000,1.3333333333333333,1086.7177734375
10307_rust.jpg,rust,True,2592,1728,1.5,241.2216796875
10308_rust.jpg,rust,True,2592,1728,1.5,276.439453125
10309_rust.jpg,rust,True,2592,1728,1.5,262.443359375
10310_rust.jpg,rust,True,4000,3000,1.3333333333333333,687.3896484375
10311_rust.jpg,rust,True,2592,1728,1.5,233.49609375
10312_rust.jpg,rust,True,2592,1728,1.5,251.9814453125
10313_rust.jpg,rust,True,2592,1728,1.5,326.423828125
10314_rust.jpg,rust,True,4000,2672,1.4970059880239521,983.2412109375
10315_rust.jpg,rust,True,4000,2672,1.4970059880239521,671.7783203125
10316_rust.jpg,rust,True,4000,2672,1.4970059880239521,779.373046875
10317_rust.jpg,rust,True,2592,1728,1.5,361.6826171875
10318_rust.jpg,rust,True,2592,1728,1.5,229.755859375
10319_rust.jpg,rust,True,2592,1728,1.5,256.7880859375
10320_rust.jpg,rust,True,4000,2672,1.4970059880239521,692.419921875
10321_rust.jpg,rust,True,4000,2672,1.4970059880239521,823.611328125
10322_rust.jpg,rust,True,5184,3456,1.5,1111.3525390625
10323_rust.jpg,rust,True,4000,3000,1.3333333333333333,759.625
10324_rust.jpg,rust,True,2592,1728,1.5,235.8291015625
10325_rust.jpg,rust,True,2592,1728,1.5,225.7685546875
10326_rust.jpg,rust,True,4000,2672,1.4970059880239521,757.80859375
10327_rust.jpg,rust,True,4608,3456,1.3333333333333333,1096.224609375
10328_rust.jpg,rust,True,4032,3024,1.3333333333333333,1278.5927734375
10329_rust.jpg,rust,True,5184,3456,1.5,1394.2744140625
10330_rust.jpg,rust,True,2592,1728,1.5,311.533203125
10331_rust.jpg,rust,True,4000,2672,1.4970059880239521,971.2412109375
10332_rust.jpg,rust,True,4608,3456,1.3333333333333333,1160.9931640625
10333_rust.jpg,rust,True,2592,1728,1.5,292.8115234375
10334_rust.jpg,rust,True,2592,1728,1.5,271.75390625
10335_rust.jpg,rust,True,2592,1728,1.5,300.14453125
10336_rust.jpg,rust,True,5184,3456,1.5,869.5283203125
10337_rust.jpg,rust,True,2592,1728,1.5,304.6875
10338_rust.jpg,rust,True,4000,2672,1.4970059880239521,857.94921875
10339_rust.jpg,rust,True,2592,1728,1.5,273.3759765625
10340_rust.jpg,rust,True,4000,2672,1.4970059880239521,1159.6064453125
10341_rust.jpg,rust,True,5184,3456,1.5,886.4521484375
10342_rust.jpg,rust,True,4000,2672,1.4970059880239521,729.6611328125
10343_rust.jpg,rust,True,4000,2672,1.4970059880239521,897.2080078125
10344_rust.jpg,rust,True,4000,2672,1.4970059880239521,727.7578125
10345_rust.jpg,rust,True,2592,1728,1.5,285.341796875
10346_rust.jpg,rust,True,5184,3456,1.5,901.0390625
10347_rust.jpg,rust,True,4000,2672,1.4970059880239521,753.6728515625
10348_rust.jpg,rust,True,4000,2672,1.4970059880239521,923.564453125
10349_rust.jpg,rust,True,4608,3456,1.3333333333333333,1694.607421875
10350_rust.jpg,rust,True,4000,2672,1.4970059880239521,630.58984375
10351_rust.jpg,rust,True,2592,1728,1.5,317.677734375
10352_rust.jpg,rust,True,2592,1728,1.5,314.9296875
10353_rust.jpg,rust,True,2592,1728,1.5,333.6904296875
10354_rust.jpg,rust,True,5184,3456,1.5,1014.7578125
10355_rust.jpg,rust,True,5184,3456,1.5,1459.0029296875
10356_rust.jpg,rust,True,4000,2672,1.4970059880239521,816.65234375
10357_rust.jpg,rust,True,2592,1728,1.5,262.5771484375
10358_rust.jpg,rust,True,4000,3000,1.3333333333333333,996.0322265625
10359_rust.jpg,rust,True,4000,2672,1.4970059880239521,646.5556640625
10360_rust.jpg,rust,True,2592,1728,1.5,320.9130859375
10361_rust.jpg,rust,True,2592,1728,1.5,289.5791015625
10362_rust.jpg,rust,True,2592,1728,1.5,263.955078125
10363_rust.jpg,rust,True,2592,1728,1.5,222.072265625
10364_rust.jpg,rust,True,4032,3024,1.3333333333333333,1435.8515625
10365_rust.jpg,rust,True,4000,3000,1.3333333333333333,797.2109375
10366_rust.jpg,rust,True,2592,1728,1.5,301.2333984375
10367_rust.jpg,rust,True,2592,1728,1.5,301.5576171875
10368_rust.jpg,rust,True,2592,1728,1.5,186.5068359375
10369_rust.jpg,rust,True,4000,2672,1.4970059880239521,766.9306640625
10370_rust.jpg,rust,True,4000,2672,1.4970059880239521,893.359375
10371_rust.jpg,rust,True,2592,1728,1.5,397.5849609375
10372_rust.jpg,rust,True,4000,2672,1.4970059880239521,792.375
10373_rust.jpg,rust,True,2592,1728,1.5,357.3115234375
10374_rust.jpg,rust,True,4032,3024,1.3333333333333333,1125.1708984375
10375_rust.jpg,rust,True,2592,1728,1.5,300.0859375
10376_rust.jpg,rust,True,4000,2672,1.4970059880239521,1109.5146484375
10377_rust.jpg,rust,True,4000,2672,1.4970059880239521,1017.8701171875
10378_rust.jpg,rust,True,4000,2672,1.4970059880239521,642.044921875
10379_rust.jpg,rust,True,2592,1728,1.5,257.8896484375
10380_rust.jpg,rust,True,2592,1728,1.5,359.7587890625
10381_rust.jpg,rust,True,4000,2672,1.4970059880239521,794.021484375
10382_rust.jpg,rust,True,4000,2672,1.4970059880239521,1010.4892578125
10383_rust.jpg,rust,True,2592,1728,1.5,216.021484375
10384_rust.jpg,rust,True,4032,3024,1.3333333333333333,1219.0048828125
10385_rust.jpg,rust,True,2592,1728,1.5,429.0439453125
10386_rust.jpg,rust,True,4000,2672,1.4970059880239521,806.705078125
10387_rust.jpg,rust,True,2592,1728,1.5,256.8994140625
10388_rust.jpg,rust,True,2592,1728,1.5,203.2646484375
10389_rust.jpg,rust,True,4000,2672,1.4970059880239521,974.95703125
10390_rust.jpg,rust,True,5184,3456,1.5,796.9814453125
10391_rust.jpg,rust,True,4032,3024,1.3333333333333333,1043.9658203125
10392_rust.jpg,rust,True,4032,3024,1.3333333333333333,1105.076171875
10393_rust.jpg,rust,True,4032,3024,1.3333333333333333,942.88671875
10394_rust.jpg,rust,True,2592,1728,1.5,318.7421875
10395_rust.jpg,rust,True,4000,2672,1.4970059880239521,810.5859375
10396_rust.jpg,rust,True,2592,1728,1.5,190.6708984375
10397_rust.jpg,rust,True,4000,3000,1.3333333333333333,849.8935546875
10398_rust.jpg,rust,True,2592,1728,1.5,217.94140625
10399_rust.jpg,rust,True,5184,3456,1.5,876.1337890625
10400_rust.jpg,rust,True,2592,1728,1.5,251.322265625
10401_rust.jpg,rust,True,2592,1728,1.5,325.9140625
10402_rust.jpg,rust,True,5184,3456,1.5,1305.2705078125
10403_rust.jpg,rust,True,2592,1728,1.5,265.2177734375
10404_rust.jpg,rust,True,4000,2672,1.4970059880239521,1025.8134765625
10405_rust.jpg,rust,True,4000,2672,1.4970059880239521,786.7783203125
10406_rust.jpg,rust,True,4000,2672,1.4970059880239521,620.0966796875
10407_rust.jpg,rust,True,2592,1728,1.5,341.8603515625
10408_rust.jpg,rust,True,2592,1728,1.5,254.2763671875
10409_rust.jpg,rust,True,4000,2672,1.4970059880239521,774.4833984375
10410_rust.jpg,rust,True,4000,2672,1.4970059880239521,940.8291015625
10411_rust.jpg,rust,True,5184,3456,1.5,1189.9033203125
10412_rust.jpg,rust,True,5184,3456,1.5,1133.40234375
10413_rust.jpg,rust,True,4000,2672,1.4970059880239521,853.92578125
10414_rust.jpg,rust,True,2592,1728,1.5,246.3359375
10415_rust.jpg,rust,True,2592,1728,1.5,356.14453125
10416_rust.jpg,rust,True,2592,1728,1.5,240.591796875
10417_rust.jpg,rust,True,2592,1728,1.5,292.1689453125
10418_rust.jpg,rust,True,4608,3456,1.3333333333333333,1508.3828125
10419_rust.jpg,rust,True,4608,3456,1.3333333333333333,1001.4873046875
10420_rust.jpg,rust,True,5184,3456,1.5,939.017578125
10421_rust.jpg,rust,True,5184,3456,1.5,917.6181640625
10422_rust.jpg,rust,True,4000,2672,1.4970059880239521,947.9736328125
10423_rust.jpg,rust,True,5184,3456,1.5,771.35546875
10424_rust.jpg,rust,True,4000,2672,1.4970059880239521,776.490234375
10425_rust.jpg,rust,True,4032,3024,1.3333333333333333,1417.7275390625
10426_rust.jpg,rust,True,4000,2672,1.4970059880239521,741.185546875
10427_rust.jpg,rust,True,2592,1728,1.5,291.0283203125
10428_rust.jpg,rust,True,2592,1728,1.5,268.6708984375
10429_rust.jpg,rust,True,2592,1728,1.5,297.9521484375
10430_rust.jpg,rust,True,2592,1728,1.5,261.6904296875
10431_rust.jpg,rust,True,2592,1728,1.5,184.8330078125
10432_rust.jpg,rust,True,2592,1728,1.5,316.9111328125
10433_rust.jpg,rust,True,4000,2672,1.4970059880239521,702.1103515625
10434_rust.jpg,rust,True,2592,1728,1.5,218.3916015625
10435_rust.jpg,rust,True,2592,1728,1.5,273.7099609375
10436_rust.jpg,rust,True,4000,2672,1.4970059880239521,982.4130859375
10437_rust.jpg,rust,True,2592,1728,1.5,276.1044921875
10438_rust.jpg,rust,True,4000,2672,1.4970059880239521,847.1748046875
10439_rust.jpg,rust,True,2592,1728,1.5,294.521484375
10440_rust.jpg,rust,True,2592,1728,1.5,257.53515625
10441_rust.jpg,rust,True,5184,3456,1.5,1163.9765625
10442_rust.jpg,rust,True,2592,1728,1.5,221.3408203125
10443_rust.jpg,rust,True,4032,3024,1.3333333333333333,1451.4931640625
10444_rust.jpg,rust,True,5184,3456,1.5,1150.78125
10445_rust.jpg,rust,True,4000,2672,1.4970059880239521,786.7568359375
10446_rust.jpg,rust,True,2592,1728,1.5,243.1220703125
10447_rust.jpg,rust,True,2592,1728,1.5,223.26953125
10448_rust.jpg,rust,True,2592,1728,1.5,233.609375
10449_rust.jpg,rust,True,2592,1728,1.5,210.359375
10450_rust.jpg,rust,True,5184,3456,1.5,1242.2451171875
10451_rust.jpg,rust,True,2592,1728,1.5,208.8515625
10452_rust.jpg,rust,True,2592,1728,1.5,255.6171875
10453_rust.jpg,rust,True,4608,3456,1.3333333333333333,1322.1064453125
10454_rust.jpg,rust,True,4000,2672,1.4970059880239521,645.142578125
10455_rust.jpg,rust,True,4000,2672,1.4970059880239521,1102.4541015625
10456_rust.jpg,rust,True,2592,1728,1.5,336.8212890625
10457_rust.jpg,rust,True,4000,2672,1.4970059880239521,872.892578125
10458_rust.jpg,rust,True,2592,1728,1.5,343.90234375
10459_rust.jpg,rust,True,4032,3024,1.3333333333333333,1303.541015625
10460_rust.jpg,rust,True,4000,2672,1.4970059880239521,973.689453125
10461_rust.jpg,rust,True,4000,2672,1.4970059880239521,1028.0869140625
10462_rust.jpg,rust,True,4000,2672,1.4970059880239521,949.501953125
10463_rust.jpg,rust,True,2592,1728,1.5,204.0400390625
10464_rust.jpg,rust,True,2592,1728,1.5,203.0146484375
10465_rust.jpg,rust,True,2592,1728,1.5,282.88671875
10466_rust.jpg,rust,True,2592,1728,1.5,285.0458984375
10467_rust.jpg,rust,True,4000,2672,1.4970059880239521,884.35546875
10468_rust.jpg,rust,True,2592,1728,1.5,328.3115234375
10469_rust.jpg,rust,True,4000,2672,1.4970059880239521,732.92578125
10470_rust.jpg,rust,True,2592,1728,1.5,256.521484375
10471_rust.jpg,rust,True,2592,1728,1.5,261.6201171875
10472_rust.jpg,rust,True,4000,2672,1.4970059880239521,904.28515625
10473_rust.jpg,rust,True,2592,1728,1.5,285.4453125
10474_rust.jpg,rust,True,2592,1728,1.5,320.5380859375
10475_rust.jpg,rust,True,2592,1728,1.5,325.158203125
10476_rust.jpg,rust,True,5184,3456,1.5,932.7431640625
10477_rust.jpg,rust,True,2592,1728,1.5,205.185546875
10478_rust.jpg,rust,True,2592,1728,1.5,269.5927734375
10479_rust.jpg,rust,True,4608,3456,1.3333333333333333,1241.091796875
10480_rust.jpg,rust,True,4000,2672,1.4970059880239521,932.6435546875
10481_rust.jpg,rust,True,2592,1728,1.5,259.716796875
10482_rust.jpg,rust,True,2592,1728,1.5,279.7958984375
10483_rust.jpg,rust,True,5184,3456,1.5,1065.744140625
10484_rust.jpg,rust,True,2592,1728,1.5,278.56640625
10485_rust.jpg,rust,True,5184,3456,1.5,878.6435546875
10486_rust.jpg,rust,True,4000,2672,1.4970059880239521,759.2666015625
10487_rust.jpg,rust,True,2592,1728,1.5,211.1552734375
10488_rust.jpg,rust,True,2592,1728,1.5,311.662109375
10489_rust.jpg,rust,True,2592,1728,1.5,336.7236328125
10490_rust.jpg,rust,True,4032,3024,1.3333333333333333,1120.8564453125
10491_rust.jpg,rust,True,4032,3024,1.3333333333333333,1082.349609375
10492_rust.jpg,rust,True,4000,2672,1.4970059880239521,886.109375
10493_rust.jpg,rust,True,4000,2672,1.4970059880239521,833.37890625
10494_rust.jpg,rust,True,2592,1728,1.5,275.2099609375
10495_rust.jpg,rust,True,5184,3456,1.5,1093.6552734375
10496_rust.jpg,rust,True,4000,2672,1.4970059880239521,1016.05078125
10497_rust.jpg,rust,True,2592,1728,1.5,251.8037109375
10498_rust.jpg,rust,True,2592,1728,1.5,254.5556640625
10499_rust.jpg,rust,True,2592,1728,1.5,365.0068359375
10500_rust.jpg,rust,True,4000,2672,1.4970059880239521,576.1484375
10501_rust.jpg,rust,True,4608,3456,1.3333333333333333,1220.0244140625
10502_rust.jpg,rust,True,4000,2672,1.4970059880239521,756.5888671875
10503_rust.jpg,rust,True,2592,1728,1.5,207.78515625
10504_rust.jpg,rust,True,4000,2672,1.4970059880239521,776.1640625
10505_rust.jpg,rust,True,2592,1728,1.5,305.5576171875
10506_rust.jpg,rust,True,4000,2672,1.4970059880239521,515.126953125
10507_rust.jpg,rust,True,4000,2672,1.4970059880239521,887.033203125
10508_rust.jpg,rust,True,4608,3456,1.3333333333333333,1224.6796875
10509_rust.jpg,rust,True,4000,2672,1.4970059880239521,777.2099609375
10510_rust.jpg,rust,True,4000,2672,1.4970059880239521,542.0224609375
10511_rust.jpg,rust,True,4000,2672,1.4970059880239521,835.5380859375
10512_rust.jpg,rust,True,2592,1728,1.5,346.1201171875
10513_rust.jpg,rust,True,2592,1728,1.5,334.25390625
10514_rust.jpg,rust,True,4032,3024,1.3333333333333333,945.51953125
10515_rust.jpg,rust,True,4000,2672,1.4970059880239521,744.0224609375
10516_rust.jpg,rust,True,2592,1728,1.5,183.0126953125
10517_rust.jpg,rust,True,4032,3024,1.3333333333333333,932.8212890625
10518_rust.jpg,rust,True,4000,2672,1.4970059880239521,948.88671875
10519_rust.jpg,rust,True,4000,2672,1.4970059880239521,802.14453125
10520_rust.jpg,rust,True,2592,1728,1.5,281.5302734375
10521_rust.jpg,rust,True,4000,2672,1.4970059880239521,826.6064453125
10522_rust.jpg,rust,True,4000,3000,1.3333333333333333,952.40625
10523_rust.jpg,rust,True,5184,3456,1.5,1077.671875
10524_rust.jpg,rust,True,4000,2672,1.4970059880239521,697.826171875
10525_rust.jpg,rust,True,4000,2672,1.4970059880239521,900.939453125
10526_rust.jpg,rust,True,2592,1728,1.5,348.9736328125
10527_rust.jpg,rust,True,4000,2672,1.4970059880239521,759.3369140625
10528_rust.jpg,rust,True,4000,2672,1.4970059880239521,535.8330078125
10529_rust.jpg,rust,True,4608,3456,1.3333333333333333,1329.84765625
10530_rust.jpg,rust,True,4000,3000,1.3333333333333333,951.048828125
10531_rust.jpg,rust,True,2592,1728,1.5,276.1796875
10532_rust.jpg,rust,True,4000,2672,1.4970059880239521,875.548828125
10533_rust.jpg,rust,True,4000,2672,1.4970059880239521,880.4716796875
10534_rust.jpg,rust,True,4000,2672,1.4970059880239521,950.4091796875
10535_rust.jpg,rust,True,4032,3024,1.3333333333333333,876.6103515625
10536_rust.jpg,rust,True,4000,2672,1.4970059880239521,706.5595703125
10537_rust.jpg,rust,True,4032,3024,1.3333333333333333,757.95703125
10538_rust.jpg,rust,True,4032,3024,1.3333333333333333,805.6142578125
10539_rust.jpg,rust,True,2592,1728,1.5,287.029296875
10540_rust.jpg,rust,True,2592,1728,1.5,258.955078125
10541_rust.jpg,rust,True,4608,3456,1.3333333333333333,982.3916015625
10542_rust.jpg,rust,True,5184,3456,1.5,767.45703125
10543_rust.jpg,rust,True,2592,1728,1.5,331.9453125
10544_rust.jpg,rust,True,2592,1728,1.5,268.93359375
10545_rust.jpg,rust,True,2592,1728,1.5,201.0400390625
10546_rust.jpg,rust,True,4608,3456,1.3333333333333333,1474.3857421875
10547_rust.jpg,rust,True,5184,3456,1.5,1001.7412109375
10548_rust.jpg,rust,True,4000,2672,1.4970059880239521,870.72265625
10549_rust.jpg,rust,True,4000,2672,1.4970059880239521,972.6279296875
10550_rust.jpg,rust,True,2592,1728,1.5,222.71484375
10551_rust.jpg,rust,True,2592,1728,1.5,255.1181640625
10552_rust.jpg,rust,True,4608,3456,1.3333333333333333,1248.818359375
10553_rust.jpg,rust,True,2592,1728,1.5,314.4951171875
10554_rust.jpg,rust,True,5184,3456,1.5,890.9072265625
10555_rust.jpg,rust,True,5184,3456,1.5,1033.7080078125
10556_rust.jpg,rust,True,4000,2672,1.4970059880239521,745.1484375
10557_rust.jpg,rust,True,4608,3456,1.3333333333333333,1584.162109375
10558_rust.jpg,rust,True,2592,1728,1.5,325.095703125
10559_rust.jpg,rust,True,4000,2672,1.4970059880239521,704.63671875
10560_rust.jpg,rust,True,5184,3456,1.5,890.669921875
10561_rust.jpg,rust,True,2592,1728,1.5,365.83203125
10562_rust.jpg,rust,True,4000,3000,1.3333333333333333,931.0927734375
10563_rust.jpg,rust,True,4000,2672,1.4970059880239521,679.228515625
10564_rust.jpg,rust,True,2592,1728,1.5,226.5498046875
10565_rust.jpg,rust,True,4000,2672,1.4970059880239521,804.1220703125
10566_rust.jpg,rust,True,2592,1728,1.5,210.91015625
10567_rust.jpg,rust,True,4608,3456,1.3333333333333333,1286.5107421875
10568_rust.jpg,rust,True,4000,2672,1.4970059880239521,803.728515625
10569_rust.jpg,rust,True,2592,1728,1.5,221.71484375
10570_rust.jpg,rust,True,4000,2672,1.4970059880239521,623.646484375
10571_rust.jpg,rust,True,4000,2672,1.4970059880239521,732.044921875
10572_rust.jpg,rust,True,4000,2672,1.4970059880239521,741.513671875
10573_rust.jpg,rust,True,5184,3456,1.5,1286.5107421875
10574_rust.jpg,rust,True,4000,2672,1.4970059880239521,962.908203125
10575_rust.jpg,rust,True,4000,2672,1.4970059880239521,686.9287109375
10576_rust.jpg,rust,True,4000,2672,1.4970059880239521,872.65234375
10577_rust.jpg,rust,True,4000,2672,1.4970059880239521,1051.4150390625
10578_rust.jpg,rust,True,4000,3000,1.3333333333333333,1056.646484375
10579_rust.jpg,rust,True,2592,1728,1.5,397.1044921875
10580_rust.jpg,rust,True,4000,2672,1.4970059880239521,808.1591796875
10581_rust.jpg,rust,True,4000,2672,1.4970059880239521,883.1708984375
10582_rust.jpg,rust,True,2592,1728,1.5,267.8125
10583_rust.jpg,rust,True,2592,1728,1.5,217.2685546875
10584_rust.jpg,rust,True,4000,2672,1.4970059880239521,795.9501953125
10585_rust.jpg,rust,True,4000,2672,1.4970059880239521,787.302734375
10586_rust.jpg,rust,True,4000,2672,1.4970059880239521,885.140625
10587_rust.jpg,rust,True,4608,3456,1.3333333333333333,1253.474609375
10588_rust.jpg,rust,True,4000,2672,1.4970059880239521,932.849609375
10589_rust.jpg,rust,True,4000,2672,1.4970059880239521,789.26171875
10590_rust.jpg,rust,True,4000,2672,1.4970059880239521,942.4755859375
10591_rust.jpg,rust,True,4000,2672,1.4970059880239521,1122.9921875
10592_rust.jpg,rust,True,2592,1728,1.5,361.9189453125
10593_rust.jpg,rust,True,4000,2672,1.4970059880239521,744.3544921875
10594_rust.jpg,rust,True,4000,2672,1.4970059880239521,781.25390625
10595_rust.jpg,rust,True,5184,3456,1.5,1295.390625
10596_rust.jpg,rust,True,5184,3456,1.5,1218.548828125
10597_rust.jpg,rust,True,2592,1728,1.5,248.2451171875
10598_rust.jpg,rust,True,4608,3456,1.3333333333333333,1208.5400390625
10599_rust.jpg,rust,True,4000,2672,1.4970059880239521,770.9140625
10600_rust.jpg,rust,True,4032,3024,1.3333333333333333,1014.3115234375
10601_rust.jpg,rust,True,5184,3456,1.5,1301.9189453125
10602_rust.jpg,rust,True,4032,3024,1.3333333333333333,1142.6513671875
10603_rust.jpg,rust,True,2592,1728,1.5,252.0927734375
10604_rust.jpg,rust,True,4000,2672,1.4970059880239521,826.9853515625
10605_rust.jpg,rust,True,5184,3456,1.5,781.18359375
10606_rust.jpg,rust,True,4608,3456,1.3333333333333333,1231.3505859375
10607_rust.jpg,rust,True,5184,3456,1.5,905.4423828125
10608_rust.jpg,rust,True,2592,1728,1.5,324.4833984375
10609_rust.jpg,rust,True,2592,1728,1.5,415.50390625
10610_rust.jpg,rust,True,4032,3024,1.3333333333333333,1073.720703125
10611_rust.jpg,rust,True,4000,2672,1.4970059880239521,673.9130859375
10612_rust.jpg,rust,True,2592,1728,1.5,279.689453125
10613_rust.jpg,rust,True,5184,3456,1.5,997.341796875
10614_rust.jpg,rust,True,2592,1728,1.5,272.39453125
10615_rust.jpg,rust,True,2592,1728,1.5,264.46875
10616_rust.jpg,rust,True,5184,3456,1.5,972.7685546875
10617_rust.jpg,rust,True,4032,3024,1.3333333333333333,915.59765625
10618_rust.jpg,rust,True,4032,3024,1.3333333333333333,1010.203125
10619_rust.jpg,rust,True,2592,1728,1.5,246.35546875
10620_rust.jpg,rust,True,4000,2672,1.4970059880239521,823.9580078125
10621_rust.jpg,rust,True,2592,1728,1.5,375.0244140625
10622_rust.jpg,rust,True,4000,2672,1.4970059880239521,932.142578125
10623_rust.jpg,rust,True,4032,3024,1.3333333333333333,1492.361328125
10624_rust.jpg,rust,True,4000,3000,1.3333333333333333,943.9404296875
10625_rust.jpg,rust,True,2592,1728,1.5,355.361328125
10626_rust.jpg,rust,True,2592,1728,1.5,265.40234375
10627_rust.jpg,rust,True,4000,2672,1.4970059880239521,789.6630859375
10628_rust.jpg,rust,True,4000,3000,1.3333333333333333,976.7373046875
10629_rust.jpg,rust,True,4000,2672,1.4970059880239521,718.4091796875
10630_rust.jpg,rust,True,4000,2672,1.4970059880239521,757.2822265625
10631_rust.jpg,rust,True,4000,2672,1.4970059880239521,873.962890625
10632_rust.jpg,rust,True,5184,3456,1.5,901.822265625
10633_rust.jpg,rust,True,4608,3456,1.3333333333333333,1064.5322265625
10634_rust.jpg,rust,True,4000,2672,1.4970059880239521,1039.6552734375
10635_rust.jpg,rust,True,2592,1728,1.5,291.0302734375
10636_rust.jpg,rust,True,2592,1728,1.5,247.8232421875
10637_rust.jpg,rust,True,4608,3456,1.3333333333333333,1318.2236328125
10638_rust.jpg,rust,True,2592,1728,1.5,180.1171875
10639_rust.jpg,rust,True,4000,2672,1.4970059880239521,684.46484375
10640_rust.jpg,rust,True,4032,3024,1.3333333333333333,1172.0087890625
10641_rust.jpg,rust,True,4032,3024,1.3333333333333333,1286.3115234375
10642_rust.jpg,rust,True,4032,3024,1.3333333333333333,1259.6513671875
10643_rust.jpg,rust,True,5184,3456,1.5,856.70703125
10644_rust.jpg,rust,True,2592,1728,1.5,221.275390625
10645_rust.jpg,rust,True,4032,3024,1.3333333333333333,1231.3427734375
10646_rust.jpg,rust,True,4032,3024,1.3333333333333333,1298.0595703125
10647_rust.jpg,rust,True,2592,1728,1.5,379.333984375
10648_rust.jpg,rust,True,2592,1728,1.5,220.4169921875
10649_rust.jpg,rust,True,4000,2672,1.4970059880239521,979.8056640625
10650_rust.jpg,rust,True,4032,3024,1.3333333333333333,925.677734375
10651_rust.jpg,rust,True,2592,1728,1.5,252.3310546875
10652_rust.jpg,rust,True,4000,2672,1.4970059880239521,821.15625
10653_rust.jpg,rust,True,4000,2672,1.4970059880239521,983.46484375
10654_rust.jpg,rust,True,4000,2672,1.4970059880239521,589.626953125
10655_rust.jpg,rust,True,2592,1728,1.5,223.7021484375
10656_rust.jpg,rust,True,2592,1728,1.5,266.6416015625
10657_rust.jpg,rust,True,2592,1728,1.5,284.0703125
10658_rust.jpg,rust,True,4032,3024,1.3333333333333333,1038.775390625
10659_rust.jpg,rust,True,2592,1728,1.5,273.6396484375
10660_rust.jpg,rust,True,4000,2672,1.4970059880239521,1056.9248046875
10661_rust.jpg,rust,True,4000,2672,1.4970059880239521,902.4033203125
10662_rust.jpg,rust,True,2592,1728,1.5,294.4150390625
10663_rust.jpg,rust,True,2592,1728,1.5,299.2060546875
10664_rust.jpg,rust,True,2592,1728,1.5,316.9150390625
10665_rust.jpg,rust,True,2592,1728,1.5,323.435546875
10666_rust.jpg,rust,True,4000,2672,1.4970059880239521,962.466796875
10667_rust.jpg,rust,True,4000,2672,1.4970059880239521,875.48828125
10668_rust.jpg,rust,True,4608,3456,1.3333333333333333,1396.9892578125
10669_rust.jpg,rust,True,4608,3456,1.3333333333333333,1278.5625
10670_rust.jpg,rust,True,4000,2672,1.4970059880239521,728.0
10671_rust.jpg,rust,True,4000,2672,1.4970059880239521,681.6650390625
10672_rust.jpg,rust,True,4000,2672,1.4970059880239521,712.6826171875
10673_rust.jpg,rust,True,2592,1728,1.5,207.091796875
10674_rust.jpg,rust,True,4000,2672,1.4970059880239521,1007.3994140625
10675_rust.jpg,rust,True,4608,3456,1.3333333333333333,1269.419921875
10676_rust.jpg,rust,True,2592,1728,1.5,303.9755859375
10677_rust.jpg,rust,True,2592,1728,1.5,264.912109375
10678_rust.jpg,rust,True,2592,1728,1.5,260.890625
10679_rust.jpg,rust,True,2592,1728,1.5,201.359375
10680_rust.jpg,rust,True,2592,1728,1.5,283.728515625
10681_rust.jpg,rust,True,4000,2672,1.4970059880239521,950.8271484375
10682_rust.jpg,rust,True,2592,1728,1.5,255.6025390625
10683_rust.jpg,rust,True,2592,1728,1.5,260.095703125
10684_rust.jpg,rust,True,4000,2672,1.4970059880239521,885.6259765625
10685_rust.jpg,rust,True,4032,3024,1.3333333333333333,877.6640625
10686_rust.jpg,rust,True,4000,2672,1.4970059880239521,691.546875
10687_rust.jpg,rust,True,5184,3456,1.5,985.98046875
10688_rust.jpg,rust,True,4032,3024,1.3333333333333333,917.3369140625
10689_rust.jpg,rust,True,4000,2672,1.4970059880239521,746.3056640625
10690_rust.jpg,rust,True,4032,3024,1.3333333333333333,1075.40234375
10691_rust.jpg,rust,True,4032,3024,1.3333333333333333,1102.419921875
10692_rust.jpg,rust,True,2592,1728,1.5,324.4404296875
10693_rust.jpg,rust,True,4032,3024,1.3333333333333333,1253.3251953125
10694_rust.jpg,rust,True,4608,3456,1.3333333333333333,1477.6923828125
10695_rust.jpg,rust,True,4000,2672,1.4970059880239521,1014.9267578125
10696_rust.jpg,rust,True,4000,2672,1.4970059880239521,874.712890625
10697_rust.jpg,rust,True,4000,3000,1.3333333333333333,1069.0380859375
10698_rust.jpg,rust,True,5184,3456,1.5,1041.787109375
10699_rust.jpg,rust,True,4000,2672,1.4970059880239521,641.58984375
10700_rust.jpg,rust,True,5184,3456,1.5,820.7978515625
10701_rust.jpg,rust,True,2592,1728,1.5,229.4208984375
10702_rust.jpg,rust,True,4000,2672,1.4970059880239521,995.7509765625
10703_rust.jpg,rust,True,2592,1728,1.5,374.8916015625
10704_rust.jpg,rust,True,4000,3000,1.3333333333333333,1059.2412109375
10705_rust.jpg,rust,True,4000,2672,1.4970059880239521,899.7724609375
10706_rust.jpg,rust,True,4000,2672,1.4970059880239521,830.6845703125
10707_rust.jpg,rust,True,2592,1728,1.5,297.80078125
10708_rust.jpg,rust,True,4000,2672,1.4970059880239521,832.6416015625
10709_rust.jpg,rust,True,4000,2672,1.4970059880239521,728.294921875
10710_rust.jpg,rust,True,5184,3456,1.5,1069.837890625
10711_rust.jpg,rust,True,4032,3024,1.3333333333333333,1383.416015625
10712_rust.jpg,rust,True,4000,2672,1.4970059880239521,630.54296875
10713_rust.jpg,rust,True,4000,2672,1.4970059880239521,926.2333984375
10714_rust.jpg,rust,True,4000,2672,1.4970059880239521,903.4658203125
10715_rust.jpg,rust,True,2592,1728,1.5,193.560546875
10716_rust.jpg,rust,True,2592,1728,1.5,305.796875
10717_rust.jpg,rust,True,4000,2672,1.4970059880239521,847.140625
10718_rust.jpg,rust,True,4000,2672,1.4970059880239521,1105.5947265625
10719_rust.jpg,rust,True,2592,1728,1.5,317.9189453125
10720_rust.jpg,rust,True,2592,1728,1.5,289.8984375
10721_rust.jpg,rust,True,4000,2672,1.4970059880239521,752.06640625
10722_rust.jpg,rust,True,2592,1728,1.5,236.109375
10723_rust.jpg,rust,True,4000,2672,1.4970059880239521,578.4853515625
10724_rust.jpg,rust,True,5184,3456,1.5,1055.3662109375
10725_rust.jpg,rust,True,2592,1728,1.5,254.1240234375
10726_rust.jpg,rust,True,5184,3456,1.5,941.142578125
10727_rust.jpg,rust,True,2592,1728,1.5,293.412109375
10728_rust.jpg,rust,True,5184,3456,1.5,829.9853515625
10729_rust.jpg,rust,True,2592,1728,1.5,255.1708984375
10730_rust.jpg,rust,True,4000,2672,1.4970059880239521,685.03515625
10731_rust.jpg,rust,True,4000,2672,1.4970059880239521,899.9794921875
10732_rust.jpg,rust,True,4000,2672,1.4970059880239521,777.2490234375
10733_rust.jpg,rust,True,2592,1728,1.5,299.2705078125
10734_rust.jpg,rust,True,2592,1728,1.5,388.3955078125
10735_rust.jpg,rust,True,2592,1728,1.5,205.60546875
10736_rust.jpg,rust,True,4000,2672,1.4970059880239521,621.7978515625
10737_rust.jpg,rust,True,4000,2672,1.4970059880239521,873.9833984375
10738_rust.jpg,rust,True,4000,2672,1.4970059880239521,956.2001953125
10739_rust.jpg,rust,True,2592,1728,1.5,262.8203125
10740_rust.jpg,rust,True,4032,3024,1.3333333333333333,1110.0234375
10741_rust.jpg,rust,True,4000,2672,1.4970059880239521,800.125
10742_rust.jpg,rust,True,4608,3456,1.3333333333333333,1247.1904296875
10743_rust.jpg,rust,True,2592,1728,1.5,234.27734375
10744_rust.jpg,rust,True,5184,3456,1.5,945.5107421875
10745_rust.jpg,rust,True,4032,3024,1.3333333333333333,1333.681640625
10746_rust.jpg,rust,True,2592,1728,1.5,188.236328125
10747_rust.jpg,rust,True,4000,2672,1.4970059880239521,693.0166015625
10748_rust.jpg,rust,True,2592,1728,1.5,272.0048828125
10749_rust.jpg,rust,True,4000,2672,1.4970059880239521,832.24609375
10750_rust.jpg,rust,True,4608,3456,1.3333333333333333,1378.16015625
10751_rust.jpg,rust,True,4000,2672,1.4970059880239521,1007.6904296875
10752_rust.jpg,rust,True,4000,2672,1.4970059880239521,988.8662109375
10753_rust.jpg,rust,True,4608,3456,1.3333333333333333,940.1708984375
10754_rust.jpg,rust,True,4000,2672,1.4970059880239521,723.41015625
10755_rust.jpg,rust,True,5184,3456,1.5,1241.6748046875
10756_rust.jpg,rust,True,2592,1728,1.5,296.1650390625
10757_rust.jpg,rust,True,4000,3000,1.3333333333333333,969.7138671875
10758_rust.jpg,rust,True,4000,2672,1.4970059880239521,881.5810546875
10759_rust.jpg,rust,True,2592,1728,1.5,212.748046875
10760_rust.jpg,rust,True,4032,3024,1.3333333333333333,1050.2060546875
10761_rust.jpg,rust,True,2592,1728,1.5,188.673828125
10762_rust.jpg,rust,True,4000,2672,1.4970059880239521,828.046875
10763_rust.jpg,rust,True,4000,2672,1.4970059880239521,901.712890625
10764_rust.jpg,rust,True,2592,1728,1.5,436.2900390625
10765_rust.jpg,rust,True,4608,3456,1.3333333333333333,1539.130859375
10766_rust.jpg,rust,True,4000,2672,1.4970059880239521,556.6728515625
10767_rust.jpg,rust,True,4000,3000,1.3333333333333333,983.9150390625
10768_rust.jpg,rust,True,2592,1728,1.5,289.66796875
10769_rust.jpg,rust,True,4000,2672,1.4970059880239521,870.283203125
10770_rust.jpg,rust,True,4000,2672,1.4970059880239521,866.6123046875
10771_rust.jpg,rust,True,2592,1728,1.5,258.77734375
10772_rust.jpg,rust,True,4000,2672,1.4970059880239521,688.5869140625
10773_rust.jpg,rust,True,2592,1728,1.5,298.1728515625
10774_rust.jpg,rust,True,4000,2672,1.4970059880239521,798.3623046875
10775_rust.jpg,rust,True,4000,2672,1.4970059880239521,1034.720703125
10776_rust.jpg,rust,True,4000,2672,1.4970059880239521,953.88671875
10777_rust.jpg,rust,True,4000,2672,1.4970059880239521,778.4384765625
10778_rust.jpg,rust,True,4000,2672,1.4970059880239521,675.708984375
10779_rust.jpg,rust,True,2592,1728,1.5,236.16015625
10780_rust.jpg,rust,True,4000,2672,1.4970059880239521,898.189453125
10781_rust.jpg,rust,True,4000,2672,1.4970059880239521,743.927734375
10782_rust.jpg,rust,True,2592,1728,1.5,230.5419921875
10783_rust.jpg,rust,True,4000,2672,1.4970059880239521,883.55078125
10784_rust.jpg,rust,True,4000,2672,1.4970059880239521,971.3564453125
10785_rust.jpg,rust,True,4000,2672,1.4970059880239521,969.2724609375
10786_rust.jpg,rust,True,4608,3456,1.3333333333333333,1163.1474609375
10787_rust.jpg,rust,True,4000,2672,1.4970059880239521,732.9140625
10788_rust.jpg,rust,True,4032,3024,1.3333333333333333,1064.7255859375
10789_rust.jpg,rust,True,4000,2672,1.4970059880239521,523.1181640625
10790_rust.jpg,rust,True,4000,2672,1.4970059880239521,729.271484375
10791_rust.jpg,rust,True,2592,1728,1.5,269.8564453125
10792_rust.jpg,rust,True,5184,3456,1.5,905.6767578125
10793_rust.jpg,rust,True,4000,2672,1.4970059880239521,796.4697265625
10794_rust.jpg,rust,True,2592,1728,1.5,239.1552734375
10795_rust.jpg,rust,True,4000,3000,1.3333333333333333,1225.84375
10796_rust.jpg,rust,True,4000,2672,1.4970059880239521,796.7744140625
10797_rust.jpg,rust,True,4000,2672,1.4970059880239521,953.6181640625
10798_rust.jpg,rust,True,4000,2672,1.4970059880239521,932.939453125
10799_rust.jpg,rust,True,4000,2672,1.4970059880239521,770.2626953125
10800_rust.jpg,rust,True,2592,1728,1.5,228.0478515625
10801_rust.jpg,rust,True,4000,2672,1.4970059880239521,895.0166015625
10802_rust.jpg,rust,True,4000,2672,1.4970059880239521,779.46484375
10803_rust.jpg,rust,True,4032,3024,1.3333333333333333,1015.34375
10804_rust.jpg,rust,True,4000,2672,1.4970059880239521,852.4970703125
10805_rust.jpg,rust,True,4000,2672,1.4970059880239521,650.1640625
10806_rust.jpg,rust,True,2592,1728,1.5,307.482421875
10807_rust.jpg,rust,True,2592,1728,1.5,224.966796875
10808_rust.jpg,rust,True,2592,1728,1.5,296.0107421875
10809_rust.jpg,rust,True,4000,3000,1.3333333333333333,1061.802734375
10810_rust.jpg,rust,True,4608,3456,1.3333333333333333,1096.7109375
10811_rust.jpg,rust,True,4000,2672,1.4970059880239521,883.435546875
10812_rust.jpg,rust,True,5184,3456,1.5,1232.923828125
10813_rust.jpg,rust,True,4000,2672,1.4970059880239521,827.35546875
10814_rust.jpg,rust,True,4000,2672,1.4970059880239521,707.923828125
10815_rust.jpg,rust,True,4000,2672,1.4970059880239521,1001.9443359375
10816_rust.jpg,rust,True,4000,3000,1.3333333333333333,960.982421875
10817_rust.jpg,rust,True,2592,1728,1.5,232.7021484375
10818_rust.jpg,rust,True,4000,2672,1.4970059880239521,946.7236328125
10819_rust.jpg,rust,True,2592,1728,1.5,298.525390625
10820_rust.jpg,rust,True,2592,1728,1.5,254.19140625
10821_rust.jpg,rust,True,5184,3456,1.5,910.603515625
10822_rust.jpg,rust,True,4000,2672,1.4970059880239521,932.38671875
10823_rust.jpg,rust,True,2592,1728,1.5,211.6201171875
10824_rust.jpg,rust,True,4608,3456,1.3333333333333333,1229.4091796875
10825_rust.jpg,rust,True,4000,2672,1.4970059880239521,676.138671875
10826_rust.jpg,rust,True,4000,3000,1.3333333333333333,1036.9931640625
10827_rust.jpg,rust,True,2592,1728,1.5,290.5068359375
10828_rust.jpg,rust,True,2592,1728,1.5,277.767578125
10829_rust.jpg,rust,True,4000,2672,1.4970059880239521,793.7431640625
10830_rust.jpg,rust,True,4032,3024,1.3333333333333333,920.4716796875
10831_rust.jpg,rust,True,4608,3456,1.3333333333333333,1096.6767578125
10832_rust.jpg,rust,True,4000,2672,1.4970059880239521,924.892578125
10833_rust.jpg,rust,True,2592,1728,1.5,353.04296875
10834_rust.jpg,rust,True,4000,2672,1.4970059880239521,823.6162109375
10835_rust.jpg,rust,True,2592,1728,1.5,238.130859375
10836_rust.jpg,rust,True,2592,1728,1.5,267.74609375
10837_rust.jpg,rust,True,4000,2672,1.4970059880239521,666.615234375
10838_rust.jpg,rust,True,4000,2672,1.4970059880239521,755.541015625
10839_rust.jpg,rust,True,4000,2672,1.4970059880239521,856.2880859375
10840_rust.jpg,rust,True,2592,1728,1.5,349.1845703125
10841_rust.jpg,rust,True,4608,3456,1.3333333333333333,1315.02734375
10842_rust.jpg,rust,True,4000,2672,1.4970059880239521,714.4052734375
10843_rust.jpg,rust,True,2592,1728,1.5,312.931640625
10844_rust.jpg,rust,True,4000,2672,1.4970059880239521,563.6484375
10845_rust.jpg,rust,True,5184,3456,1.5,873.283203125
10846_rust.jpg,rust,True,2592,1728,1.5,313.517578125
10847_rust.jpg,rust,True,4000,2672,1.4970059880239521,869.8017578125
10848_rust.jpg,rust,True,2592,1728,1.5,294.287109375
10849_rust.jpg,rust,True,5184,3456,1.5,1469.0087890625
10850_rust.jpg,rust,True,5184,3456,1.5,1277.154296875
10851_rust.jpg,rust,True,4608,3456,1.3333333333333333,1467.3603515625
10852_rust.jpg,rust,True,2592,1728,1.5,260.91796875
10853_rust.jpg,rust,True,4000,2672,1.4970059880239521,815.3681640625
10854_rust.jpg,rust,True,2592,1728,1.5,283.552734375
10855_rust.jpg,rust,True,2592,1728,1.5,213.75
10856_rust.jpg,rust,True,2592,1728,1.5,296.7080078125
10857_rust.jpg,rust,True,4000,2672,1.4970059880239521,610.59375
10858_rust.jpg,rust,True,4000,2672,1.4970059880239521,969.494140625
10859_rust.jpg,rust,True,4000,2672,1.4970059880239521,1030.091796875
10860_rust.jpg,rust,True,4000,2672,1.4970059880239521,1052.5810546875
10861_rust.jpg,rust,True,4000,2672,1.4970059880239521,749.38671875
10862_rust.jpg,rust,True,5184,3456,1.5,947.6591796875
10863_rust.jpg,rust,True,2592,1728,1.5,248.541015625
10864_rust.jpg,rust,True,4000,2672,1.4970059880239521,912.3623046875
10865_rust.jpg,rust,True,2592,1728,1.5,291.7138671875
10866_rust.jpg,rust,True,4000,3000,1.3333333333333333,850.9375
10867_rust.jpg,rust,True,5184,3456,1.5,963.140625
10868_rust.jpg,rust,True,4000,2672,1.4970059880239521,607.4921875
10869_rust.jpg,rust,True,4000,2672,1.4970059880239521,687.1337890625
10870_rust.jpg,rust,True,5184,3456,1.5,1275.4912109375
10871_rust.jpg,rust,True,4000,2672,1.4970059880239521,715.060546875
10872_rust.jpg,rust,True,4032,3024,1.3333333333333333,751.1865234375
10873_rust.jpg,rust,True,4000,2672,1.4970059880239521,784.9365234375
10874_rust.jpg,rust,True,4000,2672,1.4970059880239521,892.4658203125
10875_rust.jpg,rust,True,4000,3000,1.3333333333333333,1050.9140625
10876_rust.jpg,rust,True,2592,1728,1.5,240.3779296875
10877_rust.jpg,rust,True,4000,2672,1.4970059880239521,898.8203125
10878_rust.jpg,rust,True,4000,2672,1.4970059880239521,856.7255859375
10879_rust.jpg,rust,True,4032,3024,1.3333333333333333,1347.857421875
10880_rust.jpg,rust,True,4000,2672,1.4970059880239521,626.4130859375
10881_rust.jpg,rust,True,5184,3456,1.5,1012.5048828125
10882_rust.jpg,rust,True,2592,1728,1.5,337.4560546875
10883_rust.jpg,rust,True,2592,1728,1.5,213.501953125
10884_rust.jpg,rust,True,2592,1728,1.5,248.1318359375
10885_rust.jpg,rust,True,2592,1728,1.5,202.4521484375
10886_rust.jpg,rust,True,5184,3456,1.5,800.66015625
10887_rust.jpg,rust,True,4000,2672,1.4970059880239521,823.439453125
10888_rust.jpg,rust,True,4608,3456,1.3333333333333333,1003.11328125
10889_rust.jpg,rust,True,2592,1728,1.5,295.791015625
10890_rust.jpg,rust,True,4032,3024,1.3333333333333333,1204.0576171875
10891_rust.jpg,rust,True,4032,3024,1.3333333333333333,1202.28515625
10892_rust.jpg,rust,True,2592,1728,1.5,290.9990234375
10893_rust.jpg,rust,True,2592,1728,1.5,201.685546875
10894_rust.jpg,rust,True,2592,1728,1.5,320.328125
10895_rust.jpg,rust,True,4032,3024,1.3333333333333333,1248.4775390625
10896_rust.jpg,rust,True,2592,1728,1.5,336.1181640625
10897_rust.jpg,rust,True,4000,2672,1.4970059880239521,645.609375
10898_rust.jpg,rust,True,4000,2672,1.4970059880239521,895.640625
10899_rust.jpg,rust,True,4000,2672,1.4970059880239521,840.544921875
10900_rust.jpg,rust,True,2592,1728,1.5,232.8359375
10901_rust.jpg,rust,True,2592,1728,1.5,265.7666015625
10902_rust.jpg,rust,True,5184,3456,1.5,779.0556640625
10903_rust.jpg,rust,True,4000,3000,1.3333333333333333,1091.6513671875
10904_rust.jpg,rust,True,4608,3456,1.3333333333333333,1403.919921875
10905_rust.jpg,rust,True,4000,2672,1.4970059880239521,711.365234375
10906_rust.jpg,rust,True,2592,1728,1.5,262.80078125
10907_rust.jpg,rust,True,2592,1728,1.5,408.4189453125
10908_rust.jpg,rust,True,2592,1728,1.5,246.31640625
10909_rust.jpg,rust,True,2592,1728,1.5,261.400390625
10910_rust.jpg,rust,True,2592,1728,1.5,439.853515625
10911_rust.jpg,rust,True,4000,2672,1.4970059880239521,671.677734375
10912_rust.jpg,rust,True,2592,1728,1.5,284.0947265625
10913_rust.jpg,rust,True,4608,3456,1.3333333333333333,1119.1748046875
10914_rust.jpg,rust,True,4000,2672,1.4970059880239521,897.4189453125
10915_rust.jpg,rust,True,2592,1728,1.5,238.2958984375
10916_rust.jpg,rust,True,2592,1728,1.5,204.4345703125
10917_rust.jpg,rust,True,2592,1728,1.5,241.4052734375
10918_rust.jpg,rust,True,5184,3456,1.5,1288.771484375
10919_rust.jpg,rust,True,4608,3456,1.3333333333333333,1664.9521484375
10920_rust.jpg,rust,True,2592,1728,1.5,242.2978515625
10921_rust.jpg,rust,True,4000,3000,1.3333333333333333,1103.7939453125
10922_rust.jpg,rust,True,4000,2672,1.4970059880239521,929.6259765625
10923_rust.jpg,rust,True,2592,1728,1.5,307.6484375
10924_rust.jpg,rust,True,4000,2672,1.4970059880239521,1085.6025390625
10925_rust.jpg,rust,True,2592,1728,1.5,230.5185546875
10926_rust.jpg,rust,True,4000,2672,1.4970059880239521,900.142578125
10927_rust.jpg,rust,True,4000,2672,1.4970059880239521,1067.0625
10928_rust.jpg,rust,True,4000,2672,1.4970059880239521,772.9609375
10929_rust.jpg,rust,True,4000,2672,1.4970059880239521,994.248046875
10930_rust.jpg,rust,True,4000,2672,1.4970059880239521,809.0625
10931_rust.jpg,rust,True,5184,3456,1.5,963.43359375
10932_rust.jpg,rust,True,2592,1728,1.5,254.7138671875
10933_rust.jpg,rust,True,2592,1728,1.5,340.849609375
10934_rust.jpg,rust,True,4000,2672,1.4970059880239521,685.62109375
10935_rust.jpg,rust,True,4000,2672,1.4970059880239521,745.376953125
10936_rust.jpg,rust,True,4000,2672,1.4970059880239521,720.65625
10937_rust.jpg,rust,True,2592,1728,1.5,227.0791015625
10938_rust.jpg,rust,True,2592,1728,1.5,270.1005859375
10939_rust.jpg,rust,True,2592,1728,1.5,289.8134765625
10940_rust.jpg,rust,True,2592,1728,1.5,233.5830078125
10941_rust.jpg,rust,True,5184,3456,1.5,831.892578125
10942_rust.jpg,rust,True,2592,1728,1.5,363.84765625
10943_rust.jpg,rust,True,2592,1728,1.5,365.80078125
10944_rust.jpg,rust,True,4000,2672,1.4970059880239521,865.8486328125
10945_rust.jpg,rust,True,2592,1728,1.5,235.6640625
10946_rust.jpg,rust,True,2592,1728,1.5,276.1845703125
10947_rust.jpg,rust,True,2592,1728,1.5,300.1982421875
10948_rust.jpg,rust,True,4000,2672,1.4970059880239521,792.05078125
10949_rust.jpg,rust,True,2592,1728,1.5,262.1572265625
10950_rust.jpg,rust,True,2592,1728,1.5,348.0068359375
10951_rust.jpg,rust,True,2592,1728,1.5,253.6357421875
10952_rust.jpg,rust,True,5184,3456,1.5,1183.599609375
10953_rust.jpg,rust,True,4000,2672,1.4970059880239521,1011.671875
10954_rust.jpg,rust,True,4000,2672,1.4970059880239521,726.7763671875
10955_rust.jpg,rust,True,2592,1728,1.5,389.330078125
10956_rust.jpg,rust,True,2592,1728,1.5,349.7421875
10957_rust.jpg,rust,True,4608,3456,1.3333333333333333,1196.7412109375
10958_rust.jpg,rust,True,4000,2672,1.4970059880239521,879.375
10959_rust.jpg,rust,True,4608,3456,1.3333333333333333,1071.9755859375
10960_rust.jpg,rust,True,2592,1728,1.5,289.806640625
10961_rust.jpg,rust,True,4032,3024,1.3333333333333333,1305.005859375
10962_rust.jpg,rust,True,2592,1728,1.5,320.5654296875
10963_rust.jpg,rust,True,2592,1728,1.5,256.880859375
10964_rust.jpg,rust,True,4000,3000,1.3333333333333333,1060.6435546875
10965_rust.jpg,rust,True,4000,2672,1.4970059880239521,1107.2744140625
10966_rust.jpg,rust,True,2592,1728,1.5,316.458984375
10967_rust.jpg,rust,True,4608,3456,1.3333333333333333,1417.2958984375
10968_rust.jpg,rust,True,2592,1728,1.5,365.779296875
10969_rust.jpg,rust,True,2592,1728,1.5,300.7373046875
10970_rust.jpg,rust,True,5184,3456,1.5,1071.4189453125
10971_rust.jpg,rust,True,2592,1728,1.5,272.3310546875
10972_rust.jpg,rust,True,4000,2672,1.4970059880239521,1010.5791015625
10973_rust.jpg,rust,True,2592,1728,1.5,263.7353515625
10974_rust.jpg,rust,True,5184,3456,1.5,1285.9228515625
10975_rust.jpg,rust,True,5184,3456,1.5,1202.2265625
10976_rust.jpg,rust,True,2592,1728,1.5,233.2958984375
10977_rust.jpg,rust,True,5184,3456,1.5,1071.1533203125
10978_rust.jpg,rust,True,4000,2672,1.4970059880239521,739.486328125
10979_rust.jpg,rust,True,4000,2672,1.4970059880239521,959.1142578125
10980_rust.jpg,rust,True,2592,1728,1.5,275.244140625
10981_rust.jpg,rust,True,4000,2672,1.4970059880239521,831.919921875
10982_rust.jpg,rust,True,4000,2672,1.4970059880239521,943.2333984375
10983_rust.jpg,rust,True,2592,1728,1.5,212.1962890625
10984_rust.jpg,rust,True,4000,2672,1.4970059880239521,754.2685546875
10985_rust.jpg,rust,True,5184,3456,1.5,904.55859375
10986_rust.jpg,rust,True,2592,1728,1.5,288.521484375
10987_rust.jpg,rust,True,4608,3456,1.3333333333333333,1322.83203125
10988_rust.jpg,rust,True,4000,3000,1.3333333333333333,987.298828125
10989_rust.jpg,rust,True,2592,1728,1.5,276.3564453125
10990_rust.jpg,rust,True,2592,1728,1.5,309.341796875
10991_rust.jpg,rust,True,2592,1728,1.5,202.9384765625
10992_rust.jpg,rust,True,2592,1728,1.5,207.828125
10993_rust.jpg,rust,True,2592,1728,1.5,254.9453125
10994_rust.jpg,rust,True,2592,1728,1.5,228.2216796875
10995_rust.jpg,rust,True,2592,1728,1.5,312.04296875
10996_rust.jpg,rust,True,2592,1728,1.5,408.3056640625
10997_rust.jpg,rust,True,2592,1728,1.5,292.8623046875
10998_rust.jpg,rust,True,4000,2672,1.4970059880239521,988.9931640625
10999_rust.jpg,rust,True,4608,3456,1.3333333333333333,1237.255859375
11000_rust.jpg,rust,True,4608,3456,1.3333333333333333,1207.9013671875
11001_rust.jpg,rust,True,4000,2672,1.4970059880239521,644.482421875
11002_rust.jpg,rust,True,4000,2672,1.4970059880239521,605.3798828125
11003_rust.jpg,rust,True,2592,1728,1.5,293.390625
11004_rust.jpg,rust,True,4000,2672,1.4970059880239521,852.2568359375
11005_rust.jpg,rust,True,4000,2672,1.4970059880239521,953.7568359375
11006_rust.jpg,rust,True,4000,2672,1.4970059880239521,1001.83203125
11007_rust.jpg,rust,True,4000,2672,1.4970059880239521,1074.015625
11008_rust.jpg,rust,True,4000,2672,1.4970059880239521,884.8369140625
11009_rust.jpg,rust,True,4000,2672,1.4970059880239521,838.5673828125
11010_rust.jpg,rust,True,2592,1728,1.5,399.23828125
11011_rust.jpg,rust,True,2592,1728,1.5,394.21875
11012_rust.jpg,rust,True,4608,3456,1.3333333333333333,1457.3564453125
11013_rust.jpg,rust,True,2592,1728,1.5,237.486328125
11014_rust.jpg,rust,True,2592,1728,1.5,204.623046875
11015_rust.jpg,rust,True,5184,3456,1.5,896.408203125
11016_rust.jpg,rust,True,2592,1728,1.5,350.81640625
11017_rust.jpg,rust,True,2592,1728,1.5,264.9912109375
11018_rust.jpg,rust,True,4000,2672,1.4970059880239521,770.95703125
11019_rust.jpg,rust,True,4000,2672,1.4970059880239521,928.294921875
11020_rust.jpg,rust,True,2592,1728,1.5,159.703125
11021_rust.jpg,rust,True,4032,3024,1.3333333333333333,1117.8515625
11022_rust.jpg,rust,True,2592,1728,1.5,291.8828125
11023_rust.jpg,rust,True,2592,1728,1.5,255.6767578125
11024_rust.jpg,rust,True,2592,1728,1.5,284.080078125
11025_rust.jpg,rust,True,5184,3456,1.5,1017.9091796875
11026_rust.jpg,rust,True,2592,1728,1.5,321.642578125
11027_rust.jpg,rust,True,5184,3456,1.5,1047.125
11028_rust.jpg,rust,True,2592,1728,1.5,347.291015625
11029_rust.jpg,rust,True,4000,2672,1.4970059880239521,783.787109375
11030_rust.jpg,rust,True,2592,1728,1.5,310.599609375
11031_rust.jpg,rust,True,4000,2672,1.4970059880239521,1020.3984375
11032_rust.jpg,rust,True,4000,2672,1.4970059880239521,1036.7900390625
11033_rust.jpg,rust,True,2592,1728,1.5,275.697265625
11034_rust.jpg,rust,True,4000,2672,1.4970059880239521,757.0146484375
11035_rust.jpg,rust,True,4000,2672,1.4970059880239521,1044.5576171875
11036_rust.jpg,rust,True,2592,1728,1.5,251.92578125
11037_rust.jpg,rust,True,2592,1728,1.5,335.2705078125
11038_rust.jpg,rust,True,4608,3456,1.3333333333333333,1411.111328125
11039_rust.jpg,rust,True,2592,1728,1.5,324.623046875
11040_rust.jpg,rust,True,4608,3456,1.3333333333333333,1258.6904296875
11041_rust.jpg,rust,True,2592,1728,1.5,249.9814453125
11042_rust.jpg,rust,True,5184,3456,1.5,857.0986328125
11043_rust.jpg,rust,True,5184,3456,1.5,811.578125
11044_rust.jpg,rust,True,2592,1728,1.5,201.4755859375
11045_rust.jpg,rust,True,4000,2672,1.4970059880239521,721.2119140625
11046_rust.jpg,rust,True,2592,1728,1.5,236.1865234375
11047_rust.jpg,rust,True,4000,2672,1.4970059880239521,790.2275390625
11048_rust.jpg,rust,True,4000,2672,1.4970059880239521,946.8544921875
11049_rust.jpg,rust,True,2592,1728,1.5,303.5185546875
11050_rust.jpg,rust,True,4608,3456,1.3333333333333333,1250.736328125
11051_rust.jpg,rust,True,2592,1728,1.5,241.2431640625
11052_rust.jpg,rust,True,4000,2672,1.4970059880239521,839.45703125
11053_rust.jpg,rust,True,2592,1728,1.5,269.1962890625
