split,file,leaf_idx,leaf_class_name,leaf_area,lesion_area,lesion_count,severity_pct,bbox_x1,bbox_y1,bbox_x2,bbox_y2
train,00001_frog_eye_leaf_spot_jpg.rf.806a4e55716bb6c2867fb0b5d91625f0.jpg,0,frog-eye-leaf-spot,1901657.6659999788,39163.0,5,2.0594137788415403,757.0,560.0,2438.0,2126.0
train,00002_frog_eye_leaf_spot_jpg.rf.86ba81c9c485f1b7bae660b9c159e372.jpg,0,frog-eye-leaf-spot,4239662.666999996,19537.0,7,0.4608149641731867,170.0,235.00000000000003,2933.0,2384.0
train,00002_frog_eye_leaf_spot_jpg.rf.86ba81c9c485f1b7bae660b9c159e372.jpg,1,frog-eye-leaf-spot,1159992.7889999747,2322.5,1,0.2002167618647197,1928.0,1946.0,3999.0,2671.0
train,00003_frog_eye_leaf_spot_jpg.rf.9ea9e8a1bf55912cf436ac51f4cc7d3c.jpg,0,frog-eye-leaf-spot,4802076.5,39196.5,4,0.816240640897745,262.0,128.0,3213.0,2411.0
train,00004_frog_eye_leaf_spot_jpg.rf.44759921f9dee5a1300ca6b0d108b899.jpg,0,frog-eye-leaf-spot,3888343.25,22402.75,4,0.5761515524638932,487.0,360.0,3006.0,2334.0
train,00005_frog_eye_leaf_spot_jpg.rf.44ce7a6495450428c4ef8ccdac5fda95.jpg,0,frog-eye-leaf-spot,5030925.955499977,7234.0,2,0.1437906274905825,134.0,0.0,3574.0,2236.0
train,00006_frog_eye_leaf_spot_jpg.rf.4b746cfab59b3660328b5560f7ddce87.jpg,0,frog-eye-leaf-spot,2378793.5,43536.5,3,1.8301924904368538,1218.0,241.0,3513.0,1845.0
train,00006_frog_eye_leaf_spot_jpg.rf.4b746cfab59b3660328b5560f7ddce87.jpg,1,frog-eye-leaf-spot,950333.5,50785.0,3,5.3439134787945495,65.0,1277.0,1343.0,2491.0
train,00007_frog_eye_leaf_spot_jpg.rf.e4592b4dd00e58eea06aa8ea66020451.jpg,0,frog-eye-leaf-spot,3146177.5,130049.5,5,4.133571611900473,664.0,444.0,3392.0,2123.0
train,00007_frog_eye_leaf_spot_jpg.rf.e4592b4dd00e58eea06aa8ea66020451.jpg,1,frog-eye-leaf-spot,440210.25,58436.5,1,13.27467954233233,0.0,7.0,462.0,1368.0
train,00008_frog_eye_leaf_spot_jpg.rf.d5f2b374e7e1fcae9f152ffe44dd78a7.jpg,0,frog-eye-leaf-spot,3739756.5,63418.6679999996,12,1.6957967183157405,1069.0,178.99999999999997,3685.0,2111.0
train,00009_frog_eye_leaf_spot_jpg.rf.55071c9cf25884b392ea758324b8d76c.jpg,0,frog-eye-leaf-spot,2458847.5,80542.0,8,3.2755996457690038,623.0,691.0,3161.0,2262.0
train,00010_frog_eye_leaf_spot_jpg.rf.e7890eb2e70d7a2aaca79573f411b83c.jpg,0,frog-eye-leaf-spot,6700254.0,14477.5,9,0.21607389809401256,215.0,7.0,3492.0,2663.0
train,00011_frog_eye_leaf_spot_jpg.rf.bcdea06c432ba2753d3e6f31c4c21323.jpg,0,frog-eye-leaf-spot,2631379.5,19972.0,2,0.758993524119193,746.0,307.0,2962.0,2255.0
train,00012_frog_eye_leaf_spot_jpg.rf.8b59079062fbb235fcc398680e81b75b.jpg,0,frog-eye-leaf-spot,5216312.914500058,66208.0,11,1.2692490095055102,467.0,103.0,3646.0,2500.0
train,00013_frog_eye_leaf_spot_jpg.rf.670760f81712542fa52468193a3da28a.jpg,0,frog-eye-leaf-spot,2278433.1689999998,32622.0,4,1.4317733977827287,1168.0,158.0,2784.0,2180.0
train,00014_frog_eye_leaf_spot_jpg.rf.16357a8b2dce552ae36383f3f6095929.jpg,0,frog-eye-leaf-spot,5389859.5,23153.5,5,0.42957520506796143,494.0,139.0,3582.0,2501.0
train,00016_frog_eye_leaf_spot_jpg.rf.819888c4ebcb5ad36404f7f6358bebf1.jpg,0,frog-eye-leaf-spot,3457203.0,9760.5,1,0.2823236008993397,825.0,569.0,3338.0,2517.0
train,00017_frog_eye_leaf_spot_jpg.rf.dd4b23a0492e872557b6452af66cb7d9.jpg,0,frog-eye-leaf-spot,3426628.0,34830.0,3,1.0164511583982854,548.0,506.0,3978.0,2461.0
train,00018_frog_eye_leaf_spot_jpg.rf.1de11ffc3c9e8f0c17b3a15035404f72.jpg,0,frog-eye-leaf-spot,2156120.502499938,6909.5,1,0.32045982550551805,1779.0,878.0,3944.0,2453.0
train,00019_frog_eye_leaf_spot_jpg.rf.bc554f9404951ab91f50a05b4af42c13.jpg,0,frog-eye-leaf-spot,3827388.25,118335.16849999875,10,3.09179944051923,251.0,535.0,3036.0,2308.0
train,00020_frog_eye_leaf_spot_jpg.rf.d34be1c4f7d78c5b153683ad29ed4b09.jpg,0,frog-eye-leaf-spot,5271097.171499968,75709.5,25,1.4363138742603707,419.0,111.0,3596.0,2423.0
train,00021_frog_eye_leaf_spot_jpg.rf.55459879607cf35786b670c190e2756e.jpg,0,frog-eye-leaf-spot,3886178.399999976,54684.5,2,1.4071536190927398,766.0,638.0,3726.0,2534.0
train,00022_frog_eye_leaf_spot_jpg.rf.d5c4c64b8445169e44b53a5713cfde33.jpg,0,frog-eye-leaf-spot,2841899.664499998,69147.0,1,2.4331260129891206,97.0,881.0,2868.0,2422.0
train,00023_frog_eye_leaf_spot_jpg.rf.243b71685cb4e37133acf716e0bec103.jpg,0,frog-eye-leaf-spot,4385030.666000009,78643.5,8,1.7934538202839525,76.0,8.0,3000.0,2311.0
train,00024_frog_eye_leaf_spot_jpg.rf.567ced8328567c31d5c3438bfac92d5c.jpg,0,frog-eye-leaf-spot,1779346.0,59676.0,2,3.353816514607052,534.0,726.0,2335.0,2006.0
train,00025_frog_eye_leaf_spot_jpg.rf.805f4eea86d3edc7cbf4ffe44b261bc5.jpg,0,frog-eye-leaf-spot,6511784.599999994,21292.5,1,0.32698409588056737,72.0,177.0,3985.0,2629.0
train,00026_frog_eye_leaf_spot_jpg.rf.dd9aceb3c783e0794e50e24ce8590b3e.jpg,0,frog-eye-leaf-spot,3095315.5211080015,38230.0,11,1.2350921816951042,951.0,416.0,3268.0,2267.0
train,00027_frog_eye_leaf_spot_jpg.rf.b449b9104c34b514300bac659acfb38e.jpg,0,frog-eye-leaf-spot,3198853.0,6688.0,1,0.20907494029891338,477.0,520.0,3251.0,2120.0
train,00028_frog_eye_leaf_spot_jpg.rf.8b351158640fe11478cbd835c44d7abb.jpg,0,frog-eye-leaf-spot,2173894.5795000196,10604.5,1,0.4878111431897935,712.0,743.9999999999999,2726.0,2300.0
train,00029_frog_eye_leaf_spot_jpg.rf.d5a6161a1799f12a1c8ae8dfb20b55d7.jpg,0,frog-eye-leaf-spot,2090832.5,20523.5,1,0.981594651891053,1141.0,506.0,2779.0,2201.0
train,00030_frog_eye_leaf_spot_jpg.rf.3831fe7523dda115e51ac1b999b0ef91.jpg,0,frog-eye-leaf-spot,7918065.0,186559.66449999996,20,2.356126964100446,404.0,0.0,3999.0,2663.0
train,00031_frog_eye_leaf_spot_jpg.rf.a55e462e91cd811712b354522319f115.jpg,0,frog-eye-leaf-spot,3033928.502999991,232813.1640000008,9,7.673653606859617,809.0,295.0,2978.0,2255.0
train,00032_frog_eye_leaf_spot_jpg.rf.68c81156688bd6ced7b0ef941e2c46fd.jpg,0,frog-eye-leaf-spot,5659361.844999999,17315.0,2,0.30595322360060195,0.0,0.0,3679.0,1958.0
train,00033_frog_eye_leaf_spot_jpg.rf.cddea9469bc92f958e4d451d3913b053.jpg,0,frog-eye-leaf-spot,2032244.997999996,36415.0,1,1.7918607272173035,863.0,396.0,2787.0,1965.0000000000002
train,00034_frog_eye_leaf_spot_jpg.rf.cbaa99bbd414e671a89a925eb2cc7f54.jpg,0,frog-eye-leaf-spot,5020315.764618993,25508.5,4,0.508105489693952,293.0,422.0,3899.0,2400.0
train,00035_frog_eye_leaf_spot_jpg.rf.c6645dc5dd6972523e883614d63b776b.jpg,0,frog-eye-leaf-spot,3514902.8180000186,25003.0,2,0.7113425689028501,0.0,480.0,3036.0,2140.0
train,00035_frog_eye_leaf_spot_jpg.rf.c6645dc5dd6972523e883614d63b776b.jpg,1,frog-eye-leaf-spot,621982.875,82947.25,1,13.335937906650566,0.0,0.0,1183.0,859.0
train,00036_frog_eye_leaf_spot_jpg.rf.91d8c756c84f443626f2fc43e23ae71a.jpg,0,frog-eye-leaf-spot,1186442.75,43689.5,4,3.6823942832471266,1209.0,308.0,2505.0,1798.0000000000002
train,00037_frog_eye_leaf_spot_jpg.rf.e5a95801b20f558bf1778b70ff37ccea.jpg,0,frog-eye-leaf-spot,3314340.463500023,0.0,0,0.0,743.0,463.00000000000006,3500.0,2211.0
train,00037_frog_eye_leaf_spot_jpg.rf.e5a95801b20f558bf1778b70ff37ccea.jpg,1,frog-eye-leaf-spot,60403.0,0.0,0,0.0,1443.0,752.0,1873.0,982.0000000000001
train,00038_frog_eye_leaf_spot_jpg.rf.7df2b85c4b4a8d95288a0fd381bb28ad.jpg,0,frog-eye-leaf-spot,2371826.9235000014,1435.5,1,0.06052296589507026,50.0,321.0,1727.0,2557.0
train,00038_frog_eye_leaf_spot_jpg.rf.7df2b85c4b4a8d95288a0fd381bb28ad.jpg,1,frog-eye-leaf-spot,3858963.435147524,28381.5,3,0.7354695237975223,1149.0,0.0,3420.0,2200.0
train,00039_frog_eye_leaf_spot_jpg.rf.f3df891535935ddfff5d052e397bcb75.jpg,0,frog-eye-leaf-spot,2661284.5,16306.5,1,0.6127304314890046,1407.0,684.0,3999.0,2386.0
train,00040_frog_eye_leaf_spot_jpg.rf.e148a0775d1e048c8cafb0726ea1c4ca.jpg,0,frog-eye-leaf-spot,2063928.5,16029.5,5,0.7766499663142401,1302.0,285.0,3350.0,2183.0
train,00040_frog_eye_leaf_spot_jpg.rf.e148a0775d1e048c8cafb0726ea1c4ca.jpg,1,frog-eye-leaf-spot,1140885.500500001,11913.5,4,1.0442327468250605,570.0,0.0,1718.0,1898.0
train,00041_frog_eye_leaf_spot_jpg.rf.6d6ce1d4bafb61faecb1b014b89441e0.jpg,0,frog-eye-leaf-spot,4066435.0,9182.5,1,0.2258120442107153,815.0,189.0,3680.0,2214.0
train,00042_frog_eye_leaf_spot_jpg.rf.0c1b76407c6e797e518790843cb0c2d4.jpg,0,frog-eye-leaf-spot,5215904.0,66022.0,5,1.2657824990644,329.0,157.0,3773.0,2585.0
train,00043_frog_eye_leaf_spot_jpg.rf.d4eca69afc448048f734ae96572aab40.jpg,0,frog-eye-leaf-spot,4206394.5,86025.0,4,2.045100620020305,411.0,447.0,3277.0,2392.0
train,00044_frog_eye_leaf_spot_jpg.rf.db630e7e801b4cf10855db6e502718b1.jpg,0,frog-eye-leaf-spot,5381754.5,12920.0,5,0.24007040826555726,438.0,9.0,3234.0,2664.0
train,00045_frog_eye_leaf_spot_jpg.rf.d2a187c3fe3a8f1b05bd4ab4b76ddf45.jpg,0,frog-eye-leaf-spot,1322561.0,24856.0,4,1.8793840132893682,871.0,509.0,2668.0,1538.0
train,00045_frog_eye_leaf_spot_jpg.rf.d2a187c3fe3a8f1b05bd4ab4b76ddf45.jpg,1,frog-eye-leaf-spot,946399.0,4150.5,1,0.4385570990670954,2669.0,104.0,3960.0,1252.0
train,00046_frog_eye_leaf_spot_jpg.rf.961095af844d805779cab639b3bbb295.jpg,0,frog-eye-leaf-spot,5748938.543499947,75151.0,4,1.307215226452015,253.0,116.0,3698.0,2493.0
train,00047_frog_eye_leaf_spot_jpg.rf.fbfa707ada8892d9674d26b4501f6f2f.jpg,0,frog-eye-leaf-spot,2363636.25,44276.0,8,1.873215474673821,1324.0,460.0,3029.0,2416.0
train,00048_frog_eye_leaf_spot_jpg.rf.0f0d8ce76f72bcacb7ecd57aab00f007.jpg,0,frog-eye-leaf-spot,4769239.5,14911.0,6,0.3126494276498381,424.0,279.0,3542.0,2271.0
train,00048_frog_eye_leaf_spot_jpg.rf.0f0d8ce76f72bcacb7ecd57aab00f007.jpg,1,frog-eye-leaf-spot,1031830.5,65838.5,7,6.380747613101183,0.0,1094.0,1801.0,2671.0
train,00048_frog_eye_leaf_spot_jpg.rf.0f0d8ce76f72bcacb7ecd57aab00f007.jpg,2,frog-eye-leaf-spot,628367.5,4080.5,3,0.6493811344475964,2527.0,0.0,3999.0,661.0
train,00048_frog_eye_leaf_spot_jpg.rf.0f0d8ce76f72bcacb7ecd57aab00f007.jpg,3,frog-eye-leaf-spot,801978.0,9205.5,3,1.1478494422540269,0.0,0.0,2188.0,624.0
train,00049_frog_eye_leaf_spot_jpg.rf.d344e0ff44f22644a3ec6bed055c1e8a.jpg,0,frog-eye-leaf-spot,3869791.5,4347.5,1,0.11234455396369546,627.0,8.0,3837.0,1880.0000000000002
train,00050_frog_eye_leaf_spot_jpg.rf.9ea86585758ad677ac10c90d2764412c.jpg,0,frog-eye-leaf-spot,3307377.75,53333.5,8,1.6125614922577258,501.0,603.0,3999.0,2340.0
train,00051_frog_eye_leaf_spot_jpg.rf.6770c4745a8ec47886d809b3463b85cd.jpg,0,frog-eye-leaf-spot,1998827.5,21049.5,5,1.0530923754050812,847.0,434.0,2554.0,2353.0
train,00052_frog_eye_leaf_spot_jpg.rf.c34d5f5c2377d1f6b43db6137bb89a19.jpg,0,frog-eye-leaf-spot,4088964.0,20872.0,1,0.5104471450470095,1004.9999999999999,481.0,3963.0,2563.0
train,00053_frog_eye_leaf_spot_jpg.rf.5f86df4397b0d22b03bf91ad4c126b24.jpg,0,frog-eye-leaf-spot,5466194.5,65211.5,26,1.1929963341041012,38.0,274.0,3339.0,2500.0
train,00053_frog_eye_leaf_spot_jpg.rf.5f86df4397b0d22b03bf91ad4c126b24.jpg,1,frog-eye-leaf-spot,303083.5,7671.5,3,2.531150656502251,302.0,0.0,1000.9999999999999,632.0
train,00054_frog_eye_leaf_spot_jpg.rf.ce429d41880f1851c1d63b769cc816db.jpg,0,frog-eye-leaf-spot,3891081.0,42601.5,8,1.094849991557616,164.0,549.0,3311.0,2377.0
train,00055_frog_eye_leaf_spot_jpg.rf.b329d026642a3940bd0639408bbf7fdf.jpg,0,frog-eye-leaf-spot,4989400.0,9777.0,1,0.19595542550206438,623.0,135.0,3656.0,2396.0
train,00056_frog_eye_leaf_spot_jpg.rf.988c7f0d2dd4d47d0a18325f45c6f647.jpg,0,frog-eye-leaf-spot,4998893.5,227630.49999999907,9,4.553617715600444,405.0,176.00000000000003,3619.0,2387.0
train,00057_frog_eye_leaf_spot_jpg.rf.7e9d9d3a37179c5d094e7f4a4cf97ca5.jpg,0,frog-eye-leaf-spot,3051780.5,11668.75,3,0.382358757453231,381.0,896.0,3858.0,2365.0
train,00058_frog_eye_leaf_spot_jpg.rf.ae2cae5fec88ce8286b38f0fe5caf8f8.jpg,0,frog-eye-leaf-spot,5149005.5,79213.25,12,1.5384184382790036,544.0,0.0,3297.0,2596.0
train,00058_frog_eye_leaf_spot_jpg.rf.ae2cae5fec88ce8286b38f0fe5caf8f8.jpg,1,frog-eye-leaf-spot,707105.5,16256.0,2,2.298949732394954,804.0,2084.0,2927.0,2671.0
train,00059_frog_eye_leaf_spot_jpg.rf.42d0e9da5dbf368820b2124ac6ed37eb.jpg,0,frog-eye-leaf-spot,6009991.5,69031.25,9,1.148608113672041,549.0,6.0,3479.0,2606.0
train,00060_frog_eye_leaf_spot_jpg.rf.624423d66fbde787aaf71a77d8159664.jpg,0,frog-eye-leaf-spot,4984383.0,6901.5,1,0.13846247369032436,447.0,202.0,3461.0,2558.0
train,00062_frog_eye_leaf_spot_jpg.rf.b669409a1c54daa6d78b9d5daebfa728.jpg,0,frog-eye-leaf-spot,2666009.5,66950.50049999915,4,2.5112626380363294,339.0,327.0,2537.0,1914.0
train,00063_frog_eye_leaf_spot_jpg.rf.4ddedd4dd35a58f018de5dee3611a1ca.jpg,0,frog-eye-leaf-spot,5566101.5,201203.000500001,17,3.6147921574912174,709.0,0.0,3445.0,2625.0
train,00064_frog_eye_leaf_spot_jpg.rf.9613b9fca76bba57a24987e56fcf2333.jpg,0,frog-eye-leaf-spot,3722191.0,36947.5,9,0.9926277292057286,854.0,277.0,3629.0,2155.0
train,00065_frog_eye_leaf_spot_jpg.rf.e33e00b76a2ea3d10e96aa735fc7df33.jpg,0,frog-eye-leaf-spot,4734107.0,44275.99949999992,9,0.9352555719589759,0.0,334.0,3682.0,2374.0
train,00065_frog_eye_leaf_spot_jpg.rf.e33e00b76a2ea3d10e96aa735fc7df33.jpg,1,frog-eye-leaf-spot,5555.5,0.0,0,0.0,3449.0,1243.0,3553.0,1314.0
train,00066_frog_eye_leaf_spot_jpg.rf.f773b7182007a18ba6edf46d419bbeab.jpg,0,frog-eye-leaf-spot,4490089.5,69319.91600000113,9,1.5438426338717999,473.0,275.0,3398.0,2336.0
train,00066_frog_eye_leaf_spot_jpg.rf.f773b7182007a18ba6edf46d419bbeab.jpg,1,frog-eye-leaf-spot,437349.5,5463.166499999352,1,1.2491534802256208,0.0,448.0,692.0,1374.0
train,00066_frog_eye_leaf_spot_jpg.rf.f773b7182007a18ba6edf46d419bbeab.jpg,2,frog-eye-leaf-spot,380844.0,38106.5,7,10.005802900925314,0.0,0.0,768.0,664.0
train,00066_frog_eye_leaf_spot_jpg.rf.f773b7182007a18ba6edf46d419bbeab.jpg,3,frog-eye-leaf-spot,132633.5,4423.0,1,3.3347532863115275,0.0,2346.0,604.0,2671.0
train,00066_frog_eye_leaf_spot_jpg.rf.f773b7182007a18ba6edf46d419bbeab.jpg,4,frog-eye-leaf-spot,284808.5,5599.5,1,1.9660578950417562,3417.0,2069.0,3999.0,2671.0
train,00067_frog_eye_leaf_spot_jpg.rf.585196ebedb33ef7981704bd48325894.jpg,0,frog-eye-leaf-spot,4375119.5,13917.5,1,0.31810559688712503,575.0,279.0,3257.0,2612.0
train,00067_frog_eye_leaf_spot_jpg.rf.585196ebedb33ef7981704bd48325894.jpg,1,frog-eye-leaf-spot,178834.0,8467.5,3,4.734837894360133,1872.0,0.0,2788.0,364.0
train,00068_frog_eye_leaf_spot_jpg.rf.d1619f8479c3198dceba7aec2f47a2f4.jpg,0,frog-eye-leaf-spot,3539916.5,65735.66700000037,5,1.8569835474932916,576.0,132.0,2661.0,2352.0
train,00069_frog_eye_leaf_spot_jpg.rf.13a978ecc39de431304013fdb3a2c8e0.jpg,0,frog-eye-leaf-spot,4591659.5,20334.0,3,0.4428464262212823,413.0,87.0,3406.0,2297.0
train,00070_frog_eye_leaf_spot_jpg.rf.5156434754bbb971793958b7f7f6ff28.jpg,0,frog-eye-leaf-spot,3432065.5,45680.5,4,1.3309914976855775,1124.0,152.0,3157.0,2480.0
train,00070_frog_eye_leaf_spot_jpg.rf.5156434754bbb971793958b7f7f6ff28.jpg,1,frog-eye-leaf-spot,2253578.0,34202.0,3,1.5176754476658896,0.0,672.0,1340.0,2665.0
train,00070_frog_eye_leaf_spot_jpg.rf.5156434754bbb971793958b7f7f6ff28.jpg,2,frog-eye-leaf-spot,232558.0,13881.0,1,5.9688335813001485,1668.0,0.0,2624.0,354.0
train,00071_frog_eye_leaf_spot_jpg.rf.c3c710658d0f0ed2ddf0c502ea045fa2.jpg,0,frog-eye-leaf-spot,3155333.5,91019.8665000014,4,2.8846353800636733,363.0,373.00000000000006,2897.0,2097.0
train,00072_frog_eye_leaf_spot_jpg.rf.845fd38a339083fe26362fcedd4638cf.jpg,0,frog-eye-leaf-spot,2325062.8330000043,74971.0,5,3.224471998602537,1254.0,378.99999999999994,3085.0,2260.0
train,00072_frog_eye_leaf_spot_jpg.rf.845fd38a339083fe26362fcedd4638cf.jpg,1,frog-eye-leaf-spot,319058.5,7311.0,1,2.291429314686805,0.0,2000.0,724.0,2671.0
train,00073_frog_eye_leaf_spot_jpg.rf.59c6af4bd38cb58aa68cf6a861d59a22.jpg,0,frog-eye-leaf-spot,4036601.0,59456.5,11,1.47293477854264,771.0,169.00000000000003,3117.0,2426.0
train,00073_frog_eye_leaf_spot_jpg.rf.59c6af4bd38cb58aa68cf6a861d59a22.jpg,1,frog-eye-leaf-spot,1387443.3330000043,6906.5,2,0.49778609588806744,0.0,109.0,910.0,2073.0
train,00073_frog_eye_leaf_spot_jpg.rf.59c6af4bd38cb58aa68cf6a861d59a22.jpg,2,frog-eye-leaf-spot,651222.0,9299.5,2,1.428007653304096,138.0,1826.0000000000002,1297.0,2671.0
train,00074_frog_eye_leaf_spot_jpg.rf.bfdc1a3f4cba76aa9e6836cc2cffbb38.jpg,0,frog-eye-leaf-spot,4278872.5,78496.25,14,1.834507805502501,0.0,345.00000000000006,3466.0,2228.0
train,00075_frog_eye_leaf_spot_jpg.rf.8aa65a42897db69b6f3ee444be208ab8.jpg,0,frog-eye-leaf-spot,5363571.0,16548.5,4,0.3085351158770901,0.0,0.0,3751.0,1919.0
train,00076_frog_eye_leaf_spot_jpg.rf.1835458d7df00fedeb98dc2b39e3e529.jpg,0,frog-eye-leaf-spot,2877789.0,42695.0,12,1.4836042531262716,809.0,628.0,3528.0,2459.0
train,00077_frog_eye_leaf_spot_jpg.rf.427346a5448823481b8b51bc7bbe6d0e.jpg,0,frog-eye-leaf-spot,4993132.5,8381.0,1,0.16785054272042652,473.0,429.0,3999.0,2529.0
train,00078_frog_eye_leaf_spot_jpg.rf.bff8b9bf0730539b2e7440eef55631cf.jpg,0,frog-eye-leaf-spot,4278887.5,42312.0,2,0.9888551638714502,913.0,184.0,3802.0,2203.0
train,00079_frog_eye_leaf_spot_jpg.rf.bb77783b89958fc11559d7d2b3dd9e3a.jpg,0,frog-eye-leaf-spot,5508799.0,28112.0,7,0.5103108681220716,497.0,272.0,3999.0,2318.0
train,00080_frog_eye_leaf_spot_jpg.rf.a170c3e5d301beefef13d21de9ca1850.jpg,0,frog-eye-leaf-spot,6970963.5,57905.125,6,0.8306617155576844,440.0,0.0,3860.0,2604.0
train,00081_frog_eye_leaf_spot_jpg.rf.f993e498aa95a26b3008c0b2e7f4f7ce.jpg,0,frog-eye-leaf-spot,5603957.0,160564.91649998724,13,2.8652060767059284,328.0,431.0,3869.0,2611.0
train,00082_frog_eye_leaf_spot_jpg.rf.bedd61667066951f9aa985b86b7afd3c.jpg,0,frog-eye-leaf-spot,2757785.0,38221.5,4,1.3859492309951646,633.0,214.00000000000003,2440.0,2358.0
train,00083_frog_eye_leaf_spot_jpg.rf.94518484dc3be1f8873263f25f775ce6.jpg,0,frog-eye-leaf-spot,1604465.0004999936,36036.0,1,2.2459823049284484,912.0,637.0,2898.0,1957.0
train,00084_frog_eye_leaf_spot_jpg.rf.ec17053340b735cd948bc1a07edc431f.jpg,0,frog-eye-leaf-spot,3937903.5,9473.5,1,0.24057217247705537,372.0,159.0,2873.0,2272.0
train,00085_frog_eye_leaf_spot_jpg.rf.9632de05fc5b4c442b27b25f646417be.jpg,0,frog-eye-leaf-spot,1862839.5,103780.25,27,5.5710784530819755,1191.0,311.0,2828.0,1949.0
train,00085_frog_eye_leaf_spot_jpg.rf.9632de05fc5b4c442b27b25f646417be.jpg,1,frog-eye-leaf-spot,357431.25,11138.0,1,3.116123730087954,2197.0,1402.0,3341.0,2090.0
train,00085_frog_eye_leaf_spot_jpg.rf.9632de05fc5b4c442b27b25f646417be.jpg,2,frog-eye-leaf-spot,799647.0,7505.5,3,0.9386016579815843,3036.0,0.0,3999.0,938.9999999999999
train,00086_frog_eye_leaf_spot_jpg.rf.c63af056af5eb17f450d5f679b34728e.jpg,0,frog-eye-leaf-spot,4069600.0,38302.0,8,0.9411735797129939,676.0,199.0,3253.0,2423.0
train,00087_frog_eye_leaf_spot_jpg.rf.6a30f8954313762bcd1ff053f5f780d1.jpg,0,frog-eye-leaf-spot,3786742.0,38216.99949999992,6,1.0092316693347452,649.0,271.0,3367.0,2276.0
train,00088_frog_eye_leaf_spot_jpg.rf.e4c2f4753b82a406db64ca0b49f48391.jpg,0,frog-eye-leaf-spot,5504927.5,35831.0,1,0.6508895893724305,131.0,59.0,3100.0,2665.0
train,00089_frog_eye_leaf_spot_jpg.rf.ae095c32a32a76a997ec5c9561f76497.jpg,0,frog-eye-leaf-spot,3214246.5,30482.0,5,0.9483404586424843,1111.0,249.00000000000003,3186.0,2322.0
train,00089_frog_eye_leaf_spot_jpg.rf.ae095c32a32a76a997ec5c9561f76497.jpg,1,frog-eye-leaf-spot,421839.0,4954.0,1,1.1743816953861543,3142.0,1952.0,3999.0,2671.0
train,00090_frog_eye_leaf_spot_jpg.rf.a2f28017993cd0c93b14ee776368c813.jpg,0,frog-eye-leaf-spot,5077625.5,9361.5,1,0.1843676734331825,275.0,160.0,3616.0,2564.0
train,00091_frog_eye_leaf_spot_jpg.rf.66ebc5db3ee13206dc97ae0362b08198.jpg,0,frog-eye-leaf-spot,6775454.5,13390.333000000566,3,0.19763003352764846,811.0,7.0,3999.0,2664.0
train,00092_frog_eye_leaf_spot_jpg.rf.24bfd8b4cadf840df1b5a04367636c2b.jpg,0,frog-eye-leaf-spot,4869383.5,148178.41750000045,11,3.0430632029701594,0.0,710.0,3821.0,2540.0
train,00093_frog_eye_leaf_spot_jpg.rf.f3936afe3ecb5143b8462c435e869dc8.jpg,0,frog-eye-leaf-spot,4903154.0,26921.833999998868,7,0.5490717607482626,296.0,413.0,3229.0,2517.0
train,00094_frog_eye_leaf_spot_jpg.rf.b8c88ad4c5e84b16fbb1a8ad229c6f76.jpg,0,frog-eye-leaf-spot,4640134.5,75846.0,16,1.6345646877261855,225.0,97.0,3057.0,2459.0
train,00095_frog_eye_leaf_spot_jpg.rf.7e53eca5bb71e7413d3a6f32e305f6fd.jpg,0,frog-eye-leaf-spot,4514475.5,34466.75,2,0.7634718584694944,181.0,272.0,3078.0,2277.0
train,00096_frog_eye_leaf_spot_jpg.rf.fe3a6ef71f5c45723dd399dcb145b802.jpg,0,frog-eye-leaf-spot,3447293.0,81523.0009999983,11,2.364841079652884,699.0,503.99999999999994,2968.0,2515.0
train,00096_frog_eye_leaf_spot_jpg.rf.fe3a6ef71f5c45723dd399dcb145b802.jpg,1,frog-eye-leaf-spot,1051664.4995000064,59440.91649999842,7,5.652079777177841,0.0,1317.0,955.0,2665.0
train,00097_frog_eye_leaf_spot_jpg.rf.8b7c391cba4beab9fff4eaf546bbf0d1.jpg,0,frog-eye-leaf-spot,3276891.0,23064.5,3,0.7038531339614287,19.0,516.0,3310.0,2176.0
train,00097_frog_eye_leaf_spot_jpg.rf.8b7c391cba4beab9fff4eaf546bbf0d1.jpg,1,frog-eye-leaf-spot,297701.0,13306.5,2,4.469753208756437,0.0,0.0,1313.0,417.0
train,00098_frog_eye_leaf_spot_jpg.rf.3a76c80de661d0730ef25ab3846cc46d.jpg,0,frog-eye-leaf-spot,3425035.5,10726.0,1,0.3131646372716429,1390.0,506.0,3962.0,2420.0
train,00099_frog_eye_leaf_spot_jpg.rf.1d1565c579a190a0e36a586bf89ac2c1.jpg,0,frog-eye-leaf-spot,5559579.0,99465.25,8,1.7890788133418016,193.0,5.0,3212.0,2506.0
train,00100_frog_eye_leaf_spot_jpg.rf.436bd91c1874c12deece4745cd90a87d.jpg,0,frog-eye-leaf-spot,3796615.5,10042.0,2,0.2644987357819089,0.0,367.0,3381.0,2322.0
train,00101_frog_eye_leaf_spot_jpg.rf.6250f323f690e2e603e267c03f3cde88.jpg,0,frog-eye-leaf-spot,3612223.0,19326.5,2,0.5350306445643029,1332.0,256.0,3999.0,2282.0
train,00101_frog_eye_leaf_spot_jpg.rf.6250f323f690e2e603e267c03f3cde88.jpg,1,frog-eye-leaf-spot,1337615.5,8788.0,1,0.6569899945088854,949.0,1404.9999999999998,2749.0,2665.0
train,00102_frog_eye_leaf_spot_jpg.rf.c3d50f42c2563cd351fde065f35277c7.jpg,0,frog-eye-leaf-spot,4133928.499000013,7038.5,1,0.17026177404138934,276.0,22.000000000000004,3405.0,1979.0
train,00103_frog_eye_leaf_spot_jpg.rf.2201cd6b4915614f8efd14999e80db94.jpg,0,frog-eye-leaf-spot,3884599.0,24726.0,2,0.6365135757899335,542.0,537.0,3302.0,2455.0
train,00104_frog_eye_leaf_spot_jpg.rf.4772d8ccd98f27afdb49f2eaff610431.jpg,0,frog-eye-leaf-spot,3408586.0,21843.25,1,0.640830244564755,736.0,526.0,3184.0,2428.0
train,00105_frog_eye_leaf_spot_jpg.rf.ca620af73bec94977a58f47fca00a3e4.jpg,0,frog-eye-leaf-spot,1792306.5,24124.0,5,1.345975144318229,1031.0,803.0,3309.0,2188.0
train,00106_frog_eye_leaf_spot_jpg.rf.b3671c716cd8b5c665dbb3bb35f94085.jpg,0,frog-eye-leaf-spot,4813945.0,22458.0,4,0.46651966318684573,0.0,293.0,2898.0,2537.0
train,00106_frog_eye_leaf_spot_jpg.rf.b3671c716cd8b5c665dbb3bb35f94085.jpg,1,frog-eye-leaf-spot,1698111.0,5337.0,1,0.31429040857753116,2686.0,1113.0,3999.0,2671.0
train,00106_frog_eye_leaf_spot_jpg.rf.b3671c716cd8b5c665dbb3bb35f94085.jpg,2,frog-eye-leaf-spot,372690.0,5467.0,1,1.4669027878397596,1994.0,0.0,2698.0,695.0
train,00107_frog_eye_leaf_spot_jpg.rf.e1015fefdccd88e083785efe594c8aa9.jpg,0,frog-eye-leaf-spot,4846281.997999966,57044.0,12,1.177067286293735,494.0,7.0,3393.0,2347.0
train,00108_frog_eye_leaf_spot_jpg.rf.76495f72c715004b598dd532e83fadca.jpg,0,frog-eye-leaf-spot,7486247.450000048,12684.5,2,0.16943735943433075,0.0,175.0,3790.0,2663.0
train,00109_frog_eye_leaf_spot_jpg.rf.21852800f7ddd73842fd9a5b886e54fb.jpg,0,frog-eye-leaf-spot,5426435.41900003,33940.0,1,0.6254566281423539,548.0,243.0,3857.0,2566.0
train,00110_frog_eye_leaf_spot_jpg.rf.df73a7778cb8362e859be49bc4afe079.jpg,0,frog-eye-leaf-spot,5397549.331499994,145147.66699999943,12,2.6891401650174913,244.0,240.0,3619.0,2546.0
train,00111_frog_eye_leaf_spot_jpg.rf.d58de536042a173fcaae9bebbfd2502f.jpg,0,frog-eye-leaf-spot,5173897.5,13042.0,5,0.25207302618577193,105.0,142.0,3234.0,2445.0
train,00112_frog_eye_leaf_spot_jpg.rf.c5dba98ee5b82d2dbd05fda43481532f.jpg,0,frog-eye-leaf-spot,3067179.5,27651.5,2,0.9015285867683975,671.0,496.99999999999994,3507.0,2421.0
train,00113_frog_eye_leaf_spot_jpg.rf.fcd2d043fbcb388061085b26bf68efd1.jpg,0,frog-eye-leaf-spot,4860447.0,23809.5,2,0.4898623521663748,907.0,6.0,3373.0,2539.0
train,00114_frog_eye_leaf_spot_jpg.rf.daf93b0dd6150345bda805fbd3a545b1.jpg,0,frog-eye-leaf-spot,4355200.5,15634.5,6,0.358984620799892,697.0,118.0,3269.0,2467.0
train,00114_frog_eye_leaf_spot_jpg.rf.daf93b0dd6150345bda805fbd3a545b1.jpg,1,frog-eye-leaf-spot,511637.5,3957.5,1,0.7734968605702279,423.0,0.0,2109.0,503.0
train,00115_frog_eye_leaf_spot_jpg.rf.40d1cd680a8a6f059902e340cf458203.jpg,0,frog-eye-leaf-spot,5722415.825000048,23729.5,4,0.41467626131485824,0.0,532.0,3620.0,2665.0
train,00116_frog_eye_leaf_spot_jpg.rf.00439b3ac503704cb4dfb7acd6f56a78.jpg,0,frog-eye-leaf-spot,1623845.5,9276.5,1,0.5712674019788213,1143.0,647.0,2652.0,2208.0
train,00117_frog_eye_leaf_spot_jpg.rf.55b18e1f409bd06daf07117e80e677d6.jpg,0,frog-eye-leaf-spot,4259698.5,19923.5,1,0.4677208962089688,789.0,296.0,3351.0,2483.0
train,00118_frog_eye_leaf_spot_jpg.rf.cee9ce20223dd9c76f440a0ddca27d9d.jpg,0,frog-eye-leaf-spot,3381119.5,218530.6649999991,12,6.4632635729082955,639.0,243.0,3057.0,2123.0
train,00118_frog_eye_leaf_spot_jpg.rf.cee9ce20223dd9c76f440a0ddca27d9d.jpg,1,frog-eye-leaf-spot,999851.0,41511.5,2,4.151768613523415,2517.0,1828.0,3999.0,2671.0
train,00119_frog_eye_leaf_spot_jpg.rf.ec86c695a846b9a3d026927de1ac8980.jpg,0,frog-eye-leaf-spot,3433158.0,20552.5,5,0.5986470765400252,601.0,447.0,3398.0,2061.0
train,00120_frog_eye_leaf_spot_jpg.rf.2e288419aafb377081d82ec57082a7ce.jpg,0,frog-eye-leaf-spot,4964518.0,18933.5,1,0.38137639948127894,549.0,329.0,3641.0,2478.0
train,00120_frog_eye_leaf_spot_jpg.rf.2e288419aafb377081d82ec57082a7ce.jpg,1,frog-eye-leaf-spot,837653.5,19483.0,1,2.325902058548075,3052.0,0.0,3999.0,2069.0
train,00120_frog_eye_leaf_spot_jpg.rf.2e288419aafb377081d82ec57082a7ce.jpg,2,frog-eye-leaf-spot,1361445.3339999989,21553.5,3,1.5831337081067125,0.0,0.0,1700.0,1031.0
train,00121_frog_eye_leaf_spot_jpg.rf.43a92e50ba236ed0e3118fcc02f6bd11.jpg,0,frog-eye-leaf-spot,4701911.5,61313.5,1,1.3040122086517367,0.0,328.0,3409.0,2417.0
train,00122_frog_eye_leaf_spot_jpg.rf.f51a95f99118098cf006fbd40a378523.jpg,0,frog-eye-leaf-spot,1579942.75,37780.5,1,2.3912575313251065,1464.0,139.0,2564.0,2520.0
train,00123_frog_eye_leaf_spot_jpg.rf.576771aa7892eb462fc33d8c6ee55e5d.jpg,0,frog-eye-leaf-spot,2639289.5,10343.5,2,0.39190471526522574,189.0,815.0000000000001,3359.0,2214.0
train,00123_frog_eye_leaf_spot_jpg.rf.576771aa7892eb462fc33d8c6ee55e5d.jpg,1,frog-eye-leaf-spot,433786.5,42320.0,4,9.755951372391719,1765.0,0.0,2607.0,703.0000000000001
train,00124_frog_eye_leaf_spot_jpg.rf.2d161d925a76e7e08f369f26ac06870b.jpg,0,frog-eye-leaf-spot,3427202.0,62113.49650000036,9,1.8123675377173671,470.0,211.0,3210.0,2361.0
train,00125_frog_eye_leaf_spot_jpg.rf.296c182ed2a2cdbbf3f937d5c866a3ae.jpg,0,frog-eye-leaf-spot,3596049.0,136888.66799999634,19,3.8066407882650193,551.0,6.0,2846.0,2149.0
train,00126_frog_eye_leaf_spot_jpg.rf.d6808eb2118623a3a0b2a5c4af33cd5a.jpg,0,frog-eye-leaf-spot,2609710.5,23071.5,1,0.8840635771668927,372.0,214.00000000000003,2939.0,1644.0
train,00127_frog_eye_leaf_spot_jpg.rf.7691f65d92e65f2259d8bca16f7749f8.jpg,0,frog-eye-leaf-spot,4571693.5,41377.5,1,0.9050803602647466,304.0,142.0,3106.0,2467.0
train,00127_frog_eye_leaf_spot_jpg.rf.7691f65d92e65f2259d8bca16f7749f8.jpg,1,frog-eye-leaf-spot,881536.0,10368.0,1,1.1761289385799332,0.0,2034.0,2007.0000000000002,2671.0
train,00128_frog_eye_leaf_spot_jpg.rf.cfe18b65d6ef654b4a175245073e6f41.jpg,0,frog-eye-leaf-spot,3064720.0,15267.0,4,0.4981531754940092,439.0,439.0,3402.0,2270.0
train,00129_frog_eye_leaf_spot_jpg.rf.ba95e85dc92c6c38a408add6750d50d9.jpg,0,frog-eye-leaf-spot,2690530.0,18329.5,2,0.681259826130911,506.0,499.0,2843.0,2087.0
train,00129_frog_eye_leaf_spot_jpg.rf.ba95e85dc92c6c38a408add6750d50d9.jpg,1,frog-eye-leaf-spot,715653.9994999766,9204.0,1,1.2860963547232018,2863.0,148.0,3890.0,1144.0
train,00130_frog_eye_leaf_spot_jpg.rf.60fc904f2d75e0f1df6b40a3dea3f5c4.jpg,0,frog-eye-leaf-spot,3781573.0,104280.0,13,2.7575826250081645,224.0,505.00000000000006,3189.0,2469.0
train,00131_frog_eye_leaf_spot_jpg.rf.b635bf1497a69606db3079a68f76e67e.jpg,0,frog-eye-leaf-spot,5531519.000500023,26352.0,2,0.47639717042674723,0.0,798.0,3644.0,2671.0
train,00132_frog_eye_leaf_spot_jpg.rf.21c85651e7d2a17f029360903f5d8b02.jpg,0,frog-eye-leaf-spot,4618494.143000007,12723.5,1,0.2754902270317761,143.0,600.0,3902.0,2466.0
train,00133_frog_eye_leaf_spot_jpg.rf.1e768a3ccb4b8ddeffbf73de13fa8b51.jpg,0,frog-eye-leaf-spot,3560294.0,35009.5,4,0.9833317136169092,214.0,370.0,3023.0,2282.0
train,00134_frog_eye_leaf_spot_jpg.rf.2bd5af7b54b21a685cce4f26839b0b32.jpg,0,frog-eye-leaf-spot,5772033.5,44800.0,4,0.7761562714422915,164.0,334.0,3826.0,2642.0
train,00135_frog_eye_leaf_spot_jpg.rf.0192d5b5359838e18a9d22d2d72f075c.jpg,0,frog-eye-leaf-spot,5694335.5,97134.75,8,1.7058136107364943,690.0,8.0,3783.0,2630.0
train,00136_frog_eye_leaf_spot_jpg.rf.f9b1281d76ec8e7bcecd80e43d897125.jpg,0,frog-eye-leaf-spot,4328033.5,85709.25,8,1.9803277862798427,0.0,328.0,3076.0,2540.0
train,00137_frog_eye_leaf_spot_jpg.rf.78bdc77b9097626173a4435f1a36f7f2.jpg,0,frog-eye-leaf-spot,3842080.5,131858.0,11,3.4319426675208913,1094.0,304.0,3418.0,2593.0
train,00138_frog_eye_leaf_spot_jpg.rf.90277708268df9aaf2b354e70c027e37.jpg,0,frog-eye-leaf-spot,5812204.5,43774.5,6,0.7531479664901674,212.0,44.00000000000001,3346.0,2572.0
train,00139_frog_eye_leaf_spot_jpg.rf.185e119053b6c565289b62f523ccb876.jpg,0,frog-eye-leaf-spot,4550024.5,44116.5,2,0.9695881857339449,273.0,340.0,3867.0,2275.0
train,00140_frog_eye_leaf_spot_jpg.rf.fab8aeb723bf8ef772171e9336a0c2c9.jpg,0,frog-eye-leaf-spot,4899150.6674999595,110128.0,1,2.247899839671565,69.0,39.0,3051.0,2382.0
train,00141_frog_eye_leaf_spot_jpg.rf.9b39500ba38871787135d8329d7e5674.jpg,0,frog-eye-leaf-spot,1819139.0,8119.5,1,0.4463375256096428,895.0,596.0,3155.0,1793.9999999999998
train,00141_frog_eye_leaf_spot_jpg.rf.9b39500ba38871787135d8329d7e5674.jpg,1,frog-eye-leaf-spot,632821.5,57191.5,1,9.037540601891687,467.0,2038.0,2007.0000000000002,2671.0
train,00142_frog_eye_leaf_spot_jpg.rf.d392d0c19553386c075492419722245b.jpg,0,frog-eye-leaf-spot,5356110.836500049,41060.5,7,0.7666103494383807,593.0,371.0,3853.0,2666.0
train,00143_frog_eye_leaf_spot_jpg.rf.6777f80a240c4dd6bbbc8817968045b9.jpg,0,frog-eye-leaf-spot,2224727.5,32846.5,1,1.4764280119700053,1364.0,367.0,3251.0,2214.0
train,00144_frog_eye_leaf_spot_jpg.rf.2815831389437b76d6d89930be887b31.jpg,0,frog-eye-leaf-spot,3859071.5,7783.0,1,0.2016806374279409,674.0,371.99999999999994,3581.0,2568.0
train,00144_frog_eye_leaf_spot_jpg.rf.2815831389437b76d6d89930be887b31.jpg,1,frog-eye-leaf-spot,1190575.0,53162.0,12,4.46523738529702,1182.0,0.0,3999.0,578.0
train,00145_frog_eye_leaf_spot_jpg.rf.1ed32ff8219b71ea6b1b8b9140cc7341.jpg,0,frog-eye-leaf-spot,4014401.0,58785.5,2,1.4643654184023969,431.0,304.0,3360.0,2287.0
train,00146_frog_eye_leaf_spot_jpg.rf.47f4d61b21070523c27a510a01c1299e.jpg,0,frog-eye-leaf-spot,3570231.75,166932.0,7,4.675662861381477,639.0,218.0,3523.0,2107.0
train,00147_frog_eye_leaf_spot_jpg.rf.82a91af71b33c126fbc240b6670931d6.jpg,0,frog-eye-leaf-spot,4051532.5,23774.5,3,0.5868026481337617,505.0,396.0,3047.0,2587.0
train,00148_frog_eye_leaf_spot_jpg.rf.b0595e827e3430f92890d24716c058ba.jpg,0,frog-eye-leaf-spot,2528938.375,39713.5,4,1.5703625043848686,986.0,536.0,3034.0,2246.0
train,00149_frog_eye_leaf_spot_jpg.rf.6a6955a168f07fee3977703740c9b579.jpg,0,frog-eye-leaf-spot,3620397.4994999766,123098.5,11,3.4001376925324216,413.0,627.0,3383.0,2353.0
train,00149_frog_eye_leaf_spot_jpg.rf.6a6955a168f07fee3977703740c9b579.jpg,1,frog-eye-leaf-spot,1116943.4440000057,27433.0,1,2.4560778029867607,1138.0,1577.0,3663.0,2671.0
train,00150_frog_eye_leaf_spot_jpg.rf.b44d366c59394bfc101981a596632315.jpg,0,frog-eye-leaf-spot,4736428.0,48215.0,2,1.0179612146537433,515.0,318.0,3999.0,2337.0
train,00151_frog_eye_leaf_spot_jpg.rf.b62894cb97b90ea1f6801bec25a99913.jpg,0,frog-eye-leaf-spot,2966838.300000012,6540.5,1,0.2204535380307034,809.0,580.0,3866.0,1976.0
train,00152_frog_eye_leaf_spot_jpg.rf.3353fa327eadb9cbf4fad9e48a0dfef9.jpg,0,frog-eye-leaf-spot,4964962.666499972,35480.0,1,0.7146075888826665,208.0,321.0,3832.0,2286.0
train,00153_frog_eye_leaf_spot_jpg.rf.943090b5c7c6bc14921ee26fbbf732e4.jpg,0,frog-eye-leaf-spot,1707766.0,84391.0,13,4.941602069604384,660.0,801.0000000000001,2602.0,2199.0
train,00153_frog_eye_leaf_spot_jpg.rf.943090b5c7c6bc14921ee26fbbf732e4.jpg,1,frog-eye-leaf-spot,464067.5,54562.5,7,11.757449077989731,2118.0,1670.0,2962.0,2648.0
train,00153_frog_eye_leaf_spot_jpg.rf.943090b5c7c6bc14921ee26fbbf732e4.jpg,2,frog-eye-leaf-spot,211279.5,23691.5,1,11.213345355323161,2693.0,1238.0,3277.0,1781.0
train,00154_frog_eye_leaf_spot_jpg.rf.c285fe0166cb0d4e3f8e503e2045f384.jpg,0,frog-eye-leaf-spot,5552250.0,6591.5,1,0.11871763699401143,184.0,72.0,3389.0,2457.0
train,00155_frog_eye_leaf_spot_jpg.rf.80e530af28f58c30dad1ee5589c5a959.jpg,0,frog-eye-leaf-spot,3683571.5,41685.5,2,1.1316598578309123,0.0,536.0,2285.0,2640.0
train,00156_frog_eye_leaf_spot_jpg.rf.678d53805537ccdb72556ef66cf2af4b.jpg,0,frog-eye-leaf-spot,4399870.5,12898.0,1,0.29314499142645223,327.0,447.0,3368.0,2388.0
train,00157_frog_eye_leaf_spot_jpg.rf.580b059134ad18507c5106a5948ab158.jpg,0,frog-eye-leaf-spot,4789949.0,43401.5,3,0.9060952423501795,532.0,156.0,3377.0,2607.0
train,00158_frog_eye_leaf_spot_jpg.rf.143bf9c6e688c5b0def3fde637cb26fa.jpg,0,frog-eye-leaf-spot,5662124.5,9779.5,1,0.17271785528559114,126.0,0.0,3588.0,1980.0
train,00159_frog_eye_leaf_spot_jpg.rf.2601370ea522e38041c4454a56417f5d.jpg,0,frog-eye-leaf-spot,5298243.246999979,25982.0,5,0.49038896080718397,333.0,6.0,3370.0,2465.0
train,00159_frog_eye_leaf_spot_jpg.rf.2601370ea522e38041c4454a56417f5d.jpg,1,frog-eye-leaf-spot,942595.0,13324.0,1,1.4135445233636927,0.0,810.0,805.0,2663.0
train,00160_frog_eye_leaf_spot_jpg.rf.60704b2ae7c31233ac81107d5a0a48a3.jpg,0,frog-eye-leaf-spot,4257038.75,38816.0,7,0.9118075328771672,364.0,280.0,3166.0,2427.0
train,00161_frog_eye_leaf_spot_jpg.rf.d2a4e33990c4dc64e9622267ef901ec5.jpg,0,frog-eye-leaf-spot,5380759.749500036,50311.5,6,0.9350259506508313,280.0,563.0,3515.0,2664.0
train,00162_frog_eye_leaf_spot_jpg.rf.f3bcc13e5d5c9ef6c540a3bb5dbe0ebc.jpg,0,frog-eye-leaf-spot,5772372.931999922,42460.5,4,0.7355813718239606,307.0,70.0,3168.0,2664.0
train,00163_frog_eye_leaf_spot_jpg.rf.e1c8a5ca8a20362a170470e2892fbfee.jpg,0,frog-eye-leaf-spot,3489053.6838778853,116756.0,19,3.346351491795687,500.0,312.0,3058.0,2241.0
train,00164_frog_eye_leaf_spot_jpg.rf.500afa992c79f1e8780a4c5011dac0fc.jpg,0,frog-eye-leaf-spot,5482099.5,8275.5,1,0.15095493979997993,425.0,532.0,3754.0,2666.0
train,00165_frog_eye_leaf_spot_jpg.rf.e58fd70dad532a96bb524d63de79b8bc.jpg,0,frog-eye-leaf-spot,2781685.4710000157,16694.5,3,0.6001577163933753,521.0,439.0,3005.0,2142.0
train,00165_frog_eye_leaf_spot_jpg.rf.e58fd70dad532a96bb524d63de79b8bc.jpg,1,frog-eye-leaf-spot,1706967.261500001,60449.0,3,3.5413098636045497,1452.0,1764.0,3999.0,2671.0
train,00166_frog_eye_leaf_spot_jpg.rf.c2b8e113827a68abe984ac2230b6d23d.jpg,0,frog-eye-leaf-spot,2534185.0004999638,79132.5,4,3.12260154583774,1344.0,363.0,3278.0,2082.0
train,00167_frog_eye_leaf_spot_jpg.rf.f56a927887e0be56f8588e66e76425b4.jpg,0,frog-eye-leaf-spot,5042344.0,45592.833499997854,4,0.9041991879173229,426.0,216.0,3731.0,2587.0
train,00168_frog_eye_leaf_spot_jpg.rf.7106c63208c2666666155b8cdd24587f.jpg,0,frog-eye-leaf-spot,3156273.5,138370.5,21,4.3839832004419135,1101.0,359.00000000000006,3323.0,2295.0
train,00169_frog_eye_leaf_spot_jpg.rf.99871c09bf574492e357696d8a9bac6a.jpg,0,frog-eye-leaf-spot,5319260.332000017,15229.0,1,0.2862992042029642,402.0,347.0,3815.0,2585.0
train,00170_frog_eye_leaf_spot_jpg.rf.c8f4b61af7b17d5dbe14b1cc3ff29b13.jpg,0,frog-eye-leaf-spot,4498048.5,18960.5,1,0.4215272467604562,278.0,339.0,3164.0,2522.0
train,00171_frog_eye_leaf_spot_jpg.rf.4db07308defecb8bc55ff90075c5d86f.jpg,0,frog-eye-leaf-spot,3199248.5,10556.0,1,0.32995248727943455,766.0,355.0,2969.0,2302.0
train,00171_frog_eye_leaf_spot_jpg.rf.4db07308defecb8bc55ff90075c5d86f.jpg,1,frog-eye-leaf-spot,326123.0,10190.5,2,3.124741278597339,2916.0,1330.0,3540.0,2214.0
train,00172_frog_eye_leaf_spot_jpg.rf.13a63395675de4223282bfe8d2f955cf.jpg,0,frog-eye-leaf-spot,3290009.0,41515.5,2,1.2618658489991972,924.0,180.0,3193.0,2165.0
train,00173_frog_eye_leaf_spot_jpg.rf.d05ff8d09e5ae92c46b759cf88621896.jpg,0,frog-eye-leaf-spot,3294956.3350000083,55600.5,6,1.6874426956556272,341.0,262.0,3280.0,2246.0
train,00174_frog_eye_leaf_spot_jpg.rf.01d9a9827ae88685f806b1b914a7777c.jpg,0,frog-eye-leaf-spot,3937106.5,36090.5,4,0.9166757363561285,262.0,74.0,2834.0,2341.0
train,00174_frog_eye_leaf_spot_jpg.rf.01d9a9827ae88685f806b1b914a7777c.jpg,1,frog-eye-leaf-spot,467248.0,17651.0,5,3.77765126870527,1802.0,0.0,3539.0,465.0
train,00175_frog_eye_leaf_spot_jpg.rf.1c735160b8d339980487432c8e10b601.jpg,0,frog-eye-leaf-spot,4353097.5,47693.0,2,1.095610654252518,799.0,197.0,3400.0,2624.0
train,00176_frog_eye_leaf_spot_jpg.rf.841ae2196bf244045c64d499d2d2f305.jpg,0,frog-eye-leaf-spot,3967118.0,89488.4038224984,14,2.2557535173518506,473.0,537.0,3216.0,2662.0
train,00177_frog_eye_leaf_spot_jpg.rf.87edea2eeefe6cc820631183fe16a8e3.jpg,0,frog-eye-leaf-spot,3759381.5,44341.0,3,1.1794759324106905,842.0,147.0,3308.0,2202.0
train,04354_healthy_jpg.rf.fe619735923f17a031bec7f5112b177f.jpg,0,healthy,2111708.0,0.0,0,0.0,967.0,1145.0,3659.0,2319.0
train,04354_healthy_jpg.rf.fe619735923f17a031bec7f5112b177f.jpg,1,healthy,927894.5,0.0,0,0.0,2799.0,1884.0,3999.0,2999.0
train,04355_healthy_jpg.rf.78b5fd889fd96fabce16b09b4f56202d.jpg,0,healthy,4025601.0,0.0,0,0.0,105.0,262.0,3273.0,2387.0
train,04356_healthy_jpg.rf.1d2600dd387a2cbb23b8d52edaf9d325.jpg,0,healthy,3674714.5419999957,0.0,0,0.0,506.0,685.0,3723.0,2284.0
train,04356_healthy_jpg.rf.1d2600dd387a2cbb23b8d52edaf9d325.jpg,1,healthy,579001.1440000013,0.0,0,0.0,0.0,0.0,1199.0,802.0
train,04356_healthy_jpg.rf.1d2600dd387a2cbb23b8d52edaf9d325.jpg,2,healthy,1087616.5375000015,0.0,0,0.0,0.0,1481.0,1275.0,2671.0
train,04357_healthy_jpg.rf.f0b8132c51d533296c900662ede13d3f.jpg,0,healthy,558154.5015000012,0.0,0,0.0,0.0,453.0,812.0,1338.0
train,04357_healthy_jpg.rf.f0b8132c51d533296c900662ede13d3f.jpg,1,healthy,3425837.331499994,0.0,0,0.0,796.0,0.0,3306.0,1960.9999999999998
train,04357_healthy_jpg.rf.f0b8132c51d533296c900662ede13d3f.jpg,2,healthy,327924.0,0.0,0,0.0,0.0,0.0,730.0,549.0
train,04358_healthy_jpg.rf.f93ca5aad0db2dbb985b0d479a0fc716.jpg,0,healthy,4591190.671499997,0.0,0,0.0,266.0,430.0,3999.0,2129.0
train,04358_healthy_jpg.rf.f93ca5aad0db2dbb985b0d479a0fc716.jpg,1,healthy,1150047.25,0.0,0,0.0,2040.0,0.0,3999.0,1189.0
train,04359_healthy_jpg.rf.710d4cd7bc059a2ed1f7aa360b8cf527.jpg,0,healthy,4746623.5,0.0,0,0.0,362.0,560.0,3091.0,2771.0
train,04360_healthy_jpg.rf.5946aa05da6ad6ce53f6cda906d97d8b.jpg,0,healthy,2604112.5024999976,0.0,0,0.0,820.0,292.0,2931.0,2215.0
train,04360_healthy_jpg.rf.5946aa05da6ad6ce53f6cda906d97d8b.jpg,1,healthy,1299762.6669999994,0.0,0,0.0,1696.0,0.0,3999.0,835.0
train,04361_healthy_jpg.rf.346ccfb94026f40100b3b4f4e9c4bfe7.jpg,0,healthy,3767303.400000006,0.0,0,0.0,561.0,406.0,3398.0,2294.0
train,04361_healthy_jpg.rf.346ccfb94026f40100b3b4f4e9c4bfe7.jpg,1,healthy,718717.3519999981,0.0,0,0.0,177.0,1733.0,1676.0,2671.0
train,04362_healthy_jpg.rf.5650e3c94d557cff67792e6c83ca1b37.jpg,0,healthy,1109887.259399999,0.0,0,0.0,260.025,2203.26,2627.835,2672.0
train,04362_healthy_jpg.rf.5650e3c94d557cff67792e6c83ca1b37.jpg,1,healthy,4051381.699999988,0.0,0,0.0,106.0,650.0,3355.0,2417.0
train,04362_healthy_jpg.rf.5650e3c94d557cff67792e6c83ca1b37.jpg,2,healthy,336560.5,0.0,0,0.0,0.0,0.0,734.0,756.0
train,04362_healthy_jpg.rf.5650e3c94d557cff67792e6c83ca1b37.jpg,3,healthy,803246.125,0.0,0,0.0,2522.0,215.0,3999.0,1029.0
train,04362_healthy_jpg.rf.5650e3c94d557cff67792e6c83ca1b37.jpg,4,healthy,808034.4194999933,0.0,0,0.0,3100.0,1337.0,3999.0,2643.0
train,04363_healthy_jpg.rf.f8af4381fd6144edefe7cd320377d823.jpg,0,healthy,4412661.54399997,0.0,0,0.0,375.0,363.0,3365.0,2525.0
train,04363_healthy_jpg.rf.f8af4381fd6144edefe7cd320377d823.jpg,1,healthy,821667.7505000085,0.0,0,0.0,0.0,1862.0,1235.0,2671.0
train,04364_healthy_jpg.rf.ac41146fa9ca7c9003feab331ab285c8.jpg,0,healthy,1131073.3460000008,0.0,0,0.0,1473.895,2207.4,3908.405,2672.0
train,04364_healthy_jpg.rf.ac41146fa9ca7c9003feab331ab285c8.jpg,1,healthy,2457997.828999996,0.0,0,0.0,403.0,561.0,3501.0,2201.0
train,04365_healthy_jpg.rf.079794c3803bf19f2ed380cab4511170.jpg,0,healthy,1811732.0,0.0,0,0.0,455.0,505.0,2503.0,1774.0000000000002
train,04365_healthy_jpg.rf.079794c3803bf19f2ed380cab4511170.jpg,1,healthy,1373150.5,0.0,0,0.0,0.0,1533.0,1118.0,2991.0
train,04365_healthy_jpg.rf.079794c3803bf19f2ed380cab4511170.jpg,2,healthy,548140.0034999847,0.0,0,0.0,3284.0,1067.0,3999.0,2319.0
train,04365_healthy_jpg.rf.079794c3803bf19f2ed380cab4511170.jpg,3,healthy,778894.75,0.0,0,0.0,1224.0,79.0,2845.0,1058.0
train,04366_healthy_jpg.rf.efb289540cca823c1bf0f4fff2678ca2.jpg,0,healthy,4346853.837500036,0.0,0,0.0,169.0,302.0,3635.0,2090.0
train,04367_healthy_jpg.rf.05897ebfa60b3a4b39a85ec89d531909.jpg,0,healthy,6907197.82950002,0.0,0,0.0,162.0,69.0,3999.0,2460.0
train,04368_healthy_jpg.rf.fbfffe26d8d383b4ffc4220dcc1f4dc2.jpg,0,healthy,1206416.0,0.0,0,0.0,1012.0,1013.0,3028.0,2033.0
train,04368_healthy_jpg.rf.fbfffe26d8d383b4ffc4220dcc1f4dc2.jpg,1,healthy,1001367.6645000018,0.0,0,0.0,0.0,9.0,756.0,1925.0000000000002
train,04368_healthy_jpg.rf.fbfffe26d8d383b4ffc4220dcc1f4dc2.jpg,2,healthy,193586.5,0.0,0,0.0,687.0,679.0,970.0,1772.0
train,04368_healthy_jpg.rf.fbfffe26d8d383b4ffc4220dcc1f4dc2.jpg,3,healthy,15690.0,0.0,0,0.0,562.0,1614.0,714.0,1803.0
train,04368_healthy_jpg.rf.fbfffe26d8d383b4ffc4220dcc1f4dc2.jpg,4,healthy,344450.0,0.0,0,0.0,0.0,2162.0,490.0,2999.0
train,04368_healthy_jpg.rf.fbfffe26d8d383b4ffc4220dcc1f4dc2.jpg,5,healthy,223297.0,0.0,0,0.0,585.0,2495.0,1195.0,2999.0
train,04368_healthy_jpg.rf.fbfffe26d8d383b4ffc4220dcc1f4dc2.jpg,6,healthy,386495.5,0.0,0,0.0,1155.0,2332.0,2092.0,2999.0
train,04369_healthy_jpg.rf.3c672d9af1ae9166503d78e97eedad07.jpg,0,healthy,1748163.0,0.0,0,0.0,783.0,1082.0,3072.0,2388.0
train,04369_healthy_jpg.rf.3c672d9af1ae9166503d78e97eedad07.jpg,1,healthy,491673.0,0.0,0,0.0,452.0,588.0,1213.0,1660.0
train,04369_healthy_jpg.rf.3c672d9af1ae9166503d78e97eedad07.jpg,2,healthy,174034.5,0.0,0,0.0,0.0,1493.0,417.0,2229.0
train,04369_healthy_jpg.rf.3c672d9af1ae9166503d78e97eedad07.jpg,3,healthy,621039.5,0.0,0,0.0,0.0,2249.0,1041.0,2999.0
train,04370_healthy_jpg.rf.f515a2d176b9c6b1ddfebacc6ae05b6e.jpg,0,healthy,1986190.5,0.0,0,0.0,951.0,839.0,3546.0,2054.0
train,04370_healthy_jpg.rf.f515a2d176b9c6b1ddfebacc6ae05b6e.jpg,1,healthy,575409.5,0.0,0,0.0,725.0,0.0,1658.0,842.0000000000001
train,04370_healthy_jpg.rf.f515a2d176b9c6b1ddfebacc6ae05b6e.jpg,2,healthy,448803.5625000298,0.0,0,0.0,454.0,2241.0,2029.0,2671.0
train,04370_healthy_jpg.rf.f515a2d176b9c6b1ddfebacc6ae05b6e.jpg,3,healthy,1355431.9140000343,0.0,0,0.0,1241.0,1820.9999999999998,3692.0,2665.0
train,04371_healthy_jpg.rf.ae994e35a3c487785a90b5b0f6cc57a0.jpg,0,healthy,4239399.398999989,0.0,0,0.0,419.0,403.0,3497.0,2170.0
train,04371_healthy_jpg.rf.ae994e35a3c487785a90b5b0f6cc57a0.jpg,1,healthy,442493.75,0.0,0,0.0,0.0,0.0,543.0,974.0
train,04371_healthy_jpg.rf.ae994e35a3c487785a90b5b0f6cc57a0.jpg,2,healthy,256403.5,0.0,0,0.0,538.0,0.0,1178.0,637.0
train,04371_healthy_jpg.rf.ae994e35a3c487785a90b5b0f6cc57a0.jpg,3,healthy,288495.5,0.0,0,0.0,0.0,746.0000000000001,406.0,1727.0
train,04371_healthy_jpg.rf.ae994e35a3c487785a90b5b0f6cc57a0.jpg,4,healthy,687189.0,0.0,0,0.0,3327.0,0.0,3999.0,1685.0000000000002
train,04371_healthy_jpg.rf.ae994e35a3c487785a90b5b0f6cc57a0.jpg,5,healthy,1162716.5,0.0,0,0.0,2271.0,1763.0,3999.0,2665.0
train,04372_healthy_jpg.rf.9244d231c3ea992d6fcd2e10d4ae559b.jpg,0,healthy,2081300.5810000002,0.0,0,0.0,365.0,942.0,2536.0,2420.0
train,04372_healthy_jpg.rf.9244d231c3ea992d6fcd2e10d4ae559b.jpg,1,healthy,213616.5,0.0,0,0.0,2199.0,449.00000000000006,2822.0,905.0
train,04372_healthy_jpg.rf.9244d231c3ea992d6fcd2e10d4ae559b.jpg,2,healthy,249533.5,0.0,0,0.0,2703.0,0.0,3476.0,570.0
train,04373_healthy_jpg.rf.549b733590dc2397684d8fc98ae61660.jpg,0,healthy,3374292.3309999704,0.0,0,0.0,912.0,104.0,3243.0,2049.0
train,04374_healthy_jpg.rf.22b1d5a3d6470356e2222b8bfc97d901.jpg,0,healthy,5681717.0855000615,0.0,0,0.0,164.0,191.0,3780.0,2349.0
train,04374_healthy_jpg.rf.22b1d5a3d6470356e2222b8bfc97d901.jpg,1,healthy,818053.5,0.0,0,0.0,682.0,2007.0,3008.0,2671.0
train,04375_healthy_jpg.rf.721c9e1abb4dc012e2ee2a15a15e7b7a.jpg,0,healthy,1549192.3360000104,0.0,0,0.0,656.0,232.0,2441.0,1682.9999999999998
train,04375_healthy_jpg.rf.721c9e1abb4dc012e2ee2a15a15e7b7a.jpg,1,healthy,538560.9909999967,0.0,0,0.0,198.0,1527.0,1524.0,2169.0
train,04375_healthy_jpg.rf.721c9e1abb4dc012e2ee2a15a15e7b7a.jpg,2,healthy,846203.6255000085,0.0,0,0.0,0.0,2048.0,1732.0,2671.0
train,04375_healthy_jpg.rf.721c9e1abb4dc012e2ee2a15a15e7b7a.jpg,3,healthy,556581.9144999981,0.0,0,0.0,2756.0,983.0,3644.0,1848.9999999999998
train,04375_healthy_jpg.rf.721c9e1abb4dc012e2ee2a15a15e7b7a.jpg,4,healthy,197559.5,0.0,0,0.0,2514.0,2214.0,3215.0,2671.0
train,04375_healthy_jpg.rf.721c9e1abb4dc012e2ee2a15a15e7b7a.jpg,5,healthy,175018.0,0.0,0,0.0,3263.0,2088.0,3797.0,2671.0
train,04376_healthy_jpg.rf.316c59df4deab2d8806503ece2ec4cde.jpg,0,healthy,2581203.289499998,0.0,0,0.0,169.0,503.99999999999994,3261.0,1877.9999999999998
train,04376_healthy_jpg.rf.316c59df4deab2d8806503ece2ec4cde.jpg,1,healthy,1074989.75,0.0,0,0.0,661.0,1695.0,3029.0,2442.0
train,04376_healthy_jpg.rf.316c59df4deab2d8806503ece2ec4cde.jpg,2,healthy,365912.5034999999,0.0,0,0.0,0.0,0.0,1085.0,502.0
train,04377_healthy_jpg.rf.abac52a982eec5af813e5905873e4f15.jpg,0,healthy,3790588.331499994,0.0,0,0.0,0.0,296.0,2967.0,2021.0
train,04377_healthy_jpg.rf.abac52a982eec5af813e5905873e4f15.jpg,1,healthy,211639.5,0.0,0,0.0,0.0,0.0,273.0,993.9999999999999
train,04377_healthy_jpg.rf.abac52a982eec5af813e5905873e4f15.jpg,2,healthy,469937.5,0.0,0,0.0,543.0,0.0,2009.0,518.0
train,04377_healthy_jpg.rf.abac52a982eec5af813e5905873e4f15.jpg,3,healthy,541875.0,0.0,0,0.0,2500.0,0.0,3923.0,568.0
train,04377_healthy_jpg.rf.abac52a982eec5af813e5905873e4f15.jpg,4,healthy,551591.0,0.0,0,0.0,3244.0,588.0,3999.0,1570.0
train,04377_healthy_jpg.rf.abac52a982eec5af813e5905873e4f15.jpg,5,healthy,467229.5,0.0,0,0.0,0.0,2222.0,685.0,2999.0
train,04378_healthy_jpg.rf.eb5d8d69233277f637dbd1d5056e0c56.jpg,0,healthy,2469860.8319999874,0.0,0,0.0,304.0,423.0,2584.0,1980.0
train,04378_healthy_jpg.rf.eb5d8d69233277f637dbd1d5056e0c56.jpg,1,healthy,813643.5,0.0,0,0.0,0.0,1556.0,1571.0,2460.0
train,04378_healthy_jpg.rf.eb5d8d69233277f637dbd1d5056e0c56.jpg,2,healthy,1003129.9594999999,0.0,0,0.0,2390.0,106.0,3597.0,1210.0
train,04378_healthy_jpg.rf.eb5d8d69233277f637dbd1d5056e0c56.jpg,3,healthy,661433.5,0.0,0,0.0,2200.0,1650.0,3177.0,2568.0
train,04378_healthy_jpg.rf.eb5d8d69233277f637dbd1d5056e0c56.jpg,4,healthy,204261.0,0.0,0,0.0,3615.0,2034.0,3999.0,2671.0
train,04378_healthy_jpg.rf.eb5d8d69233277f637dbd1d5056e0c56.jpg,5,healthy,157201.0,0.0,0,0.0,3506.0,977.0,3999.0,1414.0
train,04378_healthy_jpg.rf.eb5d8d69233277f637dbd1d5056e0c56.jpg,6,healthy,750587.6655000448,0.0,0,0.0,3074.0,1373.0,3999.0,2551.0
train,04379_healthy_jpg.rf.0bfdba15753108ef19d5308ac56162ea.jpg,0,healthy,2345731.5,0.0,0,0.0,957.0,918.0,3287.0,2490.0
train,04379_healthy_jpg.rf.0bfdba15753108ef19d5308ac56162ea.jpg,1,healthy,1379368.5,0.0,0,0.0,0.0,146.0,767.0,2568.0
train,04379_healthy_jpg.rf.0bfdba15753108ef19d5308ac56162ea.jpg,2,healthy,322027.83199999854,0.0,0,0.0,0.0,2510.0,833.0,2999.0
train,04379_healthy_jpg.rf.0bfdba15753108ef19d5308ac56162ea.jpg,3,healthy,381686.5,0.0,0,0.0,739.0,0.0,1473.0,773.0
train,04379_healthy_jpg.rf.0bfdba15753108ef19d5308ac56162ea.jpg,4,healthy,870856.749499999,0.0,0,0.0,1670.0,0.0,2904.0,936.0
train,04379_healthy_jpg.rf.0bfdba15753108ef19d5308ac56162ea.jpg,5,healthy,445424.0,0.0,0,0.0,2797.0,0.0,3999.0,574.0
train,04380_healthy_jpg.rf.5bd7caa4c998deda86d5f508d8298872.jpg,0,healthy,4918086.416999996,0.0,0,0.0,995.0,59.0,3999.0,2411.0
train,04380_healthy_jpg.rf.5bd7caa4c998deda86d5f508d8298872.jpg,1,healthy,987620.0,0.0,0,0.0,0.0,0.0,1209.0,891.0
train,04380_healthy_jpg.rf.5bd7caa4c998deda86d5f508d8298872.jpg,2,healthy,382752.0,0.0,0,0.0,0.0,793.0,499.0,1945.0
train,04380_healthy_jpg.rf.5bd7caa4c998deda86d5f508d8298872.jpg,3,healthy,421793.5460000038,0.0,0,0.0,932.0,2031.0,2073.0,2671.0
train,04381_healthy_jpg.rf.d5b1b65aa78765db9c0feb71603c5e85.jpg,0,healthy,4953954.5,0.0,0,0.0,190.0,228.00000000000003,3507.0,2398.0
train,04381_healthy_jpg.rf.d5b1b65aa78765db9c0feb71603c5e85.jpg,1,healthy,533259.8334999979,0.0,0,0.0,0.0,2200.0,1308.0,2671.0
train,04381_healthy_jpg.rf.d5b1b65aa78765db9c0feb71603c5e85.jpg,2,healthy,555390.5,0.0,0,0.0,3113.0,0.0,3999.0,937.9999999999999
train,04382_healthy_jpg.rf.ec6a24544f073aa50979180e2be312bf.jpg,0,healthy,4073333.664999962,0.0,0,0.0,782.0,318.0,3777.0,2285.0
train,04382_healthy_jpg.rf.ec6a24544f073aa50979180e2be312bf.jpg,1,healthy,530535.0,0.0,0,0.0,192.0,0.0,2194.0,439.0
train,04382_healthy_jpg.rf.ec6a24544f073aa50979180e2be312bf.jpg,2,healthy,163444.0,0.0,0,0.0,0.0,0.0,345.0,715.0
train,04382_healthy_jpg.rf.ec6a24544f073aa50979180e2be312bf.jpg,3,healthy,539586.1710000001,0.0,0,0.0,0.0,676.0000000000001,631.0,2484.0
train,04382_healthy_jpg.rf.ec6a24544f073aa50979180e2be312bf.jpg,4,healthy,299236.66400000453,0.0,0,0.0,2252.0,1965.0000000000002,3119.0,2533.0
train,04382_healthy_jpg.rf.ec6a24544f073aa50979180e2be312bf.jpg,5,healthy,486846.5,0.0,0,0.0,3167.0,1391.0,3999.0,2666.0
train,04383_healthy_jpg.rf.b4f82727be249689d9c3b1db4054f9b1.jpg,0,healthy,3179073.631000012,0.0,0,0.0,672.0,474.0,3377.0,2122.0
train,04384_healthy_jpg.rf.0a97466f9c4a57d9c5ed9c46356e8dda.jpg,0,healthy,3393410.25,0.0,0,0.0,514.0,410.0,3447.0,2010.0
train,04384_healthy_jpg.rf.0a97466f9c4a57d9c5ed9c46356e8dda.jpg,1,healthy,457415.7190000005,0.0,0,0.0,0.0,251.99999999999997,792.0,1186.0
train,04384_healthy_jpg.rf.0a97466f9c4a57d9c5ed9c46356e8dda.jpg,2,healthy,1116355.5,0.0,0,0.0,1893.0,0.0,3934.0,823.0
train,04385_healthy_jpg.rf.33dd46ead331f868e7e09f10c5544bd5.jpg,0,healthy,4371850.039999992,0.0,0,0.0,204.0,282.0,3278.0,2325.0
train,04385_healthy_jpg.rf.33dd46ead331f868e7e09f10c5544bd5.jpg,1,healthy,643330.3325000405,0.0,0,0.0,2490.0,1835.0,3662.0,2671.0
train,04385_healthy_jpg.rf.33dd46ead331f868e7e09f10c5544bd5.jpg,2,healthy,487119.5,0.0,0,0.0,3539.0,0.0,3999.0,1426.0
train,04386_healthy_jpg.rf.d5737217875dcff19502ea6de8d35ebc.jpg,0,healthy,4708197.8329999745,0.0,0,0.0,37.0,326.0,3549.0,2509.0
train,04387_healthy_jpg.rf.46ec98b656d795ef51b85a3e6bb81e94.jpg,0,healthy,5708014.666499972,0.0,0,0.0,103.0,182.0,3607.0,2416.0
train,04387_healthy_jpg.rf.46ec98b656d795ef51b85a3e6bb81e94.jpg,1,healthy,280618.0,0.0,0,0.0,0.0,0.0,592.0,655.0
train,04387_healthy_jpg.rf.46ec98b656d795ef51b85a3e6bb81e94.jpg,2,healthy,527903.0,0.0,0,0.0,0.0,1682.9999999999998,946.0,2671.0
train,04388_healthy_jpg.rf.0a6dc97d95f1f63232e399ae0454fa40.jpg,0,healthy,5541934.12461102,0.0,0,0.0,25.0,161.0,3668.0,2428.0
train,04388_healthy_jpg.rf.0a6dc97d95f1f63232e399ae0454fa40.jpg,1,healthy,499479.125,0.0,0,0.0,851.0,0.0,3059.0,354.0
train,04389_healthy_jpg.rf.f83db52eaced23391a11ecd5d02267ab.jpg,0,healthy,3881834.335500002,0.0,0,0.0,926.0,128.0,3343.0,2451.0
train,04390_healthy_jpg.rf.31f08cbe02b259baddbd515654c470e8.jpg,0,healthy,3939047.4110000134,0.0,0,0.0,15.0,387.0,3231.0,2212.0
train,04390_healthy_jpg.rf.31f08cbe02b259baddbd515654c470e8.jpg,1,healthy,845508.4170000032,0.0,0,0.0,982.0,0.0,2872.0,578.0
train,04390_healthy_jpg.rf.31f08cbe02b259baddbd515654c470e8.jpg,2,healthy,1037611.261500001,0.0,0,0.0,3086.0,1254.0,3999.0,2665.0
train,04390_healthy_jpg.rf.31f08cbe02b259baddbd515654c470e8.jpg,3,healthy,449444.5,0.0,0,0.0,3498.0,0.0,3999.0,1143.0
train,04391_healthy_jpg.rf.41052cf8c4cb47e52802b5447bbd7b31.jpg,0,healthy,2854925.7339999974,0.0,0,0.0,690.0,291.0,2803.0,2165.0
train,04391_healthy_jpg.rf.41052cf8c4cb47e52802b5447bbd7b31.jpg,1,healthy,540347.0,0.0,0,0.0,0.0,0.0,643.0,1024.0
train,04391_healthy_jpg.rf.41052cf8c4cb47e52802b5447bbd7b31.jpg,2,healthy,293513.5,0.0,0,0.0,51.0,1064.0,698.0,1713.0000000000002
train,04391_healthy_jpg.rf.41052cf8c4cb47e52802b5447bbd7b31.jpg,3,healthy,379204.5,0.0,0,0.0,33.0,2015.9999999999998,992.0,2635.0
train,04391_healthy_jpg.rf.41052cf8c4cb47e52802b5447bbd7b31.jpg,4,healthy,612865.5609999895,0.0,0,0.0,2267.0,1899.0,3505.0,2671.0
train,04391_healthy_jpg.rf.41052cf8c4cb47e52802b5447bbd7b31.jpg,5,healthy,367747.5,0.0,0,0.0,2693.0,728.0,3335.0,1531.0
train,04391_healthy_jpg.rf.41052cf8c4cb47e52802b5447bbd7b31.jpg,6,healthy,179826.0,0.0,0,0.0,3279.0,1462.0000000000002,3753.0,2031.0
train,04391_healthy_jpg.rf.41052cf8c4cb47e52802b5447bbd7b31.jpg,7,healthy,90017.0,0.0,0,0.0,3749.0,1573.0000000000002,3999.0,2130.0
train,04391_healthy_jpg.rf.41052cf8c4cb47e52802b5447bbd7b31.jpg,8,healthy,594931.0,0.0,0,0.0,3013.0,0.0,3858.0,1046.0
train,04392_healthy_jpg.rf.174087edf230a2cead5e5424199f7800.jpg,0,healthy,4647074.169999957,0.0,0,0.0,654.0,141.0,3491.0,2393.0
train,04392_healthy_jpg.rf.174087edf230a2cead5e5424199f7800.jpg,1,healthy,556825.25,0.0,0,0.0,0.0,0.0,633.0,1257.0
train,04392_healthy_jpg.rf.174087edf230a2cead5e5424199f7800.jpg,2,healthy,776783.665500015,0.0,0,0.0,31.0,1935.0000000000002,1760.0,2671.0
train,04392_healthy_jpg.rf.174087edf230a2cead5e5424199f7800.jpg,3,healthy,178406.0,0.0,0,0.0,3579.0,0.0,3999.0,1606.0
train,04393_healthy_jpg.rf.ea2461269c05318aff2366a6c206bd28.jpg,0,healthy,4416454.125,0.0,0,0.0,502.0,223.0,3402.0,2392.0
train,04393_healthy_jpg.rf.ea2461269c05318aff2366a6c206bd28.jpg,1,healthy,628514.5,0.0,0,0.0,3105.0,0.0,3999.0,915.0
train,04393_healthy_jpg.rf.ea2461269c05318aff2366a6c206bd28.jpg,2,healthy,298896.2870000005,0.0,0,0.0,3555.0,1804.0,3999.0,2671.0
train,04393_healthy_jpg.rf.ea2461269c05318aff2366a6c206bd28.jpg,3,healthy,213795.0,0.0,0,0.0,2920.0,2322.0,3650.0,2671.0
train,04394_healthy_jpg.rf.6e719cc244cc795641c42e28b6543d0d.jpg,0,healthy,5113545.110499978,0.0,0,0.0,110.0,468.0,3748.0,2578.0
train,04394_healthy_jpg.rf.6e719cc244cc795641c42e28b6543d0d.jpg,1,healthy,1036864.0,0.0,0,0.0,2995.0,360.0,3999.0,2662.0
train,04394_healthy_jpg.rf.6e719cc244cc795641c42e28b6543d0d.jpg,2,healthy,304354.0,0.0,0,0.0,1286.0,0.0,2932.0,253.0
train,04394_healthy_jpg.rf.6e719cc244cc795641c42e28b6543d0d.jpg,3,healthy,1022403.2514999993,0.0,0,0.0,0.0,0.0,1524.0,951.0
train,04395_healthy_jpg.rf.220a209163e94930d431ea9f13816521.jpg,0,healthy,4699829.347000003,0.0,0,0.0,227.0,199.0,3132.0,2313.0
train,04395_healthy_jpg.rf.220a209163e94930d431ea9f13816521.jpg,1,healthy,694809.2344999984,0.0,0,0.0,0.0,1831.0,1343.0,2671.0
train,04395_healthy_jpg.rf.220a209163e94930d431ea9f13816521.jpg,2,healthy,614331.5,0.0,0,0.0,2845.0,899.0000000000001,3763.0,2068.0
train,04395_healthy_jpg.rf.220a209163e94930d431ea9f13816521.jpg,3,healthy,893435.5024999976,0.0,0,0.0,2380.0,0.0,3814.0,1068.0
train,04395_healthy_jpg.rf.220a209163e94930d431ea9f13816521.jpg,4,healthy,626740.5499999989,0.0,0,0.0,726.0,0.0,3620.0,338.00000000000006
train,04396_healthy_jpg.rf.d916459831eda2776a79a1beb56375f3.jpg,0,healthy,3461699.993999988,0.0,0,0.0,437.0,438.0,3178.0,2295.0
train,04396_healthy_jpg.rf.d916459831eda2776a79a1beb56375f3.jpg,1,healthy,835635.0,0.0,0,0.0,155.0,990.0,1212.0,2291.0
train,04396_healthy_jpg.rf.d916459831eda2776a79a1beb56375f3.jpg,2,healthy,461168.66050000023,0.0,0,0.0,0.0,0.0,928.0,627.0
train,04397_healthy_jpg.rf.df75b3a15e23de12f5a865608b1fd8f2.jpg,0,healthy,4200303.5,0.0,0,0.0,381.0,533.0,3999.0,2303.0
train,04398_healthy_jpg.rf.13fd6a8388be1dd54a5e8e56e2b27019.jpg,0,healthy,3370512.4984999895,0.0,0,0.0,219.0,637.0,3339.0,2043.9999999999998
train,04398_healthy_jpg.rf.13fd6a8388be1dd54a5e8e56e2b27019.jpg,1,healthy,1150477.3320000023,0.0,0,0.0,0.0,0.0,2991.0,833.0
train,04399_healthy_jpg.rf.1dd19ea34e14e6335d3b11032b451730.jpg,0,healthy,4664914.5,0.0,0,0.0,236.0,474.0,3466.0,2490.0
train,04399_healthy_jpg.rf.1dd19ea34e14e6335d3b11032b451730.jpg,1,healthy,573150.0,0.0,0,0.0,2758.0,2070.0,3999.0,2671.0
train,04399_healthy_jpg.rf.1dd19ea34e14e6335d3b11032b451730.jpg,2,healthy,383496.0,0.0,0,0.0,3519.0,16.0,3999.0,1218.0
train,04400_healthy_jpg.rf.679abbc7449acd58ed17608a4c357d11.jpg,0,healthy,4471216.764999986,0.0,0,0.0,472.0,111.0,3312.0,2444.0
train,04401_healthy_jpg.rf.5d58970f3efbdb92181469dc81da74d9.jpg,0,healthy,2073746.75,0.0,0,0.0,346.0,613.0,2734.0,2279.0
train,04401_healthy_jpg.rf.5d58970f3efbdb92181469dc81da74d9.jpg,1,healthy,365642.5,0.0,0,0.0,2160.0,834.0,3185.0,1943.0
train,04401_healthy_jpg.rf.5d58970f3efbdb92181469dc81da74d9.jpg,2,healthy,581229.75,0.0,0,0.0,541.0,412.0,1965.0,1242.0
train,04402_healthy_jpg.rf.b722d83d9cff07534efc3b0bcc4f62f9.jpg,0,healthy,4766606.5,0.0,0,0.0,422.0,183.00000000000003,3338.0,2330.0
train,04402_healthy_jpg.rf.b722d83d9cff07534efc3b0bcc4f62f9.jpg,1,healthy,900617.7509999871,0.0,0,0.0,0.0,1894.0,1883.0,2671.0
train,04403_healthy_jpg.rf.2b74c83dedb0f2fabaff55d9a62d32b5.jpg,0,healthy,6013715.827000022,0.0,0,0.0,82.0,271.0,3841.0,2561.0
train,04403_healthy_jpg.rf.2b74c83dedb0f2fabaff55d9a62d32b5.jpg,1,healthy,540921.5,0.0,0,0.0,0.0,128.0,1051.0,997.0
train,04403_healthy_jpg.rf.2b74c83dedb0f2fabaff55d9a62d32b5.jpg,2,healthy,829621.1999999881,0.0,0,0.0,2741.0,0.0,3898.0,1225.0
train,04403_healthy_jpg.rf.2b74c83dedb0f2fabaff55d9a62d32b5.jpg,3,healthy,592256.6644999981,0.0,0,0.0,879.0,2173.0,3603.0,2671.0
train,04404_healthy_jpg.rf.138600a2bd39dcebdde5a2dc3fcfebf7.jpg,0,healthy,4612159.0,0.0,0,0.0,594.0,260.0,3406.0,2563.0
train,04404_healthy_jpg.rf.138600a2bd39dcebdde5a2dc3fcfebf7.jpg,1,healthy,736503.5,0.0,0,0.0,3286.0,0.0,3999.0,1487.9999999999998
train,04405_healthy_jpg.rf.65e46a8149e2f6d949d4d13803ae40fc.jpg,0,healthy,2655856.0565000176,0.0,0,0.0,664.0,650.0,3275.0,2115.0
train,04405_healthy_jpg.rf.65e46a8149e2f6d949d4d13803ae40fc.jpg,1,healthy,451981.5,0.0,0,0.0,517.0,1614.0,2104.0,2380.0
train,04405_healthy_jpg.rf.65e46a8149e2f6d949d4d13803ae40fc.jpg,2,healthy,481719.32950000465,0.0,0,0.0,0.0,2068.0,1135.0,2671.0
train,04405_healthy_jpg.rf.65e46a8149e2f6d949d4d13803ae40fc.jpg,3,healthy,576120.3344999999,0.0,0,0.0,0.0,389.0,919.0,1329.0
train,04406_healthy_jpg.rf.ada2bcbba4bf7274697128e85a3ed9b5.jpg,0,healthy,4568725.5,0.0,0,0.0,296.0,349.0,3109.0,2522.0
train,04406_healthy_jpg.rf.ada2bcbba4bf7274697128e85a3ed9b5.jpg,1,healthy,836029.5,0.0,0,0.0,36.0,1580.0,1904.0,2665.0
train,04406_healthy_jpg.rf.ada2bcbba4bf7274697128e85a3ed9b5.jpg,2,healthy,163273.625,0.0,0,0.0,0.0,611.0,225.0,1591.0
train,04406_healthy_jpg.rf.ada2bcbba4bf7274697128e85a3ed9b5.jpg,3,healthy,238668.5,0.0,0,0.0,0.0,0.0,392.0,701.9999999999999
train,04406_healthy_jpg.rf.ada2bcbba4bf7274697128e85a3ed9b5.jpg,4,healthy,905451.0,0.0,0,0.0,369.0,0.0,2729.0,572.0
train,04407_healthy_jpg.rf.65598f92e32776b6ae233523a725ddbf.jpg,0,healthy,1813519.25,0.0,0,0.0,977.0,761.0,3319.0,1834.0
train,04407_healthy_jpg.rf.65598f92e32776b6ae233523a725ddbf.jpg,1,healthy,283557.5,0.0,0,0.0,283.0,584.0,965.0,1218.0
train,04407_healthy_jpg.rf.65598f92e32776b6ae233523a725ddbf.jpg,2,healthy,769180.5,0.0,0,0.0,201.0,1555.0,1055.0,2671.0
train,04407_healthy_jpg.rf.65598f92e32776b6ae233523a725ddbf.jpg,3,healthy,696536.0,0.0,0,0.0,2239.0,0.0,3540.0,891.0
train,04407_healthy_jpg.rf.65598f92e32776b6ae233523a725ddbf.jpg,4,healthy,219708.0,0.0,0,0.0,3543.0,0.0,3999.0,579.0
train,04407_healthy_jpg.rf.65598f92e32776b6ae233523a725ddbf.jpg,5,healthy,360917.0,0.0,0,0.0,3555.0,1698.0,3999.0,2671.0
train,04408_healthy_jpg.rf.17e2658d0a3c77aac766782e37c266ab.jpg,0,healthy,5490204.161499977,0.0,0,0.0,184.0,411.0,3194.0,2665.0
train,04409_healthy_jpg.rf.6e3fc5ccd567b18c01f073c7dd674ccb.jpg,0,healthy,608010.5,0.0,0,0.0,608.0,438.0,2065.0,1584.0
train,04409_healthy_jpg.rf.6e3fc5ccd567b18c01f073c7dd674ccb.jpg,1,healthy,2897881.25,0.0,0,0.0,459.0,881.0,3321.0,2330.0
train,04409_healthy_jpg.rf.6e3fc5ccd567b18c01f073c7dd674ccb.jpg,2,healthy,448417.5,0.0,0,0.0,610.0,2319.0,2374.0,2671.0
train,04410_healthy_jpg.rf.5efe8b28c042ccae54259652fcd6aa8b.jpg,0,healthy,5686884.002999991,0.0,0,0.0,0.0,69.0,3807.0,2299.0
train,04410_healthy_jpg.rf.5efe8b28c042ccae54259652fcd6aa8b.jpg,1,healthy,354216.0,0.0,0,0.0,0.0,0.0,387.0,1247.0
train,04410_healthy_jpg.rf.5efe8b28c042ccae54259652fcd6aa8b.jpg,2,healthy,85147.0,0.0,0,0.0,0.0,1487.9999999999998,309.0,1964.0000000000002
train,04411_healthy_jpg.rf.899c205461839909b9fea88289b5ca87.jpg,0,healthy,1650968.6309999824,0.0,0,0.0,1101.0,678.0,3397.0,1927.0
train,04411_healthy_jpg.rf.899c205461839909b9fea88289b5ca87.jpg,1,healthy,948844.5,0.0,0,0.0,2568.0,1054.0,3999.0,2414.0
train,04412_healthy_jpg.rf.5c2c3a62e917d6a4c8020b7e5e5c4fb5.jpg,0,healthy,3814698.0045000017,0.0,0,0.0,689.0,327.0,3158.0,2371.0
train,04412_healthy_jpg.rf.5c2c3a62e917d6a4c8020b7e5e5c4fb5.jpg,1,healthy,654652.2139999978,0.0,0,0.0,877.0,0.0,2436.0,816.0
train,04412_healthy_jpg.rf.5c2c3a62e917d6a4c8020b7e5e5c4fb5.jpg,2,healthy,250515.5,0.0,0,0.0,0.0,1101.0,371.0,1994.0
train,04412_healthy_jpg.rf.5c2c3a62e917d6a4c8020b7e5e5c4fb5.jpg,3,healthy,405826.90000000596,0.0,0,0.0,718.0,2078.0,1932.0,2671.0
train,04413_healthy_jpg.rf.d4c81cdc02bfedaa562ec852da1f11e8.jpg,0,healthy,3824600.996999979,0.0,0,0.0,649.0,371.0,3268.0,2244.0
train,04413_healthy_jpg.rf.d4c81cdc02bfedaa562ec852da1f11e8.jpg,1,healthy,659178.5,0.0,0,0.0,0.0,1356.0,868.0,2402.0
train,04413_healthy_jpg.rf.d4c81cdc02bfedaa562ec852da1f11e8.jpg,2,healthy,431308.0,0.0,0,0.0,0.0,0.0,671.0,711.0
train,04414_healthy_jpg.rf.ba428e80c4124b4c48774d09ecf20365.jpg,0,healthy,3785267.25,0.0,0,0.0,202.0,228.00000000000003,3477.0,1939.0
train,04414_healthy_jpg.rf.ba428e80c4124b4c48774d09ecf20365.jpg,1,healthy,408789.5,0.0,0,0.0,2702.0,0.0,3817.0,746.0000000000001
train,04414_healthy_jpg.rf.ba428e80c4124b4c48774d09ecf20365.jpg,2,healthy,929819.349999994,0.0,0,0.0,2253.0,1775.0,3666.0,2671.0
train,04415_healthy_jpg.rf.929cd2c0aeb13a9e0f11745cfbff75ed.jpg,0,healthy,3716598.0,0.0,0,0.0,129.0,494.0,2931.0,2371.0
train,04415_healthy_jpg.rf.929cd2c0aeb13a9e0f11745cfbff75ed.jpg,1,healthy,1209975.8999999762,0.0,0,0.0,2590.0,1521.0,3999.0,2671.0
train,04415_healthy_jpg.rf.929cd2c0aeb13a9e0f11745cfbff75ed.jpg,2,healthy,345043.5,0.0,0,0.0,1343.0,0.0,2649.0,392.99999999999994
train,04416_healthy_jpg.rf.c78835500f88866fd30f77e791aa93f7.jpg,0,healthy,3595808.5,0.0,0,0.0,315.0,666.0,3229.0,2342.0
train,04416_healthy_jpg.rf.c78835500f88866fd30f77e791aa93f7.jpg,1,healthy,55415.0,0.0,0,0.0,0.0,1248.0,350.0,1452.0
train,04416_healthy_jpg.rf.c78835500f88866fd30f77e791aa93f7.jpg,2,healthy,474278.8350000009,0.0,0,0.0,0.0,0.0,1430.0,1209.0
train,04416_healthy_jpg.rf.c78835500f88866fd30f77e791aa93f7.jpg,3,healthy,349141.5,0.0,0,0.0,17.0,0.0,1203.0,381.0
train,04416_healthy_jpg.rf.c78835500f88866fd30f77e791aa93f7.jpg,4,healthy,589533.2060000002,0.0,0,0.0,0.0,1830.0,1383.0,2664.0
train,04417_healthy_jpg.rf.84c69f71fe05f54a3aba73a3e1986160.jpg,0,healthy,2864695.8305000067,0.0,0,0.0,1124.0,756.0,3219.0,2765.0
train,04417_healthy_jpg.rf.84c69f71fe05f54a3aba73a3e1986160.jpg,1,healthy,506386.0,0.0,0,0.0,1099.0,1881.0,2023.0000000000002,2993.0
train,04417_healthy_jpg.rf.84c69f71fe05f54a3aba73a3e1986160.jpg,2,healthy,550563.0,0.0,0,0.0,87.0,965.0,1083.0,1807.0000000000002
train,04417_healthy_jpg.rf.84c69f71fe05f54a3aba73a3e1986160.jpg,3,healthy,280060.5,0.0,0,0.0,0.0,535.0,809.0,1123.0
train,04417_healthy_jpg.rf.84c69f71fe05f54a3aba73a3e1986160.jpg,4,healthy,586278.25,0.0,0,0.0,1071.0,0.0,2007.0000000000002,869.9999999999999
train,04418_healthy_jpg.rf.8fc2c11567f54b2dfe5888bfd95bfabe.jpg,0,healthy,2310385.5,0.0,0,0.0,802.0,794.0,3327.0,2133.0
train,04418_healthy_jpg.rf.8fc2c11567f54b2dfe5888bfd95bfabe.jpg,1,healthy,899542.0,0.0,0,0.0,0.0,1635.0,1418.0,2671.0
train,04418_healthy_jpg.rf.8fc2c11567f54b2dfe5888bfd95bfabe.jpg,2,healthy,512040.5,0.0,0,0.0,701.0,0.0,2330.0,419.0
train,04419_healthy_jpg.rf.2440e16c7e7bd78ffafbebfa62b26179.jpg,0,healthy,5362645.125,0.0,0,0.0,202.0,212.0,3433.0,2492.0
train,04420_healthy_jpg.rf.1957617d7e72146b79194f1351ffb9fe.jpg,0,healthy,2796212.6204999983,0.0,0,0.0,275.0,672.0,3114.0,2143.0
train,04420_healthy_jpg.rf.1957617d7e72146b79194f1351ffb9fe.jpg,1,healthy,196096.0,0.0,0,0.0,3375.0,659.0,3999.0,1426.0
train,04420_healthy_jpg.rf.1957617d7e72146b79194f1351ffb9fe.jpg,2,healthy,167264.08449998498,0.0,0,0.0,1924.0,1954.0,2819.0,2314.0
train,04420_healthy_jpg.rf.1957617d7e72146b79194f1351ffb9fe.jpg,3,healthy,208461.4185000062,0.0,0,0.0,683.0,1994.0,1548.0,2375.0
train,04420_healthy_jpg.rf.1957617d7e72146b79194f1351ffb9fe.jpg,4,healthy,116270.0,0.0,0,0.0,0.0,2399.0,607.0,2671.0
train,04421_healthy_jpg.rf.106fdbe354e6c91ae72ec5940cd0e038.jpg,0,healthy,5375823.0,0.0,0,0.0,27.0,485.0,3999.0,2464.0
train,04421_healthy_jpg.rf.106fdbe354e6c91ae72ec5940cd0e038.jpg,1,healthy,1005668.8349999785,0.0,0,0.0,1790.0,1610.0,3965.0,2671.0
train,04422_healthy_jpg.rf.6b58acd5441f71ce2ece5b4b160a9f1a.jpg,0,healthy,2528318.1669999957,0.0,0,0.0,731.0,461.0,2904.0,2026.0
train,04422_healthy_jpg.rf.6b58acd5441f71ce2ece5b4b160a9f1a.jpg,1,healthy,531389.8560000062,0.0,0,0.0,2541.0,1891.0,3638.0,2671.0
train,04422_healthy_jpg.rf.6b58acd5441f71ce2ece5b4b160a9f1a.jpg,2,healthy,480392.5,0.0,0,0.0,3052.0,0.0,3990.0,639.0
train,04422_healthy_jpg.rf.6b58acd5441f71ce2ece5b4b160a9f1a.jpg,3,healthy,508907.8999999985,0.0,0,0.0,1753.0,0.0,3076.0,516.0
train,04423_healthy_jpg.rf.9d44bb5798300560bfe072dcd365f10b.jpg,0,healthy,3790381.17050004,0.0,0,0.0,391.0,162.0,3451.0,2020.0000000000002
train,04424_healthy_jpg.rf.bda25bb8d581bbb7eea791c39a0af9cd.jpg,0,healthy,3901344.0,0.0,0,0.0,469.0,486.0,3508.0,2288.0
train,04424_healthy_jpg.rf.bda25bb8d581bbb7eea791c39a0af9cd.jpg,1,healthy,637073.25,0.0,0,0.0,49.0,1224.0,1510.0,2298.0
train,04425_healthy_jpg.rf.fec24ff937705ee2ca707a7574497bf2.jpg,0,healthy,4892924.669499993,0.0,0,0.0,685.0,6.0,3417.0,2522.0
train,04425_healthy_jpg.rf.fec24ff937705ee2ca707a7574497bf2.jpg,1,healthy,473291.0,0.0,0,0.0,2124.0,0.0,3415.0,909.9999999999999
train,04426_healthy_jpg.rf.9a77360fc71b1fba433d92f96bdda6b9.jpg,0,healthy,5288010.209500015,0.0,0,0.0,35.0,454.99999999999994,3713.0,2381.0
train,04426_healthy_jpg.rf.9a77360fc71b1fba433d92f96bdda6b9.jpg,1,healthy,444149.0,0.0,0,0.0,0.0,1916.0,1035.0,2665.0
train,04427_healthy_jpg.rf.6fba9e8a909931f0166c6c40117ccf9e.jpg,0,healthy,1980777.5,0.0,0,0.0,910.0,969.0,2993.0,2244.0
train,04427_healthy_jpg.rf.6fba9e8a909931f0166c6c40117ccf9e.jpg,1,healthy,845210.0,0.0,0,0.0,2587.0,0.0,3588.0,1174.0
train,04427_healthy_jpg.rf.6fba9e8a909931f0166c6c40117ccf9e.jpg,2,healthy,348804.16650000215,0.0,0,0.0,3612.0,0.0,3999.0,1110.0
train,04427_healthy_jpg.rf.6fba9e8a909931f0166c6c40117ccf9e.jpg,3,healthy,623377.0,0.0,0,0.0,2033.9999999999998,1819.0,3022.0,2671.0
train,04428_healthy_jpg.rf.cacc365c5d83d5b15bb90a166706b99f.jpg,0,healthy,3883454.5,0.0,0,0.0,207.0,669.0,3535.0,2317.0
train,04428_healthy_jpg.rf.cacc365c5d83d5b15bb90a166706b99f.jpg,1,healthy,755678.0,0.0,0,0.0,0.0,0.0,1482.0,685.0
train,04428_healthy_jpg.rf.cacc365c5d83d5b15bb90a166706b99f.jpg,2,healthy,411885.5014999993,0.0,0,0.0,0.0,1677.0,585.0,2671.0
train,04429_healthy_jpg.rf.61fcc97eda3c2df6062506decf047e0b.jpg,0,healthy,624901.0464999676,0.0,0,0.0,2153.0,2002.0,3448.0,2671.0
train,04429_healthy_jpg.rf.61fcc97eda3c2df6062506decf047e0b.jpg,1,healthy,968088.0,0.0,0,0.0,2919.0,254.0,3999.0,2019.0000000000002
train,04429_healthy_jpg.rf.61fcc97eda3c2df6062506decf047e0b.jpg,2,healthy,4742552.756500006,0.0,0,0.0,83.0,373.00000000000006,3999.0,2220.0
train,04430_healthy_jpg.rf.e8251eb4621fef7ebe208ce3b0fe1197.jpg,0,healthy,4280755.5,0.0,0,0.0,222.0,109.0,3510.0,2014.9999999999998
train,04430_healthy_jpg.rf.e8251eb4621fef7ebe208ce3b0fe1197.jpg,1,healthy,484765.25,0.0,0,0.0,0.0,0.0,968.0,700.0
train,04430_healthy_jpg.rf.e8251eb4621fef7ebe208ce3b0fe1197.jpg,2,healthy,917162.799999997,0.0,0,0.0,0.0,1216.0,1109.0,2671.0
train,04430_healthy_jpg.rf.e8251eb4621fef7ebe208ce3b0fe1197.jpg,3,healthy,1149920.5095000267,0.0,0,0.0,1503.0,1955.0,3957.0,2671.0
train,04431_healthy_jpg.rf.1e3120ced42817f98341837730a912e5.jpg,0,healthy,4096157.5,0.0,0,0.0,527.0,286.0,3291.0,2359.0
train,04432_healthy_jpg.rf.8c96a3a2eabaedd8e8e9cead148299ec.jpg,0,healthy,2126154.5,0.0,0,0.0,537.0,487.0,2685.0,2007.0
train,04432_healthy_jpg.rf.8c96a3a2eabaedd8e8e9cead148299ec.jpg,1,healthy,1137908.949999988,0.0,0,0.0,2292.0,1082.0,3348.0,2671.0
train,04432_healthy_jpg.rf.8c96a3a2eabaedd8e8e9cead148299ec.jpg,2,healthy,890520.5,0.0,0,0.0,0.0,840.9999999999999,1057.0,2373.0
train,04433_healthy_jpg.rf.cde4132275d6c8d3e09e96819572f17c.jpg,0,healthy,5670791.742500007,0.0,0,0.0,308.0,225.0,3805.0,2501.0
train,04433_healthy_jpg.rf.cde4132275d6c8d3e09e96819572f17c.jpg,1,healthy,343410.0,0.0,0,0.0,0.0,211.0,484.0,1091.0
train,04434_healthy_jpg.rf.e7a71108375a39f6f33253141562930b.jpg,0,healthy,4127153.4815000296,0.0,0,0.0,0.0,357.0,3553.0,2166.0
train,04434_healthy_jpg.rf.e7a71108375a39f6f33253141562930b.jpg,1,healthy,383517.9985000007,0.0,0,0.0,0.0,0.0,1088.0,664.0
train,04435_healthy_jpg.rf.4cf99ac39c7602d22e21bb34afeadd9e.jpg,0,healthy,3686999.6664999723,0.0,0,0.0,330.0,494.0,2992.0,2449.0
train,04435_healthy_jpg.rf.4cf99ac39c7602d22e21bb34afeadd9e.jpg,1,healthy,480635.5,0.0,0,0.0,0.0,0.0,1088.0,798.9999999999999
train,04435_healthy_jpg.rf.4cf99ac39c7602d22e21bb34afeadd9e.jpg,2,healthy,369570.75,0.0,0,0.0,0.0,1619.0,422.0,2671.0
train,04436_healthy_jpg.rf.696b594b70760a481edce12cb9b9545b.jpg,0,healthy,4197736.75,0.0,0,0.0,302.0,103.0,3217.0,2131.0
train,04436_healthy_jpg.rf.696b594b70760a481edce12cb9b9545b.jpg,1,healthy,242067.0,0.0,0,0.0,0.0,0.0,831.0,508.0
train,04436_healthy_jpg.rf.696b594b70760a481edce12cb9b9545b.jpg,2,healthy,408108.5,0.0,0,0.0,3160.0,336.0,3603.0,1666.0
train,04436_healthy_jpg.rf.696b594b70760a481edce12cb9b9545b.jpg,3,healthy,513130.33749997616,0.0,0,0.0,2991.0,1910.0,3999.0,2671.0
train,04436_healthy_jpg.rf.696b594b70760a481edce12cb9b9545b.jpg,4,healthy,118103.5,0.0,0,0.0,2167.0,2308.0,2685.0,2671.0
train,04436_healthy_jpg.rf.696b594b70760a481edce12cb9b9545b.jpg,5,healthy,314099.16499999166,0.0,0,0.0,1519.0,1982.0,2254.0,2671.0
train,04436_healthy_jpg.rf.696b594b70760a481edce12cb9b9545b.jpg,6,healthy,1113854.6999999955,0.0,0,0.0,0.0,1173.0,1349.0,2671.0
train,04437_healthy_jpg.rf.7f030e7262c9a03a33441e27eb84bbbe.jpg,0,healthy,1712647.625,0.0,0,0.0,828.0,1063.0,3262.0,2133.0
train,04437_healthy_jpg.rf.7f030e7262c9a03a33441e27eb84bbbe.jpg,1,healthy,1487832.998999998,0.0,0,0.0,497.0,0.0,2149.0,1262.0
train,04437_healthy_jpg.rf.7f030e7262c9a03a33441e27eb84bbbe.jpg,2,healthy,448647.6664999998,0.0,0,0.0,0.0,7.000000000000001,456.0,1311.0
train,04437_healthy_jpg.rf.7f030e7262c9a03a33441e27eb84bbbe.jpg,3,healthy,394127.5,0.0,0,0.0,2726.0,330.0,3366.0,1233.0
train,04437_healthy_jpg.rf.7f030e7262c9a03a33441e27eb84bbbe.jpg,4,healthy,1008597.074000001,0.0,0,0.0,0.0,1928.0000000000002,1192.0,2999.0
train,04438_healthy_jpg.rf.44542d162e71b3ab81a4605711268c60.jpg,0,healthy,3181944.812444508,0.0,0,0.0,384.0,464.0,2937.0,2165.0
train,04439_healthy_jpg.rf.ea196edb934ab314a2211c548a29c6c8.jpg,0,healthy,3903090.75,0.0,0,0.0,185.0,454.0,3680.0,2151.0
train,04439_healthy_jpg.rf.ea196edb934ab314a2211c548a29c6c8.jpg,1,healthy,530810.5,0.0,0,0.0,51.0,350.99999999999994,1410.0,1225.0
train,04439_healthy_jpg.rf.ea196edb934ab314a2211c548a29c6c8.jpg,2,healthy,500774.75,0.0,0,0.0,3547.0,928.0,3999.0,2477.0
train,04440_healthy_jpg.rf.75e7c8a6d49a70396c3d85d92b759094.jpg,0,healthy,5582518.17900002,0.0,0,0.0,352.0,187.0,3500.0,2707.0
train,04440_healthy_jpg.rf.75e7c8a6d49a70396c3d85d92b759094.jpg,1,healthy,607374.5,0.0,0,0.0,0.0,0.0,823.0,1042.0
train,04440_healthy_jpg.rf.75e7c8a6d49a70396c3d85d92b759094.jpg,2,healthy,491545.0,0.0,0,0.0,326.0,2397.0,1530.0,2999.0
train,04440_healthy_jpg.rf.75e7c8a6d49a70396c3d85d92b759094.jpg,3,healthy,115874.0,0.0,0,0.0,0.0,2544.0,404.0,2999.0
train,04441_healthy_jpg.rf.7250095fb74862855744ef4f9333d183.jpg,0,healthy,3748970.250999987,0.0,0,0.0,743.0,335.0,3976.0,2516.0
train,04441_healthy_jpg.rf.7250095fb74862855744ef4f9333d183.jpg,1,healthy,367093.8999999985,0.0,0,0.0,0.0,2095.0,745.0,2671.0
train,04441_healthy_jpg.rf.7250095fb74862855744ef4f9333d183.jpg,2,healthy,132672.5,0.0,0,0.0,531.0,2105.0,1068.0,2671.0
train,04441_healthy_jpg.rf.7250095fb74862855744ef4f9333d183.jpg,3,healthy,298001.5,0.0,0,0.0,862.0,2220.0,2421.0,2671.0
train,04442_healthy_jpg.rf.0465c2c08dead4785e7524d9ba796190.jpg,0,healthy,4519310.840999961,0.0,0,0.0,473.0,109.0,3377.0,2460.0
train,04442_healthy_jpg.rf.0465c2c08dead4785e7524d9ba796190.jpg,1,healthy,1274296.5,0.0,0,0.0,2738.0,350.99999999999994,3999.0,2023.0
train,04442_healthy_jpg.rf.0465c2c08dead4785e7524d9ba796190.jpg,2,healthy,360658.5,0.0,0,0.0,0.0,1107.0,619.0,1948.0
train,04442_healthy_jpg.rf.0465c2c08dead4785e7524d9ba796190.jpg,3,healthy,386314.75,0.0,0,0.0,0.0,0.0,1070.0,447.0
train,04442_healthy_jpg.rf.0465c2c08dead4785e7524d9ba796190.jpg,4,healthy,844162.8320000172,0.0,0,0.0,0.0,2158.0,2346.0,2671.0
train,04443_healthy_jpg.rf.3c62fc6a3818e65a376584c03388203c.jpg,0,healthy,2788653.0,0.0,0,0.0,951.0,880.0,3803.0,2340.0
train,04443_healthy_jpg.rf.3c62fc6a3818e65a376584c03388203c.jpg,1,healthy,1009026.6655000001,0.0,0,0.0,0.0,0.0,1117.0,1215.0
train,04443_healthy_jpg.rf.3c62fc6a3818e65a376584c03388203c.jpg,2,healthy,678074.0,0.0,0,0.0,0.0,1729.0,1168.0,2671.0
train,04444_healthy_jpg.rf.54c00a30a843539f8adae6c9324887f7.jpg,0,healthy,427636.66400000453,0.0,0,0.0,109.0,461.0,1032.0,1398.0
train,04444_healthy_jpg.rf.54c00a30a843539f8adae6c9324887f7.jpg,1,healthy,684321.6694999933,0.0,0,0.0,891.0,611.0,1908.0,2192.0
train,04444_healthy_jpg.rf.54c00a30a843539f8adae6c9324887f7.jpg,2,healthy,1251579.0,0.0,0,0.0,1249.0,905.0,3048.0,2257.0
train,04444_healthy_jpg.rf.54c00a30a843539f8adae6c9324887f7.jpg,3,healthy,423181.5,0.0,0,0.0,1867.0,0.0,2772.0,1163.0
train,04444_healthy_jpg.rf.54c00a30a843539f8adae6c9324887f7.jpg,4,healthy,52377.0,0.0,0,0.0,3003.0,559.0,3317.0,812.9999999999999
train,04444_healthy_jpg.rf.54c00a30a843539f8adae6c9324887f7.jpg,5,healthy,45318.0,0.0,0,0.0,3283.0,531.0,3542.0,799.9999999999999
train,04444_healthy_jpg.rf.54c00a30a843539f8adae6c9324887f7.jpg,6,healthy,130346.0,0.0,0,0.0,3247.0,0.0,3820.0,290.0
train,04444_healthy_jpg.rf.54c00a30a843539f8adae6c9324887f7.jpg,7,healthy,92463.0,0.0,0,0.0,3720.0,20.0,3999.0,622.0
train,04444_healthy_jpg.rf.54c00a30a843539f8adae6c9324887f7.jpg,8,healthy,956501.665500015,0.0,0,0.0,3030.0,1162.0,3999.0,2671.0
train,04444_healthy_jpg.rf.54c00a30a843539f8adae6c9324887f7.jpg,9,healthy,506061.0,0.0,0,0.0,2483.0,1153.0,3400.0,2139.0
train,04445_healthy_jpg.rf.a3b1d168034245078287c51aa0530704.jpg,0,healthy,1569625.625,0.0,0,0.0,1024.0,771.9999999999999,2999.0,1866.0
train,04445_healthy_jpg.rf.a3b1d168034245078287c51aa0530704.jpg,1,healthy,209068.1930000186,0.0,0,0.0,3470.0,1815.0,3999.0,2357.0
train,04445_healthy_jpg.rf.a3b1d168034245078287c51aa0530704.jpg,2,healthy,347805.5,0.0,0,0.0,3217.0,0.0,3999.0,741.0
train,04446_healthy_jpg.rf.98bf037af38e18f5cf8da3e3469f89b1.jpg,0,healthy,4870870.449999988,0.0,0,0.0,0.0,424.0,2943.0,2531.0
train,04446_healthy_jpg.rf.98bf037af38e18f5cf8da3e3469f89b1.jpg,1,healthy,675483.0,0.0,0,0.0,0.0,1647.0,1663.0,2671.0
train,04447_healthy_jpg.rf.5e2538b76e8c12b7f0bc04a3931d8df7.jpg,0,healthy,2518718.6714999974,0.0,0,0.0,1266.0,425.0,3374.0,2135.0
train,04447_healthy_jpg.rf.5e2538b76e8c12b7f0bc04a3931d8df7.jpg,1,healthy,447430.16500002146,0.0,0,0.0,2897.0,1362.0,3999.0,2113.0
train,04448_healthy_jpg.rf.69ecac8550aec71dcb2ce3266c95c742.jpg,0,healthy,3220117.7510000467,0.0,0,0.0,700.0,498.00000000000006,3782.0,2027.0
train,04448_healthy_jpg.rf.69ecac8550aec71dcb2ce3266c95c742.jpg,1,healthy,696505.5,0.0,0,0.0,0.0,0.0,1170.0,815.0000000000001
train,04449_healthy_jpg.rf.3df896f066eea03435fc642ab1f115a9.jpg,0,healthy,1372896.163999997,0.0,0,0.0,0.0,0.0,2558.0,1259.0
train,04449_healthy_jpg.rf.3df896f066eea03435fc642ab1f115a9.jpg,1,healthy,3663789.5,0.0,0,0.0,87.0,436.0,3523.0,1915.0
train,04449_healthy_jpg.rf.3df896f066eea03435fc642ab1f115a9.jpg,2,healthy,637030.6999999993,0.0,0,0.0,0.0,1568.0,841.0,2671.0
train,04450_healthy_jpg.rf.8304d09afcf40ced297d7d34ca3f8fd8.jpg,0,healthy,2617607.665500015,0.0,0,0.0,522.0,775.0000000000001,3280.0,2055.0
train,04450_healthy_jpg.rf.8304d09afcf40ced297d7d34ca3f8fd8.jpg,1,healthy,779468.25,0.0,0,0.0,1096.0,0.0,2455.0,837.0000000000001
train,04450_healthy_jpg.rf.8304d09afcf40ced297d7d34ca3f8fd8.jpg,2,healthy,239056.83349999785,0.0,0,0.0,3146.0,473.00000000000006,3673.0,1061.0
train,04450_healthy_jpg.rf.8304d09afcf40ced297d7d34ca3f8fd8.jpg,3,healthy,135719.49650000036,0.0,0,0.0,3794.0,0.0,3999.0,807.0
train,04451_healthy_jpg.rf.c5c1d3aea7381f318e13f0b76e3d7df4.jpg,0,healthy,3169098.0,0.0,0,0.0,609.0,631.0,3023.0,2503.0
train,04451_healthy_jpg.rf.c5c1d3aea7381f318e13f0b76e3d7df4.jpg,1,healthy,246099.1670000013,0.0,0,0.0,0.0,1208.0,614.0,1749.0
train,04451_healthy_jpg.rf.c5c1d3aea7381f318e13f0b76e3d7df4.jpg,2,healthy,157717.83750000037,0.0,0,0.0,0.0,770.9999999999999,629.0,1255.0
train,04451_healthy_jpg.rf.c5c1d3aea7381f318e13f0b76e3d7df4.jpg,3,healthy,523546.5,0.0,0,0.0,895.0,0.0,1884.0,757.9999999999999
train,04451_healthy_jpg.rf.c5c1d3aea7381f318e13f0b76e3d7df4.jpg,4,healthy,162617.0,0.0,0,0.0,2123.0,0.0,2739.0,371.99999999999994
train,04451_healthy_jpg.rf.c5c1d3aea7381f318e13f0b76e3d7df4.jpg,5,healthy,210616.5,0.0,0,0.0,2719.0,77.0,3387.0,607.0
train,04451_healthy_jpg.rf.c5c1d3aea7381f318e13f0b76e3d7df4.jpg,6,healthy,521627.5,0.0,0,0.0,2536.0,545.0,3461.0,1445.0
train,04451_healthy_jpg.rf.c5c1d3aea7381f318e13f0b76e3d7df4.jpg,7,healthy,266929.0,0.0,0,0.0,3501.0,302.0,3999.0,1017.0
train,04451_healthy_jpg.rf.c5c1d3aea7381f318e13f0b76e3d7df4.jpg,8,healthy,131787.3329999894,0.0,0,0.0,3705.0,899.0000000000001,3999.0,1526.0
train,04452_healthy_jpg.rf.263474d76c60d0706090b1423bf5d6ea.jpg,0,healthy,5963384.001499951,0.0,0,0.0,296.0,8.0,3764.0,2545.0
train,04452_healthy_jpg.rf.263474d76c60d0706090b1423bf5d6ea.jpg,1,healthy,1522679.5,0.0,0,0.0,0.0,175.0,1398.0,2665.0
train,04452_healthy_jpg.rf.263474d76c60d0706090b1423bf5d6ea.jpg,2,healthy,1030462.0,0.0,0,0.0,3334.0,0.0,3999.0,2573.0
train,04453_healthy_jpg.rf.be13bf5926d8ee4670cae74ce400fa60.jpg,0,healthy,102914.0,0.0,0,0.0,3654.0,297.0,3999.0,784.0
train,04453_healthy_jpg.rf.be13bf5926d8ee4670cae74ce400fa60.jpg,1,healthy,5495675.0,0.0,0,0.0,101.0,65.0,3919.0,2172.0
train,04453_healthy_jpg.rf.be13bf5926d8ee4670cae74ce400fa60.jpg,2,healthy,218833.5,0.0,0,0.0,848.0,0.0,1616.0,403.0
train,04453_healthy_jpg.rf.be13bf5926d8ee4670cae74ce400fa60.jpg,3,healthy,383042.6674999967,0.0,0,0.0,0.0,1900.0,701.0,2671.0
train,04454_healthy_jpg.rf.5f4cae36def711266c5299fb77fb33ac.jpg,0,healthy,4077718.752000004,0.0,0,0.0,158.0,311.0,3460.0,2063.0
train,04455_healthy_jpg.rf.6ee4b1be7244873839df45fc5e64058f.jpg,0,healthy,2216961.834000021,0.0,0,0.0,1167.0,209.0,3044.0,1826.0000000000002
train,04455_healthy_jpg.rf.6ee4b1be7244873839df45fc5e64058f.jpg,1,healthy,550033.5,0.0,0,0.0,0.0,942.0,1016.0,1831.0
train,04455_healthy_jpg.rf.6ee4b1be7244873839df45fc5e64058f.jpg,2,healthy,827446.1679999996,0.0,0,0.0,0.0,0.0,2296.0,543.0
train,04456_healthy_jpg.rf.21c69238d26c4a358c7527bfb004c72e.jpg,0,healthy,2580965.0,0.0,0,0.0,0.0,220.0,2339.0,1788.0
train,04456_healthy_jpg.rf.21c69238d26c4a358c7527bfb004c72e.jpg,1,healthy,919980.5,0.0,0,0.0,728.0,1819.0,2100.0,2664.0
train,04457_healthy_jpg.rf.10ca6dd8ccfb6852510f6aa4ac75d0b4.jpg,0,healthy,4339001.994999945,0.0,0,0.0,322.0,346.0,3735.0,2337.0
train,04457_healthy_jpg.rf.10ca6dd8ccfb6852510f6aa4ac75d0b4.jpg,1,healthy,333677.000500001,0.0,0,0.0,0.0,1374.0,345.0,2671.0
train,04457_healthy_jpg.rf.10ca6dd8ccfb6852510f6aa4ac75d0b4.jpg,2,healthy,268182.5,0.0,0,0.0,213.0,229.0,933.0,863.0
train,04457_healthy_jpg.rf.10ca6dd8ccfb6852510f6aa4ac75d0b4.jpg,3,healthy,330181.5,0.0,0,0.0,0.0,0.0,1044.0,540.0
train,04458_healthy_jpg.rf.fdb74280cad9680085a53305309ebfac.jpg,0,healthy,4923822.500499964,0.0,0,0.0,622.0,134.0,3943.0,2202.0
train,04458_healthy_jpg.rf.fdb74280cad9680085a53305309ebfac.jpg,1,healthy,860899.8049999774,0.0,0,0.0,496.0,2171.0,3032.0,2671.0
train,04459_healthy_jpg.rf.311803faf7083966c9d04e332bf7d095.jpg,0,healthy,3361940.834500015,0.0,0,0.0,878.0,214.00000000000003,3548.0,2019.0000000000002
train,04459_healthy_jpg.rf.311803faf7083966c9d04e332bf7d095.jpg,1,healthy,573940.0,0.0,0,0.0,544.0,9.0,1725.0,976.0
train,04459_healthy_jpg.rf.311803faf7083966c9d04e332bf7d095.jpg,2,healthy,216582.5,0.0,0,0.0,0.0,0.0,472.0,661.0
train,04459_healthy_jpg.rf.311803faf7083966c9d04e332bf7d095.jpg,3,healthy,1189471.0,0.0,0,0.0,48.0,1535.0,1498.0,2665.0
train,04459_healthy_jpg.rf.311803faf7083966c9d04e332bf7d095.jpg,4,healthy,119960.5,0.0,0,0.0,0.0,2279.0,468.0,2671.0
train,04460_healthy_jpg.rf.604064ca07ae296c968b60ec80b9c849.jpg,0,healthy,3912118.774000019,0.0,0,0.0,157.0,214.00000000000003,2879.0,2404.0
train,04461_healthy_jpg.rf.04e959fb3f38e7c79e3f0c4c551ce5f1.jpg,0,healthy,2942576.5,0.0,0,0.0,252.0,436.0,3105.0,1942.0
train,04461_healthy_jpg.rf.04e959fb3f38e7c79e3f0c4c551ce5f1.jpg,1,healthy,495092.0,0.0,0,0.0,2336.0,0.0,3515.0,560.0
train,04461_healthy_jpg.rf.04e959fb3f38e7c79e3f0c4c551ce5f1.jpg,2,healthy,602324.5,0.0,0,0.0,3320.0,1407.0000000000002,3999.0,2671.0
train,04462_healthy_jpg.rf.3ee4849a1fd8d9debda72c0da0e71db6.jpg,0,healthy,3795230.5830000043,0.0,0,0.0,612.0,304.0,3257.0,2405.0
train,04462_healthy_jpg.rf.3ee4849a1fd8d9debda72c0da0e71db6.jpg,1,healthy,900858.5,0.0,0,0.0,109.0,0.0,1857.0,1080.0
train,04462_healthy_jpg.rf.3ee4849a1fd8d9debda72c0da0e71db6.jpg,2,healthy,1221436.5,0.0,0,0.0,3261.0,0.0,3999.0,2229.0
train,04463_healthy_jpg.rf.93c52d4240adcb1f95287d3c6cf14d6c.jpg,0,healthy,5261610.332000017,0.0,0,0.0,387.0,7.0,3431.0,2394.0
train,04463_healthy_jpg.rf.93c52d4240adcb1f95287d3c6cf14d6c.jpg,1,healthy,623469.0,0.0,0,0.0,0.0,0.0,767.0,1212.0
train,04463_healthy_jpg.rf.93c52d4240adcb1f95287d3c6cf14d6c.jpg,2,healthy,1529555.0,0.0,0,0.0,2746.0,66.0,3999.0,2087.0
train,04464_healthy_jpg.rf.5bfcbd21f09f46e8f3655333961e2e24.jpg,0,healthy,2598001.8360000253,0.0,0,0.0,477.0,539.0,3250.0,1880.0000000000002
train,04464_healthy_jpg.rf.5bfcbd21f09f46e8f3655333961e2e24.jpg,1,healthy,522486.5,0.0,0,0.0,0.0,0.0,969.0,704.0000000000001
train,04465_healthy_jpg.rf.7f941ffa0a46c8ce3d7f4a1beabdf0e2.jpg,0,healthy,6021942.837499976,0.0,0,0.0,0.0,220.0,3383.0,2548.0
train,04466_healthy_jpg.rf.3d1894fe585f44c705284bb661374a00.jpg,0,healthy,223103.7555999998,0.0,0,0.0,3733.34,0.0,4000.0,836.66
train,04466_healthy_jpg.rf.3d1894fe585f44c705284bb661374a00.jpg,1,healthy,4178671.375,0.0,0,0.0,554.0,339.0,3351.0,2361.0
train,04466_healthy_jpg.rf.3d1894fe585f44c705284bb661374a00.jpg,2,healthy,746691.5,0.0,0,0.0,0.0,0.0,880.0,1254.0
train,04466_healthy_jpg.rf.3d1894fe585f44c705284bb661374a00.jpg,3,healthy,819518.8339999914,0.0,0,0.0,396.0,1311.0,2041.0,2671.0
train,04467_healthy_jpg.rf.65b511dee9e5ba4b087bb09bd54ee1e7.jpg,0,healthy,1643370.5,0.0,0,0.0,828.0,543.0,2881.0,2034.0000000000002
train,04467_healthy_jpg.rf.65b511dee9e5ba4b087bb09bd54ee1e7.jpg,1,healthy,257545.0,0.0,0,0.0,3406.0,140.0,3999.0,848.9999999999999
train,04467_healthy_jpg.rf.65b511dee9e5ba4b087bb09bd54ee1e7.jpg,2,healthy,336791.33200000226,0.0,0,0.0,2255.0,0.0,3084.0,734.0
train,04467_healthy_jpg.rf.65b511dee9e5ba4b087bb09bd54ee1e7.jpg,3,healthy,374046.0,0.0,0,0.0,1281.0,123.0,2383.0,798.9999999999999
train,04468_healthy_jpg.rf.1d01665847475f3e2eed7e6230a89882.jpg,0,healthy,3118206.0474999845,0.0,0,0.0,405.0,498.00000000000006,3179.0,2084.0
train,04468_healthy_jpg.rf.1d01665847475f3e2eed7e6230a89882.jpg,1,healthy,531662.5,0.0,0,0.0,588.0,58.0,1606.0,985.0
train,04468_healthy_jpg.rf.1d01665847475f3e2eed7e6230a89882.jpg,2,healthy,347338.0,0.0,0,0.0,1475.0,0.0,2542.0,534.0
train,04468_healthy_jpg.rf.1d01665847475f3e2eed7e6230a89882.jpg,3,healthy,241143.0,0.0,0,0.0,2695.0,0.0,3440.0,496.99999999999994
train,04468_healthy_jpg.rf.1d01665847475f3e2eed7e6230a89882.jpg,4,healthy,159450.0,0.0,0,0.0,3270.0,1744.0,3663.0,2267.0
train,04468_healthy_jpg.rf.1d01665847475f3e2eed7e6230a89882.jpg,5,healthy,256296.6685000062,0.0,0,0.0,1940.0,1862.0,2632.0,2389.0
train,04468_healthy_jpg.rf.1d01665847475f3e2eed7e6230a89882.jpg,6,healthy,112250.5,0.0,0,0.0,1507.0,2422.0,2156.0,2671.0
train,04468_healthy_jpg.rf.1d01665847475f3e2eed7e6230a89882.jpg,7,healthy,83478.5,0.0,0,0.0,474.0,2490.0,1136.0,2671.0
train,04468_healthy_jpg.rf.1d01665847475f3e2eed7e6230a89882.jpg,8,healthy,286616.6655000001,0.0,0,0.0,0.0,2180.0,739.0,2671.0
train,04469_healthy_jpg.rf.6469ac12c397a64ebb5cd0ed59e6d0c1.jpg,0,healthy,3730667.5,0.0,0,0.0,849.0,695.0,3810.0,2472.0
train,04469_healthy_jpg.rf.6469ac12c397a64ebb5cd0ed59e6d0c1.jpg,1,healthy,68548.0,0.0,0,0.0,3776.0,1029.0,3999.0,1466.0
train,04469_healthy_jpg.rf.6469ac12c397a64ebb5cd0ed59e6d0c1.jpg,2,healthy,532925.0,0.0,0,0.0,3185.0,1386.0,3999.0,2556.0
train,04469_healthy_jpg.rf.6469ac12c397a64ebb5cd0ed59e6d0c1.jpg,3,healthy,372417.8914999962,0.0,0,0.0,1404.0,2369.0,3299.0,2671.0
train,04470_healthy_jpg.rf.e8232bc3d46ab96f0ee5c3d447738f7b.jpg,0,healthy,2552216.25,0.0,0,0.0,267.0,440.0,3412.0,1769.0000000000002
train,04470_healthy_jpg.rf.e8232bc3d46ab96f0ee5c3d447738f7b.jpg,1,healthy,812919.5549999997,0.0,0,0.0,0.0,1780.0,1229.0,2671.0
train,04471_healthy_jpg.rf.2b3cb43cdfdc97ae6122b8440a4f14c1.jpg,0,healthy,3860808.6634999514,0.0,0,0.0,636.0,543.0,3229.0,2520.0
train,04471_healthy_jpg.rf.2b3cb43cdfdc97ae6122b8440a4f14c1.jpg,1,healthy,1233476.4975000024,0.0,0,0.0,2785.0,0.0,3999.0,1403.9999999999998
train,04471_healthy_jpg.rf.2b3cb43cdfdc97ae6122b8440a4f14c1.jpg,2,healthy,612541.5,0.0,0,0.0,3138.0,1217.0,3999.0,2461.0
train,04471_healthy_jpg.rf.2b3cb43cdfdc97ae6122b8440a4f14c1.jpg,3,healthy,230790.66749999672,0.0,0,0.0,228.0,2368.0,1335.0,2671.0
train,04471_healthy_jpg.rf.2b3cb43cdfdc97ae6122b8440a4f14c1.jpg,4,healthy,130876.0,0.0,0,0.0,516.0,1695.0,1043.0,2225.0
train,04471_healthy_jpg.rf.2b3cb43cdfdc97ae6122b8440a4f14c1.jpg,5,healthy,233396.5,0.0,0,0.0,0.0,1978.0,560.0,2671.0
train,04471_healthy_jpg.rf.2b3cb43cdfdc97ae6122b8440a4f14c1.jpg,6,healthy,76032.5,0.0,0,0.0,391.0,1920.0,636.0,2436.0
train,04471_healthy_jpg.rf.2b3cb43cdfdc97ae6122b8440a4f14c1.jpg,7,healthy,159694.5,0.0,0,0.0,0.0,825.0,324.0,1419.0
train,04471_healthy_jpg.rf.2b3cb43cdfdc97ae6122b8440a4f14c1.jpg,8,healthy,138125.5,0.0,0,0.0,327.0,907.0,694.0,1428.0
train,04471_healthy_jpg.rf.2b3cb43cdfdc97ae6122b8440a4f14c1.jpg,9,healthy,694804.0824999996,0.0,0,0.0,0.0,0.0,1249.0,860.0
train,04472_healthy_jpg.rf.f0312f8c2d15e68084a323a143b7e69d.jpg,0,healthy,3950094.931499958,0.0,0,0.0,163.0,331.0,3775.0,1895.0
train,04472_healthy_jpg.rf.f0312f8c2d15e68084a323a143b7e69d.jpg,1,healthy,604253.0,0.0,0,0.0,2639.0,0.0,3999.0,684.0
train,04472_healthy_jpg.rf.f0312f8c2d15e68084a323a143b7e69d.jpg,2,healthy,814569.9980000257,0.0,0,0.0,2734.0,1338.0,3999.0,2657.0
train,04472_healthy_jpg.rf.f0312f8c2d15e68084a323a143b7e69d.jpg,3,healthy,2221921.4164999872,0.0,0,0.0,0.0,17.0,1508.0,2665.0
train,04472_healthy_jpg.rf.f0312f8c2d15e68084a323a143b7e69d.jpg,4,healthy,197837.25,0.0,0,0.0,1340.0,1879.0000000000002,1869.0,2671.0
train,04473_healthy_jpg.rf.627e01c0e5e99105724f5d5ab8f56ec0.jpg,0,healthy,3343160.5,0.0,0,0.0,551.0,145.0,3326.0,1835.0
train,04474_healthy_jpg.rf.b3d66c4172f94f951032d8bdf870fe59.jpg,0,healthy,3716484.997999996,0.0,0,0.0,763.0,343.99999999999994,3308.0,2373.0
train,04474_healthy_jpg.rf.b3d66c4172f94f951032d8bdf870fe59.jpg,1,healthy,424878.0,0.0,0,0.0,2283.0,249.00000000000003,3215.0,1037.0
train,04474_healthy_jpg.rf.b3d66c4172f94f951032d8bdf870fe59.jpg,2,healthy,294752.700000003,0.0,0,0.0,3039.0,0.0,3834.0,513.0
train,04475_healthy_jpg.rf.a4dd7aeea09c684d9a1660dc49c4dbf0.jpg,0,healthy,3341206.999000013,0.0,0,0.0,581.0,318.0,3224.0,2202.0
train,04475_healthy_jpg.rf.a4dd7aeea09c684d9a1660dc49c4dbf0.jpg,1,healthy,304973.0,0.0,0,0.0,932.0,2141.0,1862.0,2671.0
train,04475_healthy_jpg.rf.a4dd7aeea09c684d9a1660dc49c4dbf0.jpg,2,healthy,170096.0,0.0,0,0.0,294.0,2389.0,1051.0,2671.0
train,04475_healthy_jpg.rf.a4dd7aeea09c684d9a1660dc49c4dbf0.jpg,3,healthy,20907.0,0.0,0,0.0,0.0,2588.0,322.0,2671.0
train,04475_healthy_jpg.rf.a4dd7aeea09c684d9a1660dc49c4dbf0.jpg,4,healthy,222805.5,0.0,0,0.0,0.0,1442.0,484.0,2152.0
train,04475_healthy_jpg.rf.a4dd7aeea09c684d9a1660dc49c4dbf0.jpg,5,healthy,620303.0,0.0,0,0.0,0.0,0.0,1012.9999999999999,817.0
train,04475_healthy_jpg.rf.a4dd7aeea09c684d9a1660dc49c4dbf0.jpg,6,healthy,502143.99949999154,0.0,0,0.0,2765.0,170.0,3822.0,1001.0
train,04475_healthy_jpg.rf.a4dd7aeea09c684d9a1660dc49c4dbf0.jpg,7,healthy,436406.5,0.0,0,0.0,0.0,367.0,596.0,1498.0
train,04476_healthy_jpg.rf.9cb9b86f3ab0adca68190d590b2df59b.jpg,0,healthy,4020723.0,0.0,0,0.0,623.0,242.00000000000003,3028.0,2374.0
train,04476_healthy_jpg.rf.9cb9b86f3ab0adca68190d590b2df59b.jpg,1,healthy,375384.700000003,0.0,0,0.0,2894.0,721.0,3516.0,1607.0
train,04476_healthy_jpg.rf.9cb9b86f3ab0adca68190d590b2df59b.jpg,2,healthy,953566.4510000348,0.0,0,0.0,2179.0,1472.0,3579.0,2671.0
train,04476_healthy_jpg.rf.9cb9b86f3ab0adca68190d590b2df59b.jpg,3,healthy,424242.5,0.0,0,0.0,0.0,668.0,432.0,2107.0
train,04477_healthy_jpg.rf.a66d244062f5caf4b965a809bec58c24.jpg,0,healthy,1399872.25,0.0,0,0.0,1100.0,860.9999999999999,2814.0,2060.0
train,04477_healthy_jpg.rf.a66d244062f5caf4b965a809bec58c24.jpg,1,healthy,408435.0,0.0,0,0.0,1204.0,184.0,2291.0,884.0000000000001
train,04477_healthy_jpg.rf.a66d244062f5caf4b965a809bec58c24.jpg,2,healthy,200184.5,0.0,0,0.0,0.0,0.0,799.0,314.0
train,04477_healthy_jpg.rf.a66d244062f5caf4b965a809bec58c24.jpg,3,healthy,192597.0,0.0,0,0.0,378.0,1954.9999999999998,892.0,2527.0
train,04477_healthy_jpg.rf.a66d244062f5caf4b965a809bec58c24.jpg,4,healthy,115686.5,0.0,0,0.0,908.0,1513.0,1125.0,2263.0
train,04477_healthy_jpg.rf.a66d244062f5caf4b965a809bec58c24.jpg,5,healthy,460945.5,0.0,0,0.0,0.0,1318.0,823.0,2254.0
train,04477_healthy_jpg.rf.a66d244062f5caf4b965a809bec58c24.jpg,6,healthy,235503.0,0.0,0,0.0,0.0,2236.0,407.0,2999.0
train,04478_healthy_jpg.rf.2c512d850eae5aaae6bdc827f8962ae5.jpg,0,healthy,2524597.3180000037,0.0,0,0.0,380.0,347.0,2301.0,2368.0
train,04479_healthy_jpg.rf.88bef36e3fd3bdcec4914a0ddbc79d81.jpg,0,healthy,3077816.9930000007,0.0,0,0.0,412.0,647.0,2806.0,2353.0
train,04479_healthy_jpg.rf.88bef36e3fd3bdcec4914a0ddbc79d81.jpg,1,healthy,1006894.0,0.0,0,0.0,3247.0,0.0,3999.0,1674.0
train,04479_healthy_jpg.rf.88bef36e3fd3bdcec4914a0ddbc79d81.jpg,2,healthy,154029.0,0.0,0,0.0,3562.0,1589.0,3999.0,2202.0
train,04479_healthy_jpg.rf.88bef36e3fd3bdcec4914a0ddbc79d81.jpg,3,healthy,85744.99749999959,0.0,0,0.0,2723.0,0.0,3414.0,192.99999999999997
train,04479_healthy_jpg.rf.88bef36e3fd3bdcec4914a0ddbc79d81.jpg,4,healthy,514476.0,0.0,0,0.0,1161.0,131.0,2623.0,803.0
train,04479_healthy_jpg.rf.88bef36e3fd3bdcec4914a0ddbc79d81.jpg,5,healthy,602958.5,0.0,0,0.0,0.0,147.0,577.0,1586.0
train,04479_healthy_jpg.rf.88bef36e3fd3bdcec4914a0ddbc79d81.jpg,6,healthy,208397.0,0.0,0,0.0,0.0,1597.0,467.0,2269.0
train,04479_healthy_jpg.rf.88bef36e3fd3bdcec4914a0ddbc79d81.jpg,7,healthy,761906.2604999989,0.0,0,0.0,0.0,1944.0,1558.0,2671.0
train,04479_healthy_jpg.rf.88bef36e3fd3bdcec4914a0ddbc79d81.jpg,8,healthy,295520.875,0.0,0,0.0,1435.0,2235.0,2422.0,2671.0
train,04479_healthy_jpg.rf.88bef36e3fd3bdcec4914a0ddbc79d81.jpg,9,healthy,318755.875,0.0,0,0.0,2247.0,2113.0,3150.0,2671.0
train,04480_healthy_jpg.rf.6e2618ad9b221fad1e35af516f8e4ca7.jpg,0,healthy,4898599.313999951,0.0,0,0.0,801.0,243.0,3783.0,2546.0
train,04480_healthy_jpg.rf.6e2618ad9b221fad1e35af516f8e4ca7.jpg,1,healthy,513570.5,0.0,0,0.0,3120.0,373.00000000000006,3999.0,1532.0
train,04480_healthy_jpg.rf.6e2618ad9b221fad1e35af516f8e4ca7.jpg,2,healthy,826961.0,0.0,0,0.0,0.0,1673.0,1467.0,2496.0
train,04480_healthy_jpg.rf.6e2618ad9b221fad1e35af516f8e4ca7.jpg,3,healthy,282168.8375000004,0.0,0,0.0,0.0,1077.0,599.0,1743.0
train,04481_healthy_jpg.rf.bc342b3a2ea989c48a416baf7fbf4d6e.jpg,0,healthy,639258.6655000001,0.0,0,0.0,455.0,0.0,1752.0,878.0
train,04481_healthy_jpg.rf.bc342b3a2ea989c48a416baf7fbf4d6e.jpg,1,healthy,384840.75,0.0,0,0.0,2841.0,0.0,3999.0,653.0
train,04481_healthy_jpg.rf.bc342b3a2ea989c48a416baf7fbf4d6e.jpg,2,healthy,225848.0830000043,0.0,0,0.0,2602.0,1303.0,3294.0,2070.0
train,04481_healthy_jpg.rf.bc342b3a2ea989c48a416baf7fbf4d6e.jpg,3,healthy,4041886.5,0.0,0,0.0,506.0,256.0,3445.0,2313.0
train,04482_healthy_jpg.rf.65855476bf71481e2798261338abcd3b.jpg,0,healthy,4000878.0,0.0,0,0.0,478.0,165.0,3590.0,1858.0
train,04482_healthy_jpg.rf.65855476bf71481e2798261338abcd3b.jpg,1,healthy,1233284.1840000153,0.0,0,0.0,86.0,1283.0,1408.0,2671.0
train,04482_healthy_jpg.rf.65855476bf71481e2798261338abcd3b.jpg,2,healthy,442114.4970000014,0.0,0,0.0,352.0,0.0,2025.9999999999998,436.0
train,04483_healthy_jpg.rf.ef9d9b74acf9a3164b4eb70efc62c833.jpg,0,healthy,3475819.3369999826,0.0,0,0.0,448.0,316.0,2830.0,2256.0
train,04483_healthy_jpg.rf.ef9d9b74acf9a3164b4eb70efc62c833.jpg,1,healthy,882812.5,0.0,0,0.0,2996.0,0.0,3999.0,1024.0
train,04483_healthy_jpg.rf.ef9d9b74acf9a3164b4eb70efc62c833.jpg,2,healthy,1268624.5,0.0,0,0.0,0.0,1162.0,1336.0,2666.0
train,04483_healthy_jpg.rf.ef9d9b74acf9a3164b4eb70efc62c833.jpg,3,healthy,333781.165500015,0.0,0,0.0,3310.0,1635.0,3999.0,2326.0
train,04483_healthy_jpg.rf.ef9d9b74acf9a3164b4eb70efc62c833.jpg,4,healthy,74869.0,0.0,0,0.0,3819.0,1360.0,3999.0,2026.0
train,04484_healthy_jpg.rf.7aed523f703c176cd1e04b2d5fea8233.jpg,0,healthy,2985925.5850000083,0.0,0,0.0,341.0,116.0,2696.0,1924.0
train,04484_healthy_jpg.rf.7aed523f703c176cd1e04b2d5fea8233.jpg,1,healthy,1223153.0,0.0,0,0.0,0.0,0.0,1489.0,1424.0
train,04484_healthy_jpg.rf.7aed523f703c176cd1e04b2d5fea8233.jpg,2,healthy,403437.0,0.0,0,0.0,3026.0,149.0,3999.0,870.0000000000001
train,04485_healthy_jpg.rf.991c41203a09999f5cf63923c469e110.jpg,0,healthy,682439.122200001,0.0,0,0.0,3383.34,1409.995,4000.0,2516.665
train,04485_healthy_jpg.rf.991c41203a09999f5cf63923c469e110.jpg,1,healthy,3651471.3055000007,0.0,0,0.0,36.0,666.0,2717.0,2533.0
train,04485_healthy_jpg.rf.991c41203a09999f5cf63923c469e110.jpg,2,healthy,157813.5,0.0,0,0.0,3488.0,1089.0,3999.0,1534.0
train,04486_healthy_jpg.rf.d79c40ac2ee7b87904d8de5dc6f21579.jpg,0,healthy,2350404.0,0.0,0,0.0,962.0,693.0,3267.0,2096.0
train,04486_healthy_jpg.rf.d79c40ac2ee7b87904d8de5dc6f21579.jpg,1,healthy,576541.0834999979,0.0,0,0.0,2178.0,169.0,3346.0,919.0
train,04486_healthy_jpg.rf.d79c40ac2ee7b87904d8de5dc6f21579.jpg,2,healthy,210307.5,0.0,0,0.0,3614.0,135.0,3999.0,933.0
train,04486_healthy_jpg.rf.d79c40ac2ee7b87904d8de5dc6f21579.jpg,3,healthy,301019.5,0.0,0,0.0,3597.0,894.0,3999.0,1875.0
train,04486_healthy_jpg.rf.d79c40ac2ee7b87904d8de5dc6f21579.jpg,4,healthy,91562.5,0.0,0,0.0,3005.0,0.0,3525.0,243.0
train,04487_healthy_jpg.rf.1140ce4aa1376f4c4db33ac9134f999b.jpg,0,healthy,369952.5,0.0,0,0.0,3462.0,0.0,3999.0,1071.0
train,04487_healthy_jpg.rf.1140ce4aa1376f4c4db33ac9134f999b.jpg,1,healthy,596210.3400000036,0.0,0,0.0,2409.0,1422.0,3457.0,2292.0
train,04487_healthy_jpg.rf.1140ce4aa1376f4c4db33ac9134f999b.jpg,2,healthy,303340.3339999914,0.0,0,0.0,3381.0,1820.9999999999998,3999.0,2610.0
train,04487_healthy_jpg.rf.1140ce4aa1376f4c4db33ac9134f999b.jpg,3,healthy,4481867.245500028,0.0,0,0.0,20.0,0.0,3195.0,2082.0
train,04488_healthy_jpg.rf.3bfc18ef276a685cecd30a289c331ccb.jpg,0,healthy,3297794.665499985,0.0,0,0.0,173.0,562.0,3236.0,2295.0
train,04488_healthy_jpg.rf.3bfc18ef276a685cecd30a289c331ccb.jpg,1,healthy,181860.0,0.0,0,0.0,346.0,0.0,1183.0,368.0
train,04488_healthy_jpg.rf.3bfc18ef276a685cecd30a289c331ccb.jpg,2,healthy,299175.5,0.0,0,0.0,2735.0,0.0,3999.0,629.0
train,04488_healthy_jpg.rf.3bfc18ef276a685cecd30a289c331ccb.jpg,3,healthy,348505.5,0.0,0,0.0,3477.0,256.0,3999.0,1342.0
train,04489_healthy_jpg.rf.559ce4982b0cc89a1b669d81aaf78bea.jpg,0,healthy,1278454.0,0.0,0,0.0,1597.0,0.0,3999.0,778.0
train,04489_healthy_jpg.rf.559ce4982b0cc89a1b669d81aaf78bea.jpg,1,healthy,1705005.5,0.0,0,0.0,1289.0,528.0,3030.0,1939.0
train,04489_healthy_jpg.rf.559ce4982b0cc89a1b669d81aaf78bea.jpg,2,healthy,414962.0,0.0,0,0.0,0.0,689.0000000000001,619.0,1606.0
train,04489_healthy_jpg.rf.559ce4982b0cc89a1b669d81aaf78bea.jpg,3,healthy,284042.5,0.0,0,0.0,1330.0,10.0,2311.0,579.0
train,04490_healthy_jpg.rf.801acda58f193316f42d4dfc565e1d2e.jpg,0,healthy,4694346.25,0.0,0,0.0,0.0,244.99999999999997,3981.0,1880.0000000000002
train,04490_healthy_jpg.rf.801acda58f193316f42d4dfc565e1d2e.jpg,1,healthy,419398.05349999666,0.0,0,0.0,535.0,2246.0,1999.0,2671.0
train,04490_healthy_jpg.rf.801acda58f193316f42d4dfc565e1d2e.jpg,2,healthy,965642.0,0.0,0,0.0,0.0,1019.0,1626.0,2378.0
train,04491_healthy_jpg.rf.74fbbb43249ad869f5fbd652b04c2fa5.jpg,0,healthy,1488456.5,0.0,0,0.0,0.0,0.0,1029.0,1676.0
train,04491_healthy_jpg.rf.74fbbb43249ad869f5fbd652b04c2fa5.jpg,1,healthy,1927907.0,0.0,0,0.0,1076.0,968.0,3275.0,2346.0
train,04491_healthy_jpg.rf.74fbbb43249ad869f5fbd652b04c2fa5.jpg,2,healthy,722286.5,0.0,0,0.0,2837.0,366.0,3936.0,1665.0000000000002
train,04491_healthy_jpg.rf.74fbbb43249ad869f5fbd652b04c2fa5.jpg,3,healthy,416640.5,0.0,0,0.0,1102.0,352.0,2178.0,1028.0
train,04491_healthy_jpg.rf.74fbbb43249ad869f5fbd652b04c2fa5.jpg,4,healthy,429858.5,0.0,0,0.0,309.0,2116.0,1034.0,2999.0
train,04491_healthy_jpg.rf.74fbbb43249ad869f5fbd652b04c2fa5.jpg,5,healthy,234536.0,0.0,0,0.0,0.0,1658.0,479.0,2273.0
train,04491_healthy_jpg.rf.74fbbb43249ad869f5fbd652b04c2fa5.jpg,6,healthy,281686.0,0.0,0,0.0,2247.0,1957.0,2684.0,2853.0
train,04491_healthy_jpg.rf.74fbbb43249ad869f5fbd652b04c2fa5.jpg,7,healthy,311900.3339999914,0.0,0,0.0,2711.0,1772.0,3300.0,2685.0
train,04492_healthy_jpg.rf.855791ef87968f23a27ba67551bee631.jpg,0,healthy,4724925.914499998,0.0,0,0.0,816.0,260.0,3999.0,2480.0
train,04492_healthy_jpg.rf.855791ef87968f23a27ba67551bee631.jpg,1,healthy,795937.5,0.0,0,0.0,0.0,0.0,1219.0,751.0
train,04492_healthy_jpg.rf.855791ef87968f23a27ba67551bee631.jpg,2,healthy,153790.0,0.0,0,0.0,0.0,806.0,309.0,1478.0
train,04492_healthy_jpg.rf.855791ef87968f23a27ba67551bee631.jpg,3,healthy,237949.0,0.0,0,0.0,1391.0,0.0,2205.0,436.0
train,04492_healthy_jpg.rf.855791ef87968f23a27ba67551bee631.jpg,4,healthy,223443.5,0.0,0,0.0,1094.0,2392.0,2199.0,2671.0
train,04493_healthy_jpg.rf.01d3ff15090047464a985c656d2b5f88.jpg,0,healthy,3903863.5,0.0,0,0.0,944.0,185.99999999999997,3719.0,2229.0
train,04493_healthy_jpg.rf.01d3ff15090047464a985c656d2b5f88.jpg,1,healthy,821652.0,0.0,0,0.0,177.0,1997.0,1981.0,2671.0
train,04493_healthy_jpg.rf.01d3ff15090047464a985c656d2b5f88.jpg,2,healthy,761375.25,0.0,0,0.0,2442.0,1480.0,3792.0,2644.0
train,04493_healthy_jpg.rf.01d3ff15090047464a985c656d2b5f88.jpg,3,healthy,1205143.5,0.0,0,0.0,0.0,0.0,1730.0,1068.0
train,04494_healthy_jpg.rf.a9d1ac1efd0c7bca715a8b7cce1135f4.jpg,0,healthy,3283776.5,0.0,0,0.0,422.0,328.0,3087.0,2049.0
train,04494_healthy_jpg.rf.a9d1ac1efd0c7bca715a8b7cce1135f4.jpg,1,healthy,658375.0,0.0,0,0.0,2985.0,1070.0,3999.0,1869.0
train,04494_healthy_jpg.rf.a9d1ac1efd0c7bca715a8b7cce1135f4.jpg,2,healthy,559746.5,0.0,0,0.0,2943.0,1773.0,3999.0,2671.0
train,04494_healthy_jpg.rf.a9d1ac1efd0c7bca715a8b7cce1135f4.jpg,3,healthy,205022.5,0.0,0,0.0,1668.0,2415.0,2773.0,2671.0
train,04494_healthy_jpg.rf.a9d1ac1efd0c7bca715a8b7cce1135f4.jpg,4,healthy,81940.0,0.0,0,0.0,0.0,595.0,482.0,833.0
train,04494_healthy_jpg.rf.a9d1ac1efd0c7bca715a8b7cce1135f4.jpg,5,healthy,1285670.5,0.0,0,0.0,0.0,840.0,1152.0,2665.0
train,04494_healthy_jpg.rf.a9d1ac1efd0c7bca715a8b7cce1135f4.jpg,6,healthy,364434.5,0.0,0,0.0,0.0,0.0,795.0,617.0
train,04495_healthy_jpg.rf.92c0919c2ee138456877474829f8989d.jpg,0,healthy,303000.0,0.0,0,0.0,2073.33,546.67,3083.33,846.67
train,04495_healthy_jpg.rf.92c0919c2ee138456877474829f8989d.jpg,1,healthy,372573.68889999995,0.0,0,0.0,203.335,1210.005,876.665,1763.335
train,04495_healthy_jpg.rf.92c0919c2ee138456877474829f8989d.jpg,2,healthy,3331973.0,0.0,0,0.0,665.0,425.0,3837.0,2115.0
train,04495_healthy_jpg.rf.92c0919c2ee138456877474829f8989d.jpg,3,healthy,461396.5,0.0,0,0.0,522.0,68.0,1852.0,720.0
train,04495_healthy_jpg.rf.92c0919c2ee138456877474829f8989d.jpg,4,healthy,462377.0,0.0,0,0.0,186.0,2133.0,1537.0,2671.0
train,04496_healthy_jpg.rf.d2e38d479e92ba289daff2c7e7ef80c9.jpg,0,healthy,2558290.0,0.0,0,0.0,652.0,273.0,2850.0,2126.0
train,04496_healthy_jpg.rf.d2e38d479e92ba289daff2c7e7ef80c9.jpg,1,healthy,678299.0,0.0,0,0.0,814.0,0.0,2033.0,949.0
train,04496_healthy_jpg.rf.d2e38d479e92ba289daff2c7e7ef80c9.jpg,2,healthy,259749.5,0.0,0,0.0,394.0,722.0,1018.9999999999999,1397.0
train,04496_healthy_jpg.rf.d2e38d479e92ba289daff2c7e7ef80c9.jpg,3,healthy,21235.5,0.0,0,0.0,0.0,2390.0,170.0,2661.0
train,04496_healthy_jpg.rf.d2e38d479e92ba289daff2c7e7ef80c9.jpg,4,healthy,263503.5,0.0,0,0.0,110.0,2240.0,1073.0,2671.0
train,04496_healthy_jpg.rf.d2e38d479e92ba289daff2c7e7ef80c9.jpg,5,healthy,540040.5,0.0,0,0.0,1147.0,2009.0,2211.0,2671.0
train,04496_healthy_jpg.rf.d2e38d479e92ba289daff2c7e7ef80c9.jpg,6,healthy,664570.3349999785,0.0,0,0.0,3010.0,1205.0,3999.0,2188.0
train,04496_healthy_jpg.rf.d2e38d479e92ba289daff2c7e7ef80c9.jpg,7,healthy,242544.5,0.0,0,0.0,627.0,1726.0,1226.0,2393.0
train,04497_healthy_jpg.rf.8739517e0eeeca7a33a1b6946fc01d01.jpg,0,healthy,2327017.333499998,0.0,0,0.0,46.0,575.0,3011.0,2061.0
train,04497_healthy_jpg.rf.8739517e0eeeca7a33a1b6946fc01d01.jpg,1,healthy,606667.75,0.0,0,0.0,149.0,0.0,737.0,1373.0
train,04497_healthy_jpg.rf.8739517e0eeeca7a33a1b6946fc01d01.jpg,2,healthy,776220.0,0.0,0,0.0,1270.0,0.0,2627.0,710.0
train,04497_healthy_jpg.rf.8739517e0eeeca7a33a1b6946fc01d01.jpg,3,healthy,1618398.2250000238,0.0,0,0.0,1544.0,975.0,3249.0,2666.0
train,04497_healthy_jpg.rf.8739517e0eeeca7a33a1b6946fc01d01.jpg,4,healthy,210295.0,0.0,0,0.0,3681.0,932.0,3999.0,1907.0000000000002
train,04497_healthy_jpg.rf.8739517e0eeeca7a33a1b6946fc01d01.jpg,5,healthy,359637.0,0.0,0,0.0,3547.0,58.0,3999.0,1205.0
train,04498_healthy_jpg.rf.eb7b78477e67588c558e0a8974e65b72.jpg,0,healthy,60744.5,0.0,0,0.0,0.0,1385.0,228.0,1831.0
train,04498_healthy_jpg.rf.eb7b78477e67588c558e0a8974e65b72.jpg,1,healthy,802968.0,0.0,0,0.0,0.0,0.0,866.0,1321.0
train,04498_healthy_jpg.rf.eb7b78477e67588c558e0a8974e65b72.jpg,2,healthy,3277296.75,0.0,0,0.0,21.0,798.0,2907.0,2379.0
train,04498_healthy_jpg.rf.eb7b78477e67588c558e0a8974e65b72.jpg,3,healthy,994503.0,0.0,0,0.0,0.0,1819.0,2437.0,2671.0
train,04499_healthy_jpg.rf.20089945a5ab4cf6b79dedbe8b32926b.jpg,0,healthy,5010112.332000017,0.0,0,0.0,9.0,331.0,3658.0,2381.0
train,04500_healthy_jpg.rf.466f4c02eca6d39f200ac62e41ee6f30.jpg,0,healthy,3593515.5,0.0,0,0.0,645.0,374.0,2813.0,2589.0
train,04500_healthy_jpg.rf.466f4c02eca6d39f200ac62e41ee6f30.jpg,1,healthy,739196.1665000021,0.0,0,0.0,0.0,1588.0,940.0,2614.0
train,04501_healthy_jpg.rf.ff36655e7b98ab9c63ad776bcb5da780.jpg,0,healthy,2085779.0,0.0,0,0.0,616.0,717.0,3244.0,2331.0
train,04501_healthy_jpg.rf.ff36655e7b98ab9c63ad776bcb5da780.jpg,1,healthy,1118839.0,0.0,0,0.0,0.0,1038.0,1039.0,2876.0
train,04501_healthy_jpg.rf.ff36655e7b98ab9c63ad776bcb5da780.jpg,2,healthy,611640.0,0.0,0,0.0,414.0,2184.0,1863.0,2999.0
train,04501_healthy_jpg.rf.ff36655e7b98ab9c63ad776bcb5da780.jpg,3,healthy,201413.500500001,0.0,0,0.0,712.0,0.0,1611.0,482.00000000000006
train,04501_healthy_jpg.rf.ff36655e7b98ab9c63ad776bcb5da780.jpg,4,healthy,325068.0,0.0,0,0.0,662.0,0.0,1594.0,483.0
train,04501_healthy_jpg.rf.ff36655e7b98ab9c63ad776bcb5da780.jpg,5,healthy,206437.0,0.0,0,0.0,0.0,0.0,462.0,580.0
train,04501_healthy_jpg.rf.ff36655e7b98ab9c63ad776bcb5da780.jpg,6,healthy,444158.5,0.0,0,0.0,2616.0,661.0,3438.0,1711.0
train,04501_healthy_jpg.rf.ff36655e7b98ab9c63ad776bcb5da780.jpg,7,healthy,433896.5,0.0,0,0.0,2766.0,170.0,3999.0,753.0
train,04501_healthy_jpg.rf.ff36655e7b98ab9c63ad776bcb5da780.jpg,8,healthy,291367.0,0.0,0,0.0,2655.0,1320.0,3680.0,2207.0
train,04501_healthy_jpg.rf.ff36655e7b98ab9c63ad776bcb5da780.jpg,9,healthy,400291.0,0.0,0,0.0,3304.0,1062.0,3999.0,1892.0000000000002
train,04501_healthy_jpg.rf.ff36655e7b98ab9c63ad776bcb5da780.jpg,10,healthy,301006.5,0.0,0,0.0,1686.0,2063.0,2382.0,2741.0
train,04502_healthy_jpg.rf.f98649cb347d76f9e99edcfcea2745cf.jpg,0,healthy,3415972.0,0.0,0,0.0,327.0,355.0,3362.0,2271.0
train,04502_healthy_jpg.rf.f98649cb347d76f9e99edcfcea2745cf.jpg,1,healthy,474089.0,0.0,0,0.0,0.0,0.0,803.0,909.0
train,04502_healthy_jpg.rf.f98649cb347d76f9e99edcfcea2745cf.jpg,2,healthy,725790.0,0.0,0,0.0,0.0,1590.0,885.0,2999.0
train,04503_healthy_jpg.rf.64237b402655b0ba5a5fe88ece572a10.jpg,0,healthy,4833034.5,0.0,0,0.0,243.0,392.99999999999994,3477.0,2447.0
train,04503_healthy_jpg.rf.64237b402655b0ba5a5fe88ece572a10.jpg,1,healthy,404181.16700000316,0.0,0,0.0,0.0,1982.0,908.0,2671.0
train,04503_healthy_jpg.rf.64237b402655b0ba5a5fe88ece572a10.jpg,2,healthy,878229.0,0.0,0,0.0,386.0,0.0,2547.0,527.0
train,04504_healthy_jpg.rf.8fcb5fb7699c7e5bafd5e0caf331121b.jpg,0,healthy,2044561.0,0.0,0,0.0,724.0,308.0,2573.0,2142.0
train,04504_healthy_jpg.rf.8fcb5fb7699c7e5bafd5e0caf331121b.jpg,1,healthy,304673.3325,0.0,0,0.0,0.0,56.0,745.0,587.0
train,04504_healthy_jpg.rf.8fcb5fb7699c7e5bafd5e0caf331121b.jpg,2,healthy,1487674.0,0.0,0,0.0,0.0,1034.0,1475.0,2671.0
train,04505_healthy_jpg.rf.bc55a06650e716095fb7dba53400f0d3.jpg,0,healthy,302051.5,0.0,0,0.0,0.0,408.0,582.0,1187.0
train,04505_healthy_jpg.rf.bc55a06650e716095fb7dba53400f0d3.jpg,1,healthy,1949648.5,0.0,0,0.0,772.0,759.0000000000001,2975.0,2172.0
train,04505_healthy_jpg.rf.bc55a06650e716095fb7dba53400f0d3.jpg,2,healthy,540844.4869999886,0.0,0,0.0,2169.0,1959.9999999999998,3195.0,2671.0
train,04505_healthy_jpg.rf.bc55a06650e716095fb7dba53400f0d3.jpg,3,healthy,239730.0,0.0,0,0.0,3493.0,1769.0000000000002,3999.0,2501.0
train,04506_healthy_jpg.rf.e907dd13b18b2f4bc08fefa0867c51b5.jpg,0,healthy,4137612.0,0.0,0,0.0,410.0,235.00000000000003,3234.0,2261.0
train,04506_healthy_jpg.rf.e907dd13b18b2f4bc08fefa0867c51b5.jpg,1,healthy,1374589.0,0.0,0,0.0,2820.0,936.0,3999.0,2671.0
train,04507_healthy_jpg.rf.078a4a0758248217beeca3479c1cead1.jpg,0,healthy,4957224.5,0.0,0,0.0,80.0,211.0,3687.0,2284.0
train,04507_healthy_jpg.rf.078a4a0758248217beeca3479c1cead1.jpg,1,healthy,995491.591,0.0,0,0.0,0.0,0.0,1365.0,980.9999999999999
train,04507_healthy_jpg.rf.078a4a0758248217beeca3479c1cead1.jpg,2,healthy,512885.0,0.0,0,0.0,1299.0,0.0,3071.0,445.0
train,04507_healthy_jpg.rf.078a4a0758248217beeca3479c1cead1.jpg,3,healthy,1374482.5625,0.0,0,0.0,0.0,1449.0,2085.0,2665.0
train,04508_healthy_jpg.rf.afddc420be21d59c914865ea59895b02.jpg,0,healthy,3372917.8325000405,0.0,0,0.0,694.0,108.0,3257.0,2069.0
train,04508_healthy_jpg.rf.afddc420be21d59c914865ea59895b02.jpg,1,healthy,536756.5,0.0,0,0.0,1504.0,0.0,3251.0,523.0
train,04508_healthy_jpg.rf.afddc420be21d59c914865ea59895b02.jpg,2,healthy,318914.0,0.0,0,0.0,2782.0,2269.0,3697.0,2671.0
train,04508_healthy_jpg.rf.afddc420be21d59c914865ea59895b02.jpg,3,healthy,688695.0555000007,0.0,0,0.0,1413.0,1982.0,2671.0,2671.0
train,04508_healthy_jpg.rf.afddc420be21d59c914865ea59895b02.jpg,4,healthy,679355.0,0.0,0,0.0,0.0,1810.0,1150.0,2671.0
train,04508_healthy_jpg.rf.afddc420be21d59c914865ea59895b02.jpg,5,healthy,325083.5,0.0,0,0.0,2837.0,1086.0,3710.0,1801.0
train,04508_healthy_jpg.rf.afddc420be21d59c914865ea59895b02.jpg,6,healthy,210930.5,0.0,0,0.0,508.0,0.0,1115.0,796.0
train,04508_healthy_jpg.rf.afddc420be21d59c914865ea59895b02.jpg,7,healthy,127295.3999999999,0.0,0,0.0,0.0,0.0,883.0,244.99999999999997
train,04508_healthy_jpg.rf.afddc420be21d59c914865ea59895b02.jpg,8,healthy,346480.5,0.0,0,0.0,0.0,128.0,722.0,729.0
train,04509_healthy_jpg.rf.a2f784801a2adea8c3d96270dd0c23cd.jpg,0,healthy,4510208.5,0.0,0,0.0,201.0,196.0,3398.0,2356.0
train,04509_healthy_jpg.rf.a2f784801a2adea8c3d96270dd0c23cd.jpg,1,healthy,1265849.0,0.0,0,0.0,0.0,0.0,2273.0,992.0
train,04510_healthy_jpg.rf.0457400e5bf352032ede6ea757bb217e.jpg,0,healthy,3862696.75,0.0,0,0.0,8.0,521.0,3286.0,2491.0
train,04510_healthy_jpg.rf.0457400e5bf352032ede6ea757bb217e.jpg,1,healthy,699995.0,0.0,0,0.0,0.0,0.0,1584.0,842.0000000000001
train,04510_healthy_jpg.rf.0457400e5bf352032ede6ea757bb217e.jpg,2,healthy,509506.39999997616,0.0,0,0.0,542.0,1757.0,2512.0,2671.0
train,04511_healthy_jpg.rf.bc4b85f621542c4a75c2c3f267a37bc3.jpg,0,healthy,3529491.5,0.0,0,0.0,265.0,130.0,3072.0,2012.0
train,04511_healthy_jpg.rf.bc4b85f621542c4a75c2c3f267a37bc3.jpg,1,healthy,547968.5,0.0,0,0.0,0.0,2444.0,1168.0,2999.0
train,04511_healthy_jpg.rf.bc4b85f621542c4a75c2c3f267a37bc3.jpg,2,healthy,520239.5,0.0,0,0.0,0.0,1627.0,880.0,2504.0
train,04512_healthy_jpg.rf.3cfc616d09cbc367dfbe0bdeac22a0d5.jpg,0,healthy,2709211.0,0.0,0,0.0,1201.0,173.0,3649.0,1966.0
train,04512_healthy_jpg.rf.3cfc616d09cbc367dfbe0bdeac22a0d5.jpg,1,healthy,1101564.0,0.0,0,0.0,0.0,0.0,1213.0,1147.0
train,04512_healthy_jpg.rf.3cfc616d09cbc367dfbe0bdeac22a0d5.jpg,2,healthy,686883.5,0.0,0,0.0,222.0,937.0,1231.0,1920.0
train,04512_healthy_jpg.rf.3cfc616d09cbc367dfbe0bdeac22a0d5.jpg,3,healthy,268808.5,0.0,0,0.0,1128.0,2265.0,2144.0,2671.0
train,04512_healthy_jpg.rf.3cfc616d09cbc367dfbe0bdeac22a0d5.jpg,4,healthy,140268.0,0.0,0,0.0,0.0,1322.0,339.0,1866.0
train,04513_healthy_jpg.rf.05a760d798b7aa1494646288faaa33a8.jpg,0,healthy,2794633.5,0.0,0,0.0,886.0,625.0,3322.0,2449.0
train,04513_healthy_jpg.rf.05a760d798b7aa1494646288faaa33a8.jpg,1,healthy,819378.900000006,0.0,0,0.0,2960.0,577.0,3959.0,1682.0
train,04513_healthy_jpg.rf.05a760d798b7aa1494646288faaa33a8.jpg,2,healthy,446287.5,0.0,0,0.0,211.0,0.0,1066.0,816.0000000000001
train,04513_healthy_jpg.rf.05a760d798b7aa1494646288faaa33a8.jpg,3,healthy,215018.09999999963,0.0,0,0.0,0.0,856.0,513.0,1392.0
train,04513_healthy_jpg.rf.05a760d798b7aa1494646288faaa33a8.jpg,4,healthy,765767.0,0.0,0,0.0,0.0,1999.0,1148.0,2981.0
train,04514_healthy_jpg.rf.943d0176f71ba49e7fb658263702ccdb.jpg,0,healthy,2715572.5,0.0,0,0.0,909.0,453.0,3218.0,2176.0
train,04514_healthy_jpg.rf.943d0176f71ba49e7fb658263702ccdb.jpg,1,healthy,511132.5,0.0,0,0.0,3113.0,346.0,3999.0,1142.0
train,04514_healthy_jpg.rf.943d0176f71ba49e7fb658263702ccdb.jpg,2,healthy,393400.0,0.0,0,0.0,3505.0,1042.0,3999.0,2085.0
train,04515_healthy_jpg.rf.085789573ffb53ab9b4ef67620fcc370.jpg,0,healthy,5708493.0,0.0,0,0.0,273.0,21.0,3624.0,2337.0
train,04515_healthy_jpg.rf.085789573ffb53ab9b4ef67620fcc370.jpg,1,healthy,220232.0,0.0,0,0.0,3535.0,420.0,3999.0,1159.0
train,04515_healthy_jpg.rf.085789573ffb53ab9b4ef67620fcc370.jpg,2,healthy,224577.0,0.0,0,0.0,3451.0,2110.0,3999.0,2671.0
train,04516_healthy_jpg.rf.0d09069954ecc85643693981a7330f1a.jpg,0,healthy,5768249.600000024,0.0,0,0.0,362.0,64.0,3999.0,2247.0
train,04516_healthy_jpg.rf.0d09069954ecc85643693981a7330f1a.jpg,1,healthy,454479.5,0.0,0,0.0,2950.0,1477.0,3999.0,2300.0
train,04516_healthy_jpg.rf.0d09069954ecc85643693981a7330f1a.jpg,2,healthy,390837.33200001717,0.0,0,0.0,3083.0,2092.0,3999.0,2665.0
train,04516_healthy_jpg.rf.0d09069954ecc85643693981a7330f1a.jpg,3,healthy,721087.0,0.0,0,0.0,0.0,44.00000000000001,606.0,1502.0
train,04516_healthy_jpg.rf.0d09069954ecc85643693981a7330f1a.jpg,4,healthy,293290.5,0.0,0,0.0,2867.0,0.0,4000.0,460.0
train,04517_healthy_jpg.rf.3a6ecd8759b5c18cb72a7cc827bdfc25.jpg,0,healthy,3900352.5,0.0,0,0.0,392.0,221.00000000000003,3999.0,1921.0
train,04517_healthy_jpg.rf.3a6ecd8759b5c18cb72a7cc827bdfc25.jpg,1,healthy,373457.5,0.0,0,0.0,1000.0,0.0,2827.0,306.0
train,04517_healthy_jpg.rf.3a6ecd8759b5c18cb72a7cc827bdfc25.jpg,2,healthy,1112133.5,0.0,0,0.0,0.0,875.0,922.0,2671.0
train,04518_healthy_jpg.rf.f7900cf69ffefcfa5f55f673bcd1fdc8.jpg,0,healthy,5105359.5,0.0,0,0.0,0.0,12.0,2813.0,2267.0
train,04518_healthy_jpg.rf.f7900cf69ffefcfa5f55f673bcd1fdc8.jpg,1,healthy,227285.0,0.0,0,0.0,1388.0,0.0,2773.0,353.0
train,04518_healthy_jpg.rf.f7900cf69ffefcfa5f55f673bcd1fdc8.jpg,2,healthy,12858.795000000013,0.0,0,0.0,758.0,0.0,1252.0,58.0
train,04518_healthy_jpg.rf.f7900cf69ffefcfa5f55f673bcd1fdc8.jpg,3,healthy,632120.5,0.0,0,0.0,0.0,1376.9999999999998,1027.0,2590.0
train,04519_healthy_jpg.rf.9c7fb83a9987057122488f23f1487977.jpg,0,healthy,3208377.4299999475,0.0,0,0.0,268.0,584.0,3524.0,2242.0
train,04519_healthy_jpg.rf.9c7fb83a9987057122488f23f1487977.jpg,1,healthy,245926.0,0.0,0,0.0,2039.0000000000002,0.0,2889.0,615.0
train,04519_healthy_jpg.rf.9c7fb83a9987057122488f23f1487977.jpg,2,healthy,358053.5,0.0,0,0.0,2827.0,0.0,3693.0,520.0
train,04520_healthy_jpg.rf.753cab7bda31ff6f84611f021150e82f.jpg,0,healthy,964577.0,0.0,0,0.0,0.0,0.0,891.0,1699.0
train,04520_healthy_jpg.rf.753cab7bda31ff6f84611f021150e82f.jpg,1,healthy,2443376.75,0.0,0,0.0,391.0,751.0,3137.0,2030.0
train,04520_healthy_jpg.rf.753cab7bda31ff6f84611f021150e82f.jpg,2,healthy,215286.0,0.0,0,0.0,3370.0,1276.0,3999.0,1723.0
train,04521_healthy_jpg.rf.b681c4d54b62da78886ee056de0737bd.jpg,0,healthy,253288.61109999986,0.0,0,0.0,3536.665,3.335,3999.995,550.005
train,04521_healthy_jpg.rf.b681c4d54b62da78886ee056de0737bd.jpg,1,healthy,4120274.5,0.0,0,0.0,0.0,348.0,3132.0,2108.0
train,04521_healthy_jpg.rf.b681c4d54b62da78886ee056de0737bd.jpg,2,healthy,590967.0,0.0,0,0.0,3036.0,952.9999999999999,3999.0,1882.0
train,04522_healthy_jpg.rf.404eb15a47f84d6a80bc4ce41303f29e.jpg,0,healthy,614054.5,0.0,0,0.0,2819.0,1956.0,3999.0,2671.0
train,04522_healthy_jpg.rf.404eb15a47f84d6a80bc4ce41303f29e.jpg,1,healthy,3313041.0,0.0,0,0.0,575.0,304.0,3032.0,2262.0
train,04523_healthy_jpg.rf.55018a10c0064bdd75cb7fa2180d2f69.jpg,0,healthy,3887570.25,0.0,0,0.0,0.0,889.0,3273.0,2529.0
train,04523_healthy_jpg.rf.55018a10c0064bdd75cb7fa2180d2f69.jpg,1,healthy,587641.0,0.0,0,0.0,0.0,1913.0,1115.0,2671.0
train,04523_healthy_jpg.rf.55018a10c0064bdd75cb7fa2180d2f69.jpg,2,healthy,237424.5,0.0,0,0.0,365.0,570.0,1051.0,1070.0
train,04523_healthy_jpg.rf.55018a10c0064bdd75cb7fa2180d2f69.jpg,3,healthy,176188.5,0.0,0,0.0,0.0,608.0,412.0,1127.0
train,04523_healthy_jpg.rf.55018a10c0064bdd75cb7fa2180d2f69.jpg,4,healthy,232974.0,0.0,0,0.0,40.0,0.0,733.0,607.0
train,04523_healthy_jpg.rf.55018a10c0064bdd75cb7fa2180d2f69.jpg,5,healthy,41232.0,0.0,0,0.0,0.0,0.0,108.0,515.0
train,04523_healthy_jpg.rf.55018a10c0064bdd75cb7fa2180d2f69.jpg,6,healthy,459799.0,0.0,0,0.0,313.0,0.0,1889.0,479.0
train,04524_healthy_jpg.rf.5856b0f3c1fdfb42d2d9412864190859.jpg,0,healthy,3374456.5,0.0,0,0.0,457.0,360.0,3156.0,2192.0
train,04524_healthy_jpg.rf.5856b0f3c1fdfb42d2d9412864190859.jpg,1,healthy,414339.0,0.0,0,0.0,2434.0,0.0,3344.0,577.0
train,04524_healthy_jpg.rf.5856b0f3c1fdfb42d2d9412864190859.jpg,2,healthy,538974.2250000238,0.0,0,0.0,1220.0,2110.0,3026.0,2671.0
train,04525_healthy_jpg.rf.3a5f2914f9e8c25dd459e64972009d60.jpg,0,healthy,2265611.5,0.0,0,0.0,1229.0,485.0,3331.0,2062.0
train,04525_healthy_jpg.rf.3a5f2914f9e8c25dd459e64972009d60.jpg,1,healthy,192926.0,0.0,0,0.0,3752.0,860.0,3999.0,2073.0
train,04526_healthy_jpg.rf.d99702174233777342078cb424938878.jpg,0,healthy,2540931.0,0.0,0,0.0,706.0,786.0,3138.0,2283.0
train,04526_healthy_jpg.rf.d99702174233777342078cb424938878.jpg,1,healthy,241782.5,0.0,0,0.0,3546.0,2247.0,3999.0,2999.0
train,04526_healthy_jpg.rf.d99702174233777342078cb424938878.jpg,2,healthy,278614.0,0.0,0,0.0,3223.0,0.0,3999.0,462.99999999999994
train,04526_healthy_jpg.rf.d99702174233777342078cb424938878.jpg,3,healthy,31977.5,0.0,0,0.0,2778.0,702.0,3064.0,904.0
train,04526_healthy_jpg.rf.d99702174233777342078cb424938878.jpg,4,healthy,423095.0,0.0,0,0.0,1253.0,403.0,3070.0,1026.0
train,04527_healthy_jpg.rf.e21b21be9aeaa3ee0a1fb651cc03a2f4.jpg,0,healthy,3785402.25,0.0,0,0.0,610.0,464.0,3218.0,2471.0
train,04527_healthy_jpg.rf.e21b21be9aeaa3ee0a1fb651cc03a2f4.jpg,1,healthy,650574.500500001,0.0,0,0.0,0.0,71.0,840.0,1137.0
train,04527_healthy_jpg.rf.e21b21be9aeaa3ee0a1fb651cc03a2f4.jpg,2,healthy,281047.0,0.0,0,0.0,1170.0,78.0,2033.0,596.0
train,04527_healthy_jpg.rf.e21b21be9aeaa3ee0a1fb651cc03a2f4.jpg,3,healthy,356302.75,0.0,0,0.0,1699.0,0.0,2722.0,582.0
train,04527_healthy_jpg.rf.e21b21be9aeaa3ee0a1fb651cc03a2f4.jpg,4,healthy,760855.5,0.0,0,0.0,2951.0,850.0,3928.0,2484.0
train,04527_healthy_jpg.rf.e21b21be9aeaa3ee0a1fb651cc03a2f4.jpg,5,healthy,491254.5,0.0,0,0.0,645.0,2049.0,2150.0,2671.0
train,04527_healthy_jpg.rf.e21b21be9aeaa3ee0a1fb651cc03a2f4.jpg,6,healthy,310973.75,0.0,0,0.0,3308.0,0.0,3999.0,660.0
train,04528_healthy_jpg.rf.4c424a258b6df79d354b879bf305902a.jpg,0,healthy,3365536.0,0.0,0,0.0,813.0,130.0,3316.0,2275.0
train,08977_rust_jpg.rf.790cd434d56aa86e06fcaf3ac3d995ba.jpg,0,rust,1605827.0,24191.0,2,1.50645119306127,50.0,360.0,2522.0,1317.0
train,08978_rust_jpg.rf.a75af36c207b627dda816d8266391a22.jpg,0,rust,4945821.865499973,386875.200500004,8,7.8222631348429035,907.0,257.0,4275.0,2262.0
train,08979_rust_jpg.rf.23ae54e7b0dd1ec779cb4f3c30087ecd.jpg,0,rust,1004574.8310000002,15847.5,7,1.5775330528861315,348.00000000000006,345.0,2591.0,995.9999999999999
train,08980_rust_jpg.rf.6bf829d62aa333259101f1b367224a42.jpg,0,rust,1838427.5,48443.25,18,2.6350372805019506,99.00000000000001,356.0,2201.0,1497.0
train,08981_rust_jpg.rf.779e2b65c5607f9c14c1bb98ceadf9f8.jpg,0,rust,1647457.5,13488.0,1,0.8187161125552556,570.0,286.0,2381.0,1612.0
train,08982_rust_jpg.rf.8a02fa44a5760e0edf8008bc6b5fc716.jpg,0,rust,2288402.6649999917,3592.0,4,0.15696538266354507,69.0,62.0,2520.0,1503.0
train,08983_rust_jpg.rf.afe152d614093581fa4497cccf74f153.jpg,0,rust,1252667.0,59894.0,15,4.781318578680527,404.0,435.0,1920.0,1558.0
train,08984_rust_jpg.rf.86017ca6739d69460f206905590e9c31.jpg,0,rust,4113361.6744999886,57474.0,2,1.3972513128689665,174.0,405.0,3622.0,2207.0
train,08985_rust_jpg.rf.997432c1f0629d5fd808154a06ebce1b.jpg,0,rust,2225587.8329999894,73538.00199999986,20,3.30420578822423,267.0,12.0,2424.0,1488.0
train,08986_rust_jpg.rf.1dadc82cb2f0a80138926c12b3a40259.jpg,0,rust,1876249.5,8948.5,1,0.47693550351379177,322.0,196.0,2365.0,1369.0
train,08986_rust_jpg.rf.1dadc82cb2f0a80138926c12b3a40259.jpg,1,rust,574311.5,5377.0,3,0.936251494180423,1557.9999999999998,910.0,2591.0,1727.0
train,08987_rust_jpg.rf.8016171fabd32a52e028c8c1d4d960cb.jpg,0,rust,1784473.0,67732.0,19,3.7956304186165886,321.0,157.0,2591.0,1271.0
train,08988_rust_jpg.rf.3d6f7c27d96fe0473ce13ec7567d4a60.jpg,0,rust,1581910.0,30799.0,11,1.9469502057639183,219.0,152.0,2406.0,1460.0
train,08989_rust_jpg.rf.0f2c88c8489135fa6b83299542e2ef3e.jpg,0,rust,1385381.5,30475.5,8,2.1997911766542284,34.0,171.0,2264.0,1123.0
train,08990_rust_jpg.rf.1dfb5ceffe6e9b81681b5cea151ef7d6.jpg,0,rust,2367286.0,95543.5,16,4.035993116167628,50.0,50.0,2405.0,1425.0
train,08990_rust_jpg.rf.1dfb5ceffe6e9b81681b5cea151ef7d6.jpg,1,rust,265390.5,15343.0,4,5.781292095986857,1939.0,1182.0,2591.0,1727.0
train,08991_rust_jpg.rf.e218fc6583a35e7201e54a24bc327fa6.jpg,0,rust,1031791.0,9827.5,3,0.952470025421815,341.0,487.0,2051.0,1397.0
train,08992_rust_jpg.rf.3157f368a67c8359bcf42c7cf433da9b.jpg,0,rust,102906.5,1617.5,1,1.571815191460209,706.0,0.0,1107.0,438.0
train,08992_rust_jpg.rf.3157f368a67c8359bcf42c7cf433da9b.jpg,1,rust,1137041.1609999985,16239.927499996498,9,1.4282620591952802,520.0,484.00000000000006,2464.0,1286.0
train,08992_rust_jpg.rf.3157f368a67c8359bcf42c7cf433da9b.jpg,2,rust,290658.9969999939,2176.467500001192,3,0.748804448671939,2111.0,863.0,2591.0,1727.0
train,08993_rust_jpg.rf.98ae603333dc63a7051227e2011f1c2c.jpg,0,rust,3611221.4224999547,223101.5625,2,6.178008391010058,420.0,649.0,3234.0,2520.0
train,08994_rust_jpg.rf.9409853116ee874aae1807b590df8aac.jpg,0,rust,2477562.0,156939.12000000477,1,6.33441746361967,646.0,933.0,3177.0,2360.0
train,08994_rust_jpg.rf.9409853116ee874aae1807b590df8aac.jpg,1,rust,1370987.5,177272.25,1,12.93026012272176,311.0,2122.0,2260.0,3332.0
train,08994_rust_jpg.rf.9409853116ee874aae1807b590df8aac.jpg,2,rust,201990.875,110837.16000000015,1,54.87235995190384,111.00000000000001,2171.0,611.0,3024.0
train,08995_rust_jpg.rf.c592c9a830b958d0d10943be7697052b.jpg,0,rust,968193.5885000005,9682.0,1,1.0000066221260662,0.0,0.0,897.0,1696.0
train,08995_rust_jpg.rf.c592c9a830b958d0d10943be7697052b.jpg,1,rust,2194074.0,84428.86999998987,6,3.8480411326140262,1798.0,807.0,3211.0,3013.0
train,08995_rust_jpg.rf.c592c9a830b958d0d10943be7697052b.jpg,2,rust,905829.0,5554.979999996722,1,0.613248195851173,3885.0,1604.0,5183.0,2701.0
train,08995_rust_jpg.rf.c592c9a830b958d0d10943be7697052b.jpg,3,rust,966838.0,12772.079999998212,1,1.3210155165599833,3319.0,2063.0,4533.0,3214.0
train,08995_rust_jpg.rf.c592c9a830b958d0d10943be7697052b.jpg,4,rust,1315349.0,30574.26000001654,3,2.324421883470968,601.0,1940.0,2283.0,3121.0
train,08995_rust_jpg.rf.c592c9a830b958d0d10943be7697052b.jpg,5,rust,676797.0,6407.909999996424,1,0.9467994095713226,1811.0,2526.0,3219.0,3455.0
train,08996_rust_jpg.rf.5340b565620b0c56b9bfd6cb5209f951.jpg,0,rust,2754508.1640000045,26498.203125,1,0.9619939948379095,906.0,478.0,2999.0,2318.0
train,08997_rust_jpg.rf.4327220b8cb0986cff6f68452ac1fa6f.jpg,0,rust,962868.1644999981,31055.40000000107,7,3.225301359519726,297.0,455.0,2056.0,1275.0
train,08998_rust_jpg.rf.abe737db9fb737ebc7c038a77b4e58b9.jpg,0,rust,1496361.9155000448,74445.48000000417,2,4.975098552620303,1994.0,879.0,3370.0,2470.0
train,08998_rust_jpg.rf.abe737db9fb737ebc7c038a77b4e58b9.jpg,1,rust,2000038.25,99333.54000000656,4,4.966582014119308,2678.0,2026.0,4850.0,3231.0
train,08998_rust_jpg.rf.abe737db9fb737ebc7c038a77b4e58b9.jpg,2,rust,435340.700000003,11875.409999992698,1,2.7278428136842288,1018.0000000000001,2972.0,2424.0,3455.0
train,09000_rust_jpg.rf.f60780e421a4fe63235527aff0160119.jpg,0,rust,1543274.0,4716.679999997839,6,0.3056281645383671,96.0,402.0,2524.0,1375.0
train,09001_rust_jpg.rf.f68815c1da43763aae393abae0b8dbab.jpg,0,rust,4085188.503000021,349356.2399999779,7,8.551777714624986,1268.0,623.0,4550.0,2498.0
train,09002_rust_jpg.rf.55030ab2c642be3e476fea00eb3c5635.jpg,0,rust,4257830.0,61776.953125,2,1.4509022935391973,356.0,552.0,3684.0,2323.0
train,09003_rust_jpg.rf.f9cc33dbf1763b30144c627acb7ec8b0.jpg,0,rust,4807264.274999976,344036.9700000435,3,7.156606134370368,929.0,609.0,3710.0,3356.0
train,09004_rust_jpg.rf.5c3dcd68c1a2b0a7228cd4f0f43412a5.jpg,0,rust,2888854.5,160567.890625,1,5.558185454649931,762.0,667.0,3678.0,2117.0
train,09005_rust_jpg.rf.08318bdfe881ca49992603cc84ec4cd8.jpg,0,rust,2816299.3320000023,31405.31999999378,4,1.1151272040991187,228.0,54.0,2591.0,1581.0
train,09006_rust_jpg.rf.5a39339eacf0ded5c8f80afaf6d2909b.jpg,0,rust,3462661.5,118830.9375,1,3.4317803660565724,0.0,612.0,3649.0,2503.0
train,09008_rust_jpg.rf.5b031c4a6b3c5f62059e2f20bcc1b604.jpg,0,rust,3647703.171000004,220077.8100000322,6,6.033325621166119,272.0,467.99999999999994,2625.0,3133.0
train,09008_rust_jpg.rf.5b031c4a6b3c5f62059e2f20bcc1b604.jpg,1,rust,2667348.5829999447,283754.2500000149,8,10.638064023895927,1919.0,559.0,3860.0,3447.0
train,09009_rust_jpg.rf.c553191c6ef42da0c3d956e23a1af2ea.jpg,0,rust,732268.6125000045,1913.625,1,0.2613282840932894,0.0,1084.0,1478.0,1727.0
train,09009_rust_jpg.rf.c553191c6ef42da0c3d956e23a1af2ea.jpg,1,rust,2450792.0,36544.769999998156,7,1.4911412310795105,0.0,72.0,2585.0,1724.0
train,09010_rust_jpg.rf.80b9ec5fa256b609f9ee77fd5fec1ffb.jpg,0,rust,5690373.584500015,30960.234375,4,0.5440808747484076,385.0,162.0,3301.0,2656.0
train,09010_rust_jpg.rf.80b9ec5fa256b609f9ee77fd5fec1ffb.jpg,1,rust,725228.0,17521.953125,1,2.4160613110635554,2733.0,0.0,3999.0,770.0
train,09011_rust_jpg.rf.9c175c67525527531e6516c30eacf71a.jpg,0,rust,3834705.0,116260.703125,1,3.0318030493871104,670.0,440.0,3383.0,2395.0
train,09012_rust_jpg.rf.bb0ee9f116d4d03f1d475bcbbca9c557.jpg,0,rust,2087871.3255000114,95586.48000000045,5,4.578178685274536,891.0,1355.0,3022.0,2702.0
train,09013_rust_jpg.rf.5e7d61085fa89d3aa627aecbcedfcd06.jpg,0,rust,1556648.25,30759.665000000037,10,1.9760189882332144,679.0000000000001,218.0,2583.0,1288.0
train,09014_rust_jpg.rf.741abec1e4b9c7b2af9347a36ae7a28e.jpg,0,rust,1700166.25,12176.057500000112,18,0.7161686393904191,230.0,146.0,2296.0,1377.0
train,09015_rust_jpg.rf.fc5dd093cb9a165677cccc24afe8909c.jpg,0,rust,414985.25,17703.76499999687,1,4.266119097003296,985.0,588.0,2004.0,1140.0
train,09016_rust_jpg.rf.f3560f4cd5b55b054b45c28c59bd60b6.jpg,0,rust,1411279.7915000021,27709.28999999934,12,1.9634157710533118,172.0,387.0,2119.0,1338.0
train,09017_rust_jpg.rf.c8f5c635f4de69dfb517dca395a4026e.jpg,0,rust,3474717.0,52944.21875,1,1.5236987285583257,368.0,256.0,3069.0,2024.0
train,09018_rust_jpg.rf.8256ff0dc0d065dff73059b2a17ed06d.jpg,0,rust,3177617.524999976,336907.35000000894,5,10.602514221720611,1696.0,544.0,3573.0000000000005,3012.0
train,09018_rust_jpg.rf.8256ff0dc0d065dff73059b2a17ed06d.jpg,1,rust,817045.0,146676.0,2,17.95200998721001,3084.0,2571.0,4148.0,3455.0
train,09019_rust_jpg.rf.f031d7cbe80a29f4d7bc26aad336c131.jpg,0,rust,2192582.0,3162.820000001928,5,0.14425093337452957,149.0,181.0,2449.0,1594.0
train,09020_rust_jpg.rf.2c9932a98c4e0af0bbf83da6f5bc7416.jpg,0,rust,1109495.0,21213.899999998277,3,1.912032050617468,0.0,449.0,2246.0,1188.0
train,09020_rust_jpg.rf.2c9932a98c4e0af0bbf83da6f5bc7416.jpg,1,rust,237312.0,19737.67499999702,1,8.317183707523016,1871.0,1274.0,2591.0,1727.0
train,09022_rust_jpg.rf.3eb7b68ccdea95e1e4866222bd04ee6f.jpg,0,rust,1814672.167500019,63611.5,11,3.505398999293316,187.0,243.99999999999997,2173.0,1499.0
train,09023_rust_jpg.rf.1bd8dfff5a738c2a614dff0abe4d86be.jpg,0,rust,2102296.726999998,45511.47000000067,19,2.164845210264208,0.0,301.0,2591.0,1403.0
train,09023_rust_jpg.rf.1bd8dfff5a738c2a614dff0abe4d86be.jpg,1,rust,437352.0,6712.5,2,1.5348049168633047,991.0,0.0,2174.0,482.0
train,09024_rust_jpg.rf.2c6d3ab4af5b57530444f38f123101e1.jpg,0,rust,1150649.0,13716.397500000428,21,1.1920574823426109,258.0,394.0,2370.0,1180.0
train,09025_rust_jpg.rf.2c25f0e774361190df95b90aab20d172.jpg,0,rust,902975.0,2990.722500000149,1,0.33120767463109707,229.0,504.99999999999994,2057.0,1241.0
train,09026_rust_jpg.rf.7748d2a15e1db2709ac56684f87c95be.jpg,0,rust,787684.5,28835.594999998808,1,3.660805182785596,581.0,473.0,2131.0,1278.0
train,09027_rust_jpg.rf.bf93f2beb942ca494b18c33ee8c415f7.jpg,0,rust,1523442.6694999933,39448.01250000065,3,2.589399213358506,0.0,0.0,1584.0000000000002,1246.0
train,09028_rust_jpg.rf.03773ce24f2bf3d68afcdea823bdca18.jpg,0,rust,1807562.5,12247.199999999255,5,0.6775533349468832,0.0,382.0,2566.0,1498.0
train,09029_rust_jpg.rf.421ed898a576a645b311efc297cabea7.jpg,0,rust,2001700.75,6798.087499999907,10,0.3396155744059099,59.0,88.0,2331.0,1410.0
train,09031_rust_jpg.rf.02bcdee7bb798ace05e0d90bd3b4a052.jpg,0,rust,2456025.5,304824.06000003964,6,12.411274231478446,1506.0,577.0,3362.0,2767.0
train,09032_rust_jpg.rf.ebdffbe3dc44c2d64d7e286acb608740.jpg,0,rust,1640381.1659999937,17933.400000002235,12,1.0932459096523366,517.0,280.0,2356.0,1409.0
train,09033_rust_jpg.rf.56caf44f4bdcc466e8cf4e6f705486be.jpg,0,rust,1463488.3694999963,14128.020000003278,4,0.9653660592349049,348.99999999999994,417.0,2512.0,1342.0
train,09034_rust_jpg.rf.105a766f39044fcad6c1b390f65e5d58.jpg,0,rust,1932038.9975000024,112895.54062499106,1,5.843336535705249,685.0,546.0,2947.0,1953.0
train,09035_rust_jpg.rf.55c7d7cd44a98a0011b46b50a4ee4fcb.jpg,0,rust,810234.5,14947.122500001453,4,1.8447896874301764,620.0,300.0,1883.0,1192.0
train,09036_rust_jpg.rf.fb38674ee494a508b74019e7a20bbe1d.jpg,0,rust,3914639.4150000215,255286.0800000131,4,6.521317877243407,382.0,908.9999999999999,3618.0,2684.0
train,09037_rust_jpg.rf.7c2177e660871ce51619f95a5ec5adc5.jpg,0,rust,2599110.1660000086,17188.432499998482,15,0.6613198903550602,468.0,6.0,2591.0,1537.0
train,09038_rust_jpg.rf.f0b0b248fe711f1a5eec2c7545e4a112.jpg,0,rust,2000998.0,9261.945000000298,1,0.4628662797264314,90.0,171.0,2591.0,1428.0
train,09039_rust_jpg.rf.25e4dcfcba2954c3775d586cfc4028b5.jpg,0,rust,927675.5,4270.94250000082,3,0.46039186116274705,552.0,274.0,1937.0,1270.0
train,09041_rust_jpg.rf.61ae214579ff9115ee06ff1313bace25.jpg,0,rust,1771767.0054999888,177677.0,1,10.02823731610579,1238.0,564.0,2841.0,2150.0
train,09042_rust_jpg.rf.707d6844d0ba4ce8b4dbc915b0ae0b47.jpg,0,rust,2317513.25,177475.05000001937,8,7.657995051377565,1263.0,1424.0,3635.0,2766.0
train,09043_rust_jpg.rf.6345f2106c47081f76e90bbf6953f5fc.jpg,0,rust,4007653.9954999685,91576.015625,1,2.2850279921327283,303.0,477.00000000000006,3166.0,2407.0
train,09044_rust_jpg.rf.d360dbc0ce6955ab425eab6309f5d016.jpg,0,rust,2154566.6650000066,9338.490000004182,6,0.43342775843067977,86.0,0.0,2379.0,1340.0
train,09045_rust_jpg.rf.7ba53354dd9feb980f9774308d09eeb6.jpg,0,rust,1480990.5,18507.487499999814,7,1.2496695623638243,245.0,251.0,2444.0,1290.0
train,09046_rust_jpg.rf.bbebfeb70ea6c1789285dd7a50ea4bca.jpg,0,rust,2002897.5,16010.77187500894,1,0.7993804912637287,750.0,1048.0,2967.0,2287.0
train,09047_rust_jpg.rf.2920e14e558c9fa1a1dca441c16d1aab.jpg,0,rust,1834431.0,47463.36749999691,19,2.58736183045298,0.0,251.0,2420.0,1358.0
train,09047_rust_jpg.rf.2920e14e558c9fa1a1dca441c16d1aab.jpg,1,rust,477105.5,1787.872499998659,1,0.37473315650284034,1130.0,1091.0,2321.0,1670.0
train,09048_rust_jpg.rf.28d13a0927bdbde01e18428437d8beb9.jpg,0,rust,2443941.0,274316.5,1,11.224350342336415,1000.0,413.0,2937.0,2167.0
train,09049_rust_jpg.rf.2a84d870a3ec672d24836fc2583a9218.jpg,0,rust,1016949.0,14811.457499999553,2,1.4564602059689868,441.0,84.0,2333.0,1189.0
train,09050_rust_jpg.rf.3840bff8ba3ef542b970d4c6d4ced384.jpg,0,rust,3212145.0,18513.515625,1,0.5763598973583073,629.0,423.0,3100.0,2274.0
train,09051_rust_jpg.rf.7ae610db35b58165b3c0d76a0ed20404.jpg,0,rust,2049964.0,43728.45750001073,7,2.1331329477010685,1303.0,843.0,3721.0,2241.0
train,09051_rust_jpg.rf.7ae610db35b58165b3c0d76a0ed20404.jpg,1,rust,1342129.3499999046,62169.42374999821,5,4.6321484400890744,2361.0,1732.0,4031.0,3023.0
train,09052_rust_jpg.rf.a33ea6196173d45f412cd8da15bc5766.jpg,0,rust,1626902.0,38140.9875000054,7,2.3443936696866436,89.0,233.99999999999997,2274.0,1366.0
train,09053_rust_jpg.rf.2c8aa529ad1d35f655a3db91bbfc77e0.jpg,0,rust,907873.0,34576.470000003465,8,3.808513966160847,537.0,414.0,1900.0,1374.0
train,09053_rust_jpg.rf.2c8aa529ad1d35f655a3db91bbfc77e0.jpg,1,rust,115196.5,5504.5,1,4.778356981331898,1444.0,1049.0,2041.0,1421.0
train,09054_rust_jpg.rf.d3f6b14db722a902d2238a16cf1b93f9.jpg,0,rust,2121264.25,14636.497500000522,5,0.6899893542259302,87.00000000000001,187.0,2281.0,1615.0
train,09054_rust_jpg.rf.d3f6b14db722a902d2238a16cf1b93f9.jpg,1,rust,219596.0,3482.797499999404,3,1.5860022495853312,2019.0000000000002,1082.0,2591.0,1727.0
train,09055_rust_jpg.rf.6b65a3de18f176d6a468d65fbdcd7612.jpg,0,rust,6032823.0,235419.4468749985,2,3.9023098618175687,292.0,219.0,3564.0,2610.0
train,09056_rust_jpg.rf.77908d0b2c950b73f8dc6377577b10a5.jpg,0,rust,1411723.7159999907,10228.457499996992,9,0.7245367761461521,491.0,356.0,2197.0,1387.0
train,09056_rust_jpg.rf.77908d0b2c950b73f8dc6377577b10a5.jpg,1,rust,339779.25,5544.044999998063,1,1.6316608503897936,1031.0,1264.0,2105.0,1727.0
train,09056_rust_jpg.rf.77908d0b2c950b73f8dc6377577b10a5.jpg,2,rust,432485.86400000006,3731.5,2,0.8628027666587501,1787.0,0.0,2544.0,796.0
train,09057_rust_jpg.rf.6352cf7aca5f8d986dc750a973a8248e.jpg,0,rust,1178116.0,11377.867500000168,6,0.9657680143551371,230.99999999999997,326.0,1824.0,1429.0
train,09057_rust_jpg.rf.6352cf7aca5f8d986dc750a973a8248e.jpg,1,rust,562268.0,3385.5,2,0.602115005655666,0.0,0.0,761.0,1075.0
train,09058_rust_jpg.rf.fa48b0a8ae60c94f838589e712a6f7f0.jpg,0,rust,3129649.0,223926.92999999318,4,7.155017383738342,0.0,173.0,2111.0,2201.0
train,09058_rust_jpg.rf.fa48b0a8ae60c94f838589e712a6f7f0.jpg,1,rust,2490892.0,147666.24000000954,4,5.92824739089489,1382.9999999999998,763.0,3448.0,2776.0
train,09058_rust_jpg.rf.fa48b0a8ae60c94f838589e712a6f7f0.jpg,2,rust,2902106.6665000916,54267.32000000775,4,1.8699285118094413,2532.0,1294.0,4777.0,3400.0
train,09059_rust_jpg.rf.24f3669ffe1917aa1f697ae37973888c.jpg,0,rust,2185915.5,16025.242500003427,5,0.7331135398419302,283.0,9.0,2503.0,1462.0
train,09060_rust_jpg.rf.d47c1dced2f502ca87a70e8aff6f30f3.jpg,0,rust,1249019.5,24447.295000001788,13,1.9573189209617454,429.00000000000006,452.0,2086.0,1552.0
train,09061_rust_jpg.rf.2b21d1e61f1640cd5d8adfba991e0678.jpg,0,rust,3960135.0,239281.5,1,6.042256135207512,101.0,485.0,3172.0,2317.0
train,09062_rust_jpg.rf.813f684535de612f2eaf94c176e0aafc.jpg,0,rust,4519964.5,19818.203125,2,0.4384592650008645,216.0,419.0,3999.0,2465.0
train,09063_rust_jpg.rf.6b2ca10aadbf06f634e1fa3298ddcc51.jpg,0,rust,1711438.0,22520.632500004023,6,1.315889474231846,146.0,286.0,2244.0,1431.0
train,09064_rust_jpg.rf.b5a035cb9b5d06a026826b4e7bad4e6d.jpg,0,rust,1258271.75,19447.897499995306,2,1.5456039206153445,506.0,442.0,2123.0,1553.0
train,09065_rust_jpg.rf.6bfad9cb21456d8360930e546962f691.jpg,0,rust,2006671.5,16418.902499994263,4,0.818215761772381,99.00000000000001,233.0,2519.0,1401.0
train,09066_rust_jpg.rf.e7fc682bb86d13468f4e9dd9a8827256.jpg,0,rust,2052291.3324999958,18452.8125,1,0.8991322142125764,125.0,25.0,2550.0,1467.0
train,09066_rust_jpg.rf.e7fc682bb86d13468f4e9dd9a8827256.jpg,1,rust,56802.0,6413.377499999711,1,11.2907600084499,0.0,928.0000000000001,180.0,1727.0
train,09067_rust_jpg.rf.90f01f4f6cb384816d27da700b0404ce.jpg,0,rust,2234837.0840000063,24210.090000004508,3,1.0833044687388247,161.0,178.0,2508.0,1485.0
train,09068_rust_jpg.rf.02f510d20383206036e3e1160610cf1d.jpg,0,rust,4694693.25,83434.765625,1,1.7772144244994068,349.0,91.0,3952.0,2541.0
train,09069_rust_jpg.rf.5ddcc63a778fe8bc0590265c096ec56a.jpg,0,rust,1787012.0,283071.5,1,15.840492397364986,705.0,602.0,2789.0,1646.0
train,09070_rust_jpg.rf.894126f2ecc3b17091da1c55a28b54ea.jpg,0,rust,1228891.5,19814.220000004396,3,1.6123652901826073,509.00000000000006,333.0,2298.0,1277.0
train,09071_rust_jpg.rf.13d6acb6839a93bbf4e28f7d31f93783.jpg,0,rust,1414902.5,8344.564999999944,13,0.5897625454757444,392.0,268.0,2419.0,1167.0
train,09071_rust_jpg.rf.13d6acb6839a93bbf4e28f7d31f93783.jpg,1,rust,450881.00049999356,7450.66250000149,4,1.652467611573621,871.0,1205.0,2175.0,1727.0
train,09073_rust_jpg.rf.d6e280cb479f7a4da6b9b1396b90e08c.jpg,0,rust,3238533.8325000405,14103.671875,1,0.43549558548574535,117.0,605.0,3316.0,1921.0
train,09074_rust_jpg.rf.1f457d7013191c7dff73892cdf05df25.jpg,0,rust,2522514.300000012,103696.5625,3,4.110841413267687,644.0,763.0,3373.0,2107.0
train,09074_rust_jpg.rf.1f457d7013191c7dff73892cdf05df25.jpg,1,rust,223945.0,60380.9375,1,26.96239590077921,0.0,959.0,771.0,1396.0
train,09076_rust_jpg.rf.b9b44d38b5d63aa960223a18c9412aa5.jpg,0,rust,7387210.0,583822.0800000094,9,7.9031471963029265,252.0,357.0,3832.0,3154.0
train,09077_rust_jpg.rf.e69c9d9df969874e17e7b5de2aeb655e.jpg,0,rust,2033105.5,131160.234375,1,6.451226184524119,1024.0,862.0,2805.0,2374.0
train,09078_rust_jpg.rf.b431adf53c5de376d56081661e19132d.jpg,0,rust,2139477.0,19513.507499999134,17,0.9120690477158265,331.00000000000006,218.0,2591.0,1492.0
train,09079_rust_jpg.rf.68aead224bb4e76c8299b824a19ca5d1.jpg,0,rust,1354114.1700000018,8376.210000000894,4,0.61857487245709,206.00000000000003,290.0,2299.0,1291.0
train,09080_rust_jpg.rf.d328cea51d914f87af24ee4bf72502dd.jpg,0,rust,1580234.5,7315.515000000596,2,0.46293857019325907,259.0,375.0,2246.0,1441.0
train,09081_rust_jpg.rf.31051b7359a472ce2ead00c1bf7cde06.jpg,0,rust,1745323.0,21831.727500000037,5,1.2508703260084257,298.0,172.0,2591.0,1476.0
train,09083_rust_jpg.rf.7bb1c99957a4ff4fcfbf3f0de161d6a9.jpg,0,rust,2758211.0,7610.760000001639,4,0.27593102920703455,152.0,31.0,2591.0,1528.0
train,09084_rust_jpg.rf.c8ef467103a811e41edaa5be5f5f0b40.jpg,0,rust,1600933.0,12646.327500002459,6,0.7899348379977462,222.00000000000003,338.0,2184.0,1487.0
train,09090_rust_jpg.rf.235c876880dc4079eef540b4eb47b3a8.jpg,0,rust,934657.0,61454.6999999999,2,6.575107231850819,0.0,0.0,1167.0,1199.0
train,09090_rust_jpg.rf.235c876880dc4079eef540b4eb47b3a8.jpg,1,rust,1923774.0,69109.19999999925,3,3.592376235462131,1343.0,0.0,3234.0,1438.0
train,09090_rust_jpg.rf.235c876880dc4079eef540b4eb47b3a8.jpg,2,rust,1749495.4990000129,162253.5300000012,3,9.274303940349835,2006.0000000000002,667.0,3256.9999999999995,2784.0
train,09090_rust_jpg.rf.235c876880dc4079eef540b4eb47b3a8.jpg,3,rust,1550027.0,182219.5,3,11.755891994139457,3121.0000000000005,367.0,5183.0,2123.0
train,09091_rust_jpg.rf.4020dc5ec406b9062d9dfd6a23a51234.jpg,0,rust,4441830.501000047,38931.875,3,0.8764826796347759,50.0,255.0,2769.0,2443.0
train,09092_rust_jpg.rf.d8a2d2f80275074c0c5a09c78fd630b3.jpg,0,rust,1765910.5,20721.824999997858,9,1.173435743204305,139.0,211.0,2230.0,1505.0
train,09093_rust_jpg.rf.4a92a820e49325e6e752f1310214a3c1.jpg,0,rust,1665497.5,65609.9999999972,19,3.9393634634694563,0.0,354.0,2591.0,1368.0
train,09094_rust_jpg.rf.730ff38f7a4883a5349e729b6f10549a.jpg,0,rust,3676129.6640000343,68039.453125,2,1.8508447564106205,0.0,518.0,3407.0,2228.0
train,09095_rust_jpg.rf.ddc6fe1f6d258caff077bff8242988f1.jpg,0,rust,1352813.5,8419.95000000298,2,0.6224028663228879,489.0,169.0,2193.0,1225.0
train,09096_rust_jpg.rf.484a61fbe569bd8ae7fd0fa8405c69cf.jpg,0,rust,2221830.5,18343.46250000084,8,0.8256013453771941,423.0,259.0,2591.0,1647.0
train,09097_rust_jpg.rf.2f4b1036afcc2a53a73941adebb7f623.jpg,0,rust,2936463.875,80997.3674999699,11,2.758330119077998,1322.0,608.0,3523.0,2707.0
train,09097_rust_jpg.rf.2f4b1036afcc2a53a73941adebb7f623.jpg,1,rust,393859.25,5060.4749999996275,1,1.2848435069125905,1148.0,711.0,2128.0,1483.0
train,09097_rust_jpg.rf.2f4b1036afcc2a53a73941adebb7f623.jpg,2,rust,1379035.2320000008,20733.06374999869,4,1.503446994601417,443.0,0.0,2742.0,773.0
train,09098_rust_jpg.rf.377a66076be886518c63ab0fff12ee7e.jpg,0,rust,4426594.5,25558.828125,1,0.5773925785386487,552.0,151.0,3565.0,2108.0
train,09098_rust_jpg.rf.377a66076be886518c63ab0fff12ee7e.jpg,1,rust,268372.0,66447.734375,1,24.75956298533379,2937.0,1828.0,3747.0,2357.0
train,09099_rust_jpg.rf.a784ff11d183f14505cb2651f481d4f4.jpg,0,rust,984224.0,14691.17249999987,5,1.4926655415840164,418.0,351.0,1849.0,1333.0
train,09101_rust_jpg.rf.914c626c8b81177bd72836928d6f585e.jpg,0,rust,662234.5,26943.83999999985,1,4.068625237736761,336.0,569.0,2000.0,1218.0
train,09102_rust_jpg.rf.6f64bbed951665e446b9f94824049bc6.jpg,0,rust,1496836.099999994,31848.187499998137,11,2.1277003875039,459.0,304.0,2407.0,1310.0
train,09102_rust_jpg.rf.6f64bbed951665e446b9f94824049bc6.jpg,1,rust,293654.0,7562.5,4,2.5753097182398332,378.0,0.0,1955.0000000000002,497.99999999999994
train,09103_rust_jpg.rf.21f70d26363bfdc44470fe8695eaf19f.jpg,0,rust,2092295.6417409778,7878.667500002775,4,0.37655613015792627,222.99999999999997,80.0,2360.0,1550.0
train,09104_rust_jpg.rf.b5e97eec28cbc1ecf3e91fd974530ab1.jpg,0,rust,3392312.5,6001.5625,1,0.17691655765793982,383.0,641.0,2902.0,2450.0
train,09105_rust_jpg.rf.e5ab14d2c31ea8a76ca3e0f2464568dd.jpg,0,rust,1977479.5,24620.15250000637,6,1.2450269395969147,645.0,165.0,2204.0,1722.0
train,09105_rust_jpg.rf.e5ab14d2c31ea8a76ca3e0f2464568dd.jpg,1,rust,364693.0,6985.5,2,1.915446690778271,2163.0,0.0,2591.0,1067.0
train,09106_rust_jpg.rf.dad4ed1cde46c3af29ee3769b31cf441.jpg,0,rust,5728831.335999966,89255.03125,12,1.5579971902667398,10.0,76.0,3591.0,2393.0
train,09107_rust_jpg.rf.7f369039464027640f7987b914b4231d.jpg,0,rust,3520752.0,84426.328125,1,2.3979629387414962,433.0,405.0,3180.0,2164.0
train,09108_rust_jpg.rf.d0af30c17a72b5ead8b4a8ec7d67ed33.jpg,0,rust,3855201.5,213838.28125,1,5.546747199854535,491.0,150.0,3251.0,2178.0
train,09109_rust_jpg.rf.1ec3fa3c2a0568834741b3acb7c3682b.jpg,0,rust,1186933.0,9950.850000004284,4,0.8383666137856378,66.0,576.0,2237.0,1461.0
train,09110_rust_jpg.rf.c511ec14d28e99e502511f8df0ee220d.jpg,0,rust,1077313.0,31317.840000003576,1,2.907032589414922,289.0,378.0,2147.0,1283.0
train,09111_rust_jpg.rf.4d969decead10e82c97454657752fc04.jpg,0,rust,1171807.0,66145.81500000972,14,5.644770427212819,377.0,403.0,2386.0,1538.0
train,09111_rust_jpg.rf.4d969decead10e82c97454657752fc04.jpg,1,rust,463160.5,2487.712499999907,1,0.5371167230365946,35.0,1039.0,1248.0,1727.0
train,09112_rust_jpg.rf.d15574352cf43658e95575a1b6ff7bd0.jpg,0,rust,1304199.5,86670.80999999493,4,6.645517806132799,1557.0,1078.0,3494.9999999999995,2270.0
train,09112_rust_jpg.rf.d15574352cf43658e95575a1b6ff7bd0.jpg,1,rust,1123793.0919999927,17649.090000003576,1,1.570492835882612,0.0,1534.0,1164.0,3288.0
train,09112_rust_jpg.rf.d15574352cf43658e95575a1b6ff7bd0.jpg,2,rust,1115841.0,30369.5,3,2.721669126694574,613.0,0.0,2354.0,1020.0
train,09113_rust_jpg.rf.ba7cbc91a84e9b4688b52e4c2fb29cda.jpg,0,rust,1437106.0,11273.98500000313,1,0.784492236481034,0.0,294.0,2287.0,1341.0
train,09114_rust_jpg.rf.61871e3b4104ce420e5ab548268357c2.jpg,0,rust,2209269.0,20601.357499994338,3,0.9324965633426413,0.0,110.00000000000001,2061.0,1727.0
train,09115_rust_jpg.rf.f91ed009b22edc2ce1aa9ec97bef1509.jpg,0,rust,343547.625,1492.6274999994785,1,0.4344746961937165,0.0,1335.0,1158.0,1727.0
train,09115_rust_jpg.rf.f91ed009b22edc2ce1aa9ec97bef1509.jpg,1,rust,2479749.0,14841.557500004768,5,0.5985104742457712,502.0,0.0,2591.0,1634.0
train,09116_rust_jpg.rf.045abffabb92a2b527904ea57d593832.jpg,0,rust,1902601.166500017,16140.059999998892,9,0.8483154685377277,118.0,289.0,2312.0,1506.0
train,09116_rust_jpg.rf.045abffabb92a2b527904ea57d593832.jpg,1,rust,302575.0,9311.152500001714,1,3.077303974221834,0.0,944.0,701.0,1727.0
train,09117_rust_jpg.rf.d5130a71de583fc56aa2c983e3252050.jpg,0,rust,2243569.0,7580.325000001118,4,0.3378690381263566,197.0,240.0,2445.0,1568.0
train,09118_rust_jpg.rf.f605d5584530e4e444fae001c69d9a41.jpg,0,rust,4675691.699999988,20483.59375,1,0.43808691984546483,0.0,241.0,3730.0,2093.0
train,09120_rust_jpg.rf.3771f07078cbeaedef75ebba9fbcd856.jpg,0,rust,1843455.0,33657.93000000529,7,1.8258069765741658,272.0,232.00000000000003,2346.0,1447.0
train,09120_rust_jpg.rf.3771f07078cbeaedef75ebba9fbcd856.jpg,1,rust,161340.5,1973.7675000019372,1,1.223355264178515,2219.0,1155.0,2591.0,1727.0
train,09121_rust_jpg.rf.5dbd622ed1882a0682ac61b9f81a3acb.jpg,0,rust,2559994.166500032,80864.53125,1,3.158777949894949,540.0,523.0,3508.0,1853.0000000000002
train,09122_rust_jpg.rf.8f472472e97be80b6e8457eb85ac7f0e.jpg,0,rust,1424916.5,18830.070000004955,12,1.3214858554873183,467.0,294.0,2243.0,1445.0
train,09123_rust_jpg.rf.5c7f8a924c1e07ab328ec0a34ec1cc31.jpg,0,rust,1577326.5,405201.13000001013,5,25.689109388576817,1986.0,1113.0,3371.9999999999995,2778.0
train,09125_rust_jpg.rf.8d12e76f40273bf379d56c30dbff6bfc.jpg,0,rust,1228274.0,12269.49249999784,9,0.9989214540076432,198.99999999999997,387.0,1775.0,1485.0
train,09126_rust_jpg.rf.adc4c5dcde38e5a4c6cb2169f7a66467.jpg,0,rust,2467849.1735000014,79273.28250000346,13,3.212241791404738,342.0,101.0,2591.0,1700.0
train,09127_rust_jpg.rf.c25aa8ab0c6b95be2ca41d7904ad1389.jpg,0,rust,1743933.5,66654.2925000037,12,3.8220661797025923,71.0,330.0,2395.0,1445.0
train,09127_rust_jpg.rf.c25aa8ab0c6b95be2ca41d7904ad1389.jpg,1,rust,384756.75049999356,4680.180000001565,1,1.2163997107054378,0.0,716.0,925.9999999999999,1727.0
train,09128_rust_jpg.rf.3f3c9111bc8b3d193f7208f2161d2157.jpg,0,rust,3560505.0,236774.6875,3,6.650031034923416,619.0,495.0,3207.0,2281.0
train,09129_rust_jpg.rf.31465e3989167cec2b27e17a9afc929a.jpg,0,rust,3479448.75,265319.0,1,7.625317085069869,407.667,329.667,3327.667,2062.667
train,09130_rust_jpg.rf.8de589d0eaf5e8032efde8035c4f74f3.jpg,0,rust,3915359.0,14690.261249996722,1,0.3751957674889256,604.0,690.0,3613.0,2477.0
train,09131_rust_jpg.rf.6935f0dc53f69bab500d4487113f523d.jpg,0,rust,1350997.25,5401.890000000596,5,0.3998446332885279,446.99999999999994,437.00000000000006,2591.0,1414.0
train,09132_rust_jpg.rf.5c69c76b62be337e08d848d0c088e84e.jpg,0,rust,4801339.992000014,20744.53125,1,0.4320571191493315,0.0,199.0,2959.0,2460.0
train,09133_rust_jpg.rf.507c6b229730260a878151d90f43911a.jpg,0,rust,2020776.7999999821,117670.04250000184,18,5.823010364133381,310.0,51.0,1965.0,1727.0
train,09134_rust_jpg.rf.dcaccbe75f47c6beb8d031a50214a883.jpg,0,rust,2369695.504000008,23040.045000001788,4,0.9722787151813623,180.0,198.0,2591.0,1543.0
train,09134_rust_jpg.rf.dcaccbe75f47c6beb8d031a50214a883.jpg,1,rust,168122.0,3035.5,1,1.8055340764444867,197.0,0.0,1352.0,251.0
train,09135_rust_jpg.rf.b685a80475bebbe0f8f7a8a37b3c5cf5.jpg,0,rust,2690798.0,177786.39374998584,7,6.607199564961244,888.0,1103.0,3628.0,2465.0
train,09136_rust_jpg.rf.26c0cf4c7278ed0166505e2dfbc0cee7.jpg,0,rust,1628701.75,19546.31250000233,8,1.2001161354436027,0.0,256.0,2591.0,1261.0
train,09137_rust_jpg.rf.617e540696d9359c7e2d1dd7153c7a3e.jpg,0,rust,1495314.5,10863.922499999404,1,0.7265309404810428,0.0,250.0,2080.0,1459.0
train,09138_rust_jpg.rf.1795998e22240156235a97c2b4bb11b3.jpg,0,rust,277364.9000000004,86903.0,1,31.331650111459627,2630.0,163.335,3160.0,686.665
train,09138_rust_jpg.rf.1795998e22240156235a97c2b4bb11b3.jpg,1,rust,1822411.300000012,122945.60000000149,1,6.746314621732245,1786.0,645.0,3122.0,2496.0
train,09139_rust_jpg.rf.2e625498fdb43ac954c036266736bcd2.jpg,0,rust,1854285.0,27556.200000001118,10,1.486082236549458,0.0,261.0,2174.0,1515.0
train,09140_rust_jpg.rf.30d4d7ab8019467700261af5d9c1bbf2.jpg,0,rust,1639350.8310000002,24483.465000003576,1,1.493485380738711,346.0,278.0,1953.0,1640.0
train,09141_rust_jpg.rf.f9f4ed332f234a7f5af45e56fd818f39.jpg,0,rust,2109895.0,53740.078125,1,2.5470498828140737,1328.0,340.0,3482.0,1848.9999999999998
train,09142_rust_jpg.rf.5d94e6a5036b348108a1e24d3eda150a.jpg,0,rust,1686436.5,20549.815000000875,10,1.218534762500745,396.99999999999994,237.00000000000003,2257.0,1562.0
train,09143_rust_jpg.rf.a85628ecfa4c2f245192df1a56757130.jpg,0,rust,817212.75,10169.550000000745,1,1.2444189104980001,438.0,549.0,1915.9999999999998,1402.0
train,09144_rust_jpg.rf.1cf147b24f57db13a088395db836e9f8.jpg,0,rust,849770.0,9524.384999997914,1,1.1208191628320503,574.0,513.0,1959.0000000000002,1384.0
train,09145_rust_jpg.rf.527ee3ae104912a633108346b719c6fa.jpg,0,rust,1749846.5,14313.915000000037,4,0.8180097511410308,355.0,158.0,2425.0,1521.0
train,09146_rust_jpg.rf.82b09f85f6fa6b27e3921f3b1c606076.jpg,0,rust,4218795.813499987,214986.859375,7,5.095929475587564,271.0,192.0,2746.0,2522.0
train,09147_rust_jpg.rf.0cea0a68ffc26758293e6d48ce46d236.jpg,0,rust,1265317.5,39590.16750000883,8,3.128872200061157,307.0,84.0,2350.0,1189.0
train,09148_rust_jpg.rf.2f96f859710f9250ca40e9142cee0e39.jpg,0,rust,1142835.3999999985,30858.570000000298,1,2.700176245853107,322.0,382.0,2223.0,1288.0
train,09149_rust_jpg.rf.cf01617b9393c72818c498dea16ca866.jpg,0,rust,1858832.0,232915.5,1,12.53020714082822,1678.0,864.0,2908.0,2821.0
train,09149_rust_jpg.rf.cf01617b9393c72818c498dea16ca866.jpg,1,rust,62807.5,0.0,0,0.0,3464.0,1287.0,3995.0,1509.0
train,09149_rust_jpg.rf.cf01617b9393c72818c498dea16ca866.jpg,2,rust,10277.0,0.0,0,0.0,2914.0,1365.0,3099.0,1457.0
train,09149_rust_jpg.rf.cf01617b9393c72818c498dea16ca866.jpg,3,rust,939169.25,85839.7499999404,1,9.139965985890232,2736.0,1275.0,4065.0,2512.0
train,09150_rust_jpg.rf.532253f2000f1bd94240672d30247498.jpg,0,rust,844200.0,0.0,0,0.0,1257.5,0.0,2517.5,670.0
train,09150_rust_jpg.rf.532253f2000f1bd94240672d30247498.jpg,1,rust,968468.25,1476.5149999996647,3,0.1524587925313674,389.0,438.0,2041.0,1261.0
train,09151_rust_jpg.rf.9af037af083afd605a32d686391eca53.jpg,0,rust,3023505.0,25702.34375,1,0.8500843805450958,125.0,515.0,2660.0,2282.0
train,09152_rust_jpg.rf.bf5b218c763a943ec790bb7dba4f9ce9.jpg,0,rust,1239188.0,17364.332500001416,10,1.401266999034966,56.0,269.0,2115.0,1298.0
train,09153_rust_jpg.rf.8eb65628ddbd3ab767e5a50ddd480244.jpg,0,rust,2043084.0,53477.61750001088,3,2.617494801976369,0.0,0.0,2591.0,1135.0
train,09154_rust_jpg.rf.8d639364638e565f51b623fe8e76aeb8.jpg,0,rust,11880564.850000024,1031350.3200000674,11,8.68098725120856,0.0,0.0,4607.0,3442.0
train,09155_rust_jpg.rf.5b880f25c6f0d2307e6c1d2918ef3c6e.jpg,0,rust,3915647.5,14769.0625,1,0.37718059401414455,246.0,310.0,3531.0,2093.0
train,09156_rust_jpg.rf.8dd85865075e832e6920bcdda916a13a.jpg,0,rust,4077288.25,204927.265625,12,5.026067647412468,720.0,298.0,3284.0,2547.0
train,09157_rust_jpg.rf.56be0365797c9ff1ac179e1497dabbcd.jpg,0,rust,3860578.0130000114,97824.51000000536,5,2.5339342883525116,1493.9999999999998,315.0,4052.0,2597.0
train,09158_rust_jpg.rf.e6ae1b2962932587bbdcc048ebadec98.jpg,0,rust,2193265.2999999523,63912.380000032485,6,2.914028685906528,2088.0,1207.0,4044.0,3010.0
train,09158_rust_jpg.rf.e6ae1b2962932587bbdcc048ebadec98.jpg,1,rust,550132.73300004,18677.0,4,3.39499885748457,2858.0,2969.0,4431.0,3455.0
train,09158_rust_jpg.rf.e6ae1b2962932587bbdcc048ebadec98.jpg,2,rust,1752690.5,51437.93000000063,5,2.9347982430440878,989.9999999999999,0.0,2415.0,1606.0
train,09158_rust_jpg.rf.e6ae1b2962932587bbdcc048ebadec98.jpg,3,rust,813449.5,25302.5,4,3.1105188459763022,2517.0,0.0,3754.0,1088.0
train,09158_rust_jpg.rf.e6ae1b2962932587bbdcc048ebadec98.jpg,4,rust,526396.0,10344.510000000708,1,1.9651574100108489,3706.0,0.0,4663.0,835.0
train,09159_rust_jpg.rf.0b8b70f41c0ad36a9aafab2ede0e74ee.jpg,0,rust,2234474.5,138174.65999998897,3,6.183765355119916,1685.9999999999998,391.0,3422.0,2461.0
train,09160_rust_jpg.rf.3e094f785dc225ac58973d357f5e49dc.jpg,0,rust,1666379.0,192261.60000002384,6,11.537687404847507,2095.0,1267.0,4549.0,2222.0
train,09160_rust_jpg.rf.3e094f785dc225ac58973d357f5e49dc.jpg,1,rust,382431.0,10192.5,1,2.665186661123183,2063.0,0.0,2597.0,1157.0
train,09160_rust_jpg.rf.3e094f785dc225ac58973d357f5e49dc.jpg,2,rust,352947.5,30926.5,1,8.762351341205136,1291.0,0.0,1808.0,924.0
train,09160_rust_jpg.rf.3e094f785dc225ac58973d357f5e49dc.jpg,3,rust,767009.625,55928.88000000268,2,7.291809408519832,1460.0,1833.0,2189.0,3448.0
train,09161_rust_jpg.rf.6915494e444e67e54d3d184e43938d7d.jpg,0,rust,1753063.336499989,269615.25,8,15.37966395089238,1817.0,570.0,3214.0,2700.0
train,09161_rust_jpg.rf.6915494e444e67e54d3d184e43938d7d.jpg,1,rust,597170.0,21028.0,1,3.521275348728168,175.0,1235.0,983.0,2348.0
train,09161_rust_jpg.rf.6915494e444e67e54d3d184e43938d7d.jpg,2,rust,753885.6654999852,42146.5,3,5.590569224054417,3371.9999999999995,916.0,4049.0,2674.0
train,09162_rust_jpg.rf.845466d0149ec45a2f207a8989edd8ff.jpg,0,rust,1759400.830000013,77533.5,2,4.406812744313609,850.0,1593.0,2902.0,2864.0
train,09163_rust_jpg.rf.6a4d7838a1119f53c538fb320cb46b81.jpg,0,rust,1613080.25,13167.5,1,0.8162954074975501,601.0,536.0,2591.0,1676.0
train,09164_rust_jpg.rf.6c806c74e4c666c035ec9d350b0ac519.jpg,0,rust,3942287.417999983,371433.0,1,9.42176357573738,474.0,421.00000000000006,3404.0,2303.0
train,09165_rust_jpg.rf.3d578c234fadfa797632e1cbf40d3a64.jpg,0,rust,1281388.5,30600.5,2,2.3880735623895486,217.0,66.0,2296.0,1427.0
train,09165_rust_jpg.rf.3d578c234fadfa797632e1cbf40d3a64.jpg,1,rust,919726.5,102848.5,1,11.182509148100007,1310.0,259.0,2591.0,1566.0
train,09166_rust_jpg.rf.71a143225686891a7d243e2cc8512df4.jpg,0,rust,2363562.0059999824,72643.0,11,3.0734543801090592,45.0,136.0,2266.0,1721.0
train,09167_rust_jpg.rf.589167dda6b84afa5815b117e4e0b959.jpg,0,rust,1863925.0,18217.0,1,0.9773461915044865,1618.0,1024.0,3502.0,2343.0
valid,03047_frog_eye_leaf_spot_jpg.rf.0c6484ca023b3e78567b3f798ddee48b.jpg,0,frog-eye-leaf-spot,1932830.0,6269.5,1,0.32436893053191435,309.0,997.9999999999999,3089.0,2124.0
valid,03048_frog_eye_leaf_spot_jpg.rf.3d38a6972f297dcbef03d3813d96be5e.jpg,0,frog-eye-leaf-spot,6290850.5,70994.5,13,1.1285357997301,320.0,0.0,3807.0,2671.0
valid,03049_frog_eye_leaf_spot_jpg.rf.50d16089426145a7f8cfd945313dfb1c.jpg,0,frog-eye-leaf-spot,2979242.0,51855.5,2,1.740560182757896,895.0,439.0,3216.0,2123.0
valid,03050_frog_eye_leaf_spot_jpg.rf.ce35704decc856d5176ad1da487ac063.jpg,0,frog-eye-leaf-spot,4902768.0,31153.5,2,0.6354267630040826,576.0,151.0,3437.0,2499.0
valid,03051_frog_eye_leaf_spot_jpg.rf.b7445d2fdc4d4399dbf281edf6d703c5.jpg,0,frog-eye-leaf-spot,3577019.5499999523,15512.0,4,0.4336571210520839,0.0,448.0,2916.0,2253.0
valid,03052_frog_eye_leaf_spot_jpg.rf.04830ba6279088968049df61e6f639c1.jpg,0,frog-eye-leaf-spot,363592.7999999998,0.0,0,0.0,3663.34,0.0,4000.0,1080.0
valid,03052_frog_eye_leaf_spot_jpg.rf.04830ba6279088968049df61e6f639c1.jpg,1,frog-eye-leaf-spot,2346568.6674999893,33222.0,3,1.4157693512286766,379.0,1090.0,2859.0,2522.0
valid,03053_frog_eye_leaf_spot_jpg.rf.ca4fad583a808ab77fe7b855a25c48ff.jpg,0,frog-eye-leaf-spot,4378364.0,71152.5,18,1.6250932996891077,446.0,249.00000000000003,3285.0,2364.0
valid,03054_frog_eye_leaf_spot_jpg.rf.3328e7d218d42f823a7f5a1fdbc93e7b.jpg,0,frog-eye-leaf-spot,5174614.465000033,13784.5,1,0.26638699546092487,572.0,75.0,3671.0,2253.0
valid,03055_frog_eye_leaf_spot_jpg.rf.141b9af980f9d6fbbb2ed97e7252235c.jpg,0,frog-eye-leaf-spot,4323959.5,41856.5,7,0.9680132295411185,403.0,157.0,2969.0,2460.0
valid,03056_frog_eye_leaf_spot_jpg.rf.1a2602f3088e8d77fdab3a693561917b.jpg,0,frog-eye-leaf-spot,1401014.0,16619.5,2,1.1862479604058203,783.0,658.0,2156.0,2209.0
valid,03057_frog_eye_leaf_spot_jpg.rf.7454c4a4d4e310fb6e62d19a3d8d16a9.jpg,0,frog-eye-leaf-spot,4066041.5,73111.5,3,1.7981001915499386,664.0,438.0,3407.0,2555.0
valid,03058_frog_eye_leaf_spot_jpg.rf.f2a0a6d63f015ea10baf6f3a9bd58c55.jpg,0,frog-eye-leaf-spot,2686724.7515000105,205726.0,12,7.657129740779819,1066.0,639.0,3265.0,2294.0
valid,03058_frog_eye_leaf_spot_jpg.rf.f2a0a6d63f015ea10baf6f3a9bd58c55.jpg,1,frog-eye-leaf-spot,385638.0,5942.5,1,1.5409529143912166,2916.0,2001.0,3999.0,2580.0
valid,03059_frog_eye_leaf_spot_jpg.rf.671207e2b93c838472af41eeb2bb4ab8.jpg,0,frog-eye-leaf-spot,5615587.5,13047.0,2,0.23233544130511724,370.0,7.0,3611.0,2371.0
valid,03060_frog_eye_leaf_spot_jpg.rf.3bf2d85092fccd5e939e4a3a7e57596c.jpg,0,frog-eye-leaf-spot,5859993.166000009,44752.5,6,0.7636954298796179,352.0,9.0,3284.0,2659.0
valid,03061_frog_eye_leaf_spot_jpg.rf.a5941ebec78c2f464fed796f4db971c8.jpg,0,frog-eye-leaf-spot,6002241.0,80095.5,14,1.334426591668012,201.0,0.0,3494.0,2381.0
valid,03061_frog_eye_leaf_spot_jpg.rf.a5941ebec78c2f464fed796f4db971c8.jpg,1,frog-eye-leaf-spot,268910.5,25662.0,5,9.542952023070873,0.0,1844.0,773.0,2671.0
valid,03062_frog_eye_leaf_spot_jpg.rf.c891f4a5d07172d9eb062eedf3044945.jpg,0,frog-eye-leaf-spot,1996797.5,12405.5,3,0.6212698082805092,1074.0,600.0,2958.0,2075.0
valid,03062_frog_eye_leaf_spot_jpg.rf.c891f4a5d07172d9eb062eedf3044945.jpg,1,frog-eye-leaf-spot,1025019.0,6578.5,1,0.6417929813983936,0.0,896.0,856.0,2665.0
valid,03062_frog_eye_leaf_spot_jpg.rf.c891f4a5d07172d9eb062eedf3044945.jpg,2,frog-eye-leaf-spot,576109.0,7971.0,2,1.3835923410326865,3138.0,23.0,3999.0,1107.0
valid,03062_frog_eye_leaf_spot_jpg.rf.c891f4a5d07172d9eb062eedf3044945.jpg,3,frog-eye-leaf-spot,429628.8324999809,6544.5,1,1.523291619400402,2321.0,1877.9999999999998,3188.0,2614.0
valid,03063_frog_eye_leaf_spot_jpg.rf.615ef8af3f017bd7f156349124812484.jpg,0,frog-eye-leaf-spot,3147718.0,14565.0,2,0.4627161645357049,292.0,575.0,3190.0,2254.0
valid,03064_frog_eye_leaf_spot_jpg.rf.a5e6c051eb9b01f2ec3fa233e08d68ff.jpg,0,frog-eye-leaf-spot,3856929.0,24169.5,2,0.6266514110060102,1344.0,23.0,3761.0,2420.0
valid,03065_frog_eye_leaf_spot_jpg.rf.e9456f7228323f26bc3609749d7857f6.jpg,0,frog-eye-leaf-spot,4307543.0,11405.5,2,0.2647797131682725,1041.0,181.0,3921.0,2130.0
valid,03066_frog_eye_leaf_spot_jpg.rf.3deeb4d6e1c8614b42b988e09e2074f3.jpg,0,frog-eye-leaf-spot,1542906.700000003,0.0,0,0.0,2009.9999999999998,1896.6649999999997,4000.0,2671.995
valid,03066_frog_eye_leaf_spot_jpg.rf.3deeb4d6e1c8614b42b988e09e2074f3.jpg,1,frog-eye-leaf-spot,4844654.5,100757.5,10,2.0797664725110945,516.0,0.0,3326.0,2191.0
valid,03067_frog_eye_leaf_spot_jpg.rf.34e110e635fb4f928e1efccef16aedc8.jpg,0,frog-eye-leaf-spot,4569095.666000009,10565.0,3,0.23122737566248147,256.0,249.00000000000003,3223.0,2409.0
valid,03068_frog_eye_leaf_spot_jpg.rf.898c38882d4d81b2a6fa1043b17f8bdb.jpg,0,frog-eye-leaf-spot,3174714.0,30162.0,2,0.9500698330621278,1080.0,440.0,3250.0,2415.0
valid,03069_frog_eye_leaf_spot_jpg.rf.dffd9b667bed5aafd477bbf7d3ca1e9f.jpg,0,frog-eye-leaf-spot,4502247.200000048,17850.0,1,0.3964686790187756,487.0,121.00000000000001,3372.0,2114.0
valid,03070_frog_eye_leaf_spot_jpg.rf.03218456b1a8a5f251f0f31e0c490b73.jpg,0,frog-eye-leaf-spot,2463980.0,38424.0,1,1.5594282421123549,709.0,390.0,2565.0,2125.0
valid,03071_frog_eye_leaf_spot_jpg.rf.efc84d2709504d6388aa45f1c4bafa75.jpg,0,frog-eye-leaf-spot,4753969.600000024,67653.0,17,1.4230844050832732,782.0,199.0,3494.0,2576.0
valid,03071_frog_eye_leaf_spot_jpg.rf.efc84d2709504d6388aa45f1c4bafa75.jpg,1,frog-eye-leaf-spot,449396.5009999871,13363.5,4,2.973654661365595,99.0,2332.0,2152.0,2671.0
valid,03071_frog_eye_leaf_spot_jpg.rf.efc84d2709504d6388aa45f1c4bafa75.jpg,2,frog-eye-leaf-spot,791364.0,17629.0,5,2.227672727088925,2989.0,0.0,3999.0,1065.0
valid,07589_healthy_jpg.rf.5c6f16241590b4b294652c6848e9628f.jpg,0,healthy,1234390.0,0.0,0,0.0,600.0,984.9999999999999,2383.0,2062.0
valid,07589_healthy_jpg.rf.5c6f16241590b4b294652c6848e9628f.jpg,1,healthy,408058.5,0.0,0,0.0,2585.0,0.0,3101.0,1055.0
valid,07589_healthy_jpg.rf.5c6f16241590b4b294652c6848e9628f.jpg,2,healthy,141286.0,0.0,0,0.0,2170.0,875.0,2559.0,1401.0
valid,07589_healthy_jpg.rf.5c6f16241590b4b294652c6848e9628f.jpg,3,healthy,347646.0,0.0,0,0.0,2873.0,1091.0,3848.0,1646.0
valid,07590_healthy_jpg.rf.6e39c75fa0eacf73658e89bb1d818bbc.jpg,0,healthy,4709945.5,0.0,0,0.0,110.0,484.00000000000006,3617.0,2436.0
valid,07591_healthy_jpg.rf.d0042304012ec77339bc4fd54c82fa61.jpg,0,healthy,3870395.165499985,0.0,0,0.0,197.0,385.99999999999994,3396.0,2258.0
valid,07591_healthy_jpg.rf.d0042304012ec77339bc4fd54c82fa61.jpg,1,healthy,393096.0,0.0,0,0.0,2554.0,195.0,3649.0,890.0
valid,07591_healthy_jpg.rf.d0042304012ec77339bc4fd54c82fa61.jpg,2,healthy,387422.5,0.0,0,0.0,1766.0,2102.0,2697.0,2671.0
valid,07591_healthy_jpg.rf.d0042304012ec77339bc4fd54c82fa61.jpg,3,healthy,627893.0,0.0,0,0.0,3029.0,1670.0,3999.0,2666.0
valid,07592_healthy_jpg.rf.a152a25953d2df903d77e02e3f9f9775.jpg,0,healthy,3060115.75,0.0,0,0.0,259.0,415.0,3291.0,1941.0
valid,07592_healthy_jpg.rf.a152a25953d2df903d77e02e3f9f9775.jpg,1,healthy,345849.799999997,0.0,0,0.0,349.0,303.0,1504.0,1081.0
valid,07592_healthy_jpg.rf.a152a25953d2df903d77e02e3f9f9775.jpg,2,healthy,631014.5,0.0,0,0.0,0.0,1882.0,922.0,2671.0
valid,07593_healthy_jpg.rf.8befe2f5b51f002eee1e874b87df3cac.jpg,0,healthy,3906436.166999936,0.0,0,0.0,66.0,523.0,3480.0,2402.0
valid,07593_healthy_jpg.rf.8befe2f5b51f002eee1e874b87df3cac.jpg,1,healthy,392830.0,0.0,0,0.0,0.0,1783.0,831.0,2469.0
valid,07594_healthy_jpg.rf.6c349ed2cb3b0c4083e886879dcfa14a.jpg,0,healthy,3861880.0,0.0,0,0.0,400.0,636.0,3438.0,2414.0
valid,07594_healthy_jpg.rf.6c349ed2cb3b0c4083e886879dcfa14a.jpg,1,healthy,307701.0,0.0,0,0.0,2733.0,0.0,3972.0,473.0
valid,07595_healthy_jpg.rf.31c9fbd033c494b2b8925450ac3c7384.jpg,0,healthy,3768453.5,0.0,0,0.0,363.0,157.0,3244.0,2174.0
valid,07595_healthy_jpg.rf.31c9fbd033c494b2b8925450ac3c7384.jpg,1,healthy,184505.5,0.0,0,0.0,3600.0,0.0,3999.0,632.0
valid,07595_healthy_jpg.rf.31c9fbd033c494b2b8925450ac3c7384.jpg,2,healthy,232362.0,0.0,0,0.0,3645.0,1777.0,3999.0,2671.0
valid,07596_healthy_jpg.rf.1b3e6d0d60f0d728bac228430f1e6308.jpg,0,healthy,509676.0,0.0,0,0.0,993.0,0.0,2198.0,767.0
valid,07596_healthy_jpg.rf.1b3e6d0d60f0d728bac228430f1e6308.jpg,1,healthy,4257321.5,0.0,0,0.0,851.0,116.0,3632.0,2430.0
valid,07597_healthy_jpg.rf.28299c80a2a51173b14a997833d01299.jpg,0,healthy,717340.5,0.0,0,0.0,1116.0,0.0,2604.0,798.0
valid,07597_healthy_jpg.rf.28299c80a2a51173b14a997833d01299.jpg,1,healthy,1107162.0,0.0,0,0.0,953.0,1032.0,2792.0,2024.0
valid,07597_healthy_jpg.rf.28299c80a2a51173b14a997833d01299.jpg,2,healthy,856036.5,0.0,0,0.0,1776.0,1880.0000000000002,2814.0,2999.0
valid,07597_healthy_jpg.rf.28299c80a2a51173b14a997833d01299.jpg,3,healthy,310167.5,0.0,0,0.0,3360.0,2208.0,3999.0,2999.0
valid,07597_healthy_jpg.rf.28299c80a2a51173b14a997833d01299.jpg,4,healthy,863796.3330000043,0.0,0,0.0,2605.0,462.99999999999994,3999.0,1494.0
valid,07597_healthy_jpg.rf.28299c80a2a51173b14a997833d01299.jpg,5,healthy,507418.5,0.0,0,0.0,2340.0,0.0,3427.0,659.0
valid,07598_healthy_jpg.rf.e0dba26da319e1d0d8f9304b416fb371.jpg,0,healthy,4161600.0,0.0,0,0.0,332.0,118.99999999999999,3338.0,2277.0
valid,07598_healthy_jpg.rf.e0dba26da319e1d0d8f9304b416fb371.jpg,1,healthy,599725.5019999743,0.0,0,0.0,2993.0,1037.0,3999.0,1952.0
valid,07599_healthy_jpg.rf.a9be9d1bbfa2520c088bb1cffa63bfa9.jpg,0,healthy,5621590.668000042,0.0,0,0.0,381.0,6.0,3461.0,2569.0
valid,07599_healthy_jpg.rf.a9be9d1bbfa2520c088bb1cffa63bfa9.jpg,1,healthy,292188.8899999857,0.0,0,0.0,3125.0,2093.0,3999.0,2671.0
valid,07599_healthy_jpg.rf.a9be9d1bbfa2520c088bb1cffa63bfa9.jpg,2,healthy,522269.5,0.0,0,0.0,3363.0,441.0,3999.0,1510.0
valid,07600_healthy_jpg.rf.bb1f32edc7d9313ac757af2e79c55754.jpg,0,healthy,6158272.286000013,0.0,0,0.0,385.0,0.0,3999.0,2459.0
valid,07600_healthy_jpg.rf.bb1f32edc7d9313ac757af2e79c55754.jpg,1,healthy,650888.0,0.0,0,0.0,1981.0,0.0,3985.0,570.0
valid,07601_healthy_jpg.rf.8ef6b52c6a7cdd8f30ae18d2101c9a7e.jpg,0,healthy,5613557.5,0.0,0,0.0,234.0,189.0,3767.0,2253.0
valid,07602_healthy_jpg.rf.7599e00a1338c79dc570ea120318872b.jpg,0,healthy,3842246.3339999914,0.0,0,0.0,821.0,282.0,3616.0,2203.0
valid,07602_healthy_jpg.rf.7599e00a1338c79dc570ea120318872b.jpg,1,healthy,294266.0,0.0,0,0.0,2983.0,1194.0,3999.0,2541.0
valid,07602_healthy_jpg.rf.7599e00a1338c79dc570ea120318872b.jpg,2,healthy,280289.5,0.0,0,0.0,3080.0,1150.0,3827.0,1958.0
valid,07602_healthy_jpg.rf.7599e00a1338c79dc570ea120318872b.jpg,3,healthy,301329.0,0.0,0,0.0,3207.0,2086.0,3999.0,2671.0
valid,07603_healthy_jpg.rf.f97d062e6e45d21f922d70138be8431d.jpg,0,healthy,4608214.165499985,0.0,0,0.0,586.0,111.0,3312.0,2358.0
valid,07603_healthy_jpg.rf.f97d062e6e45d21f922d70138be8431d.jpg,1,healthy,649587.0,0.0,0,0.0,2781.0,0.0,3947.0,1184.0
valid,07603_healthy_jpg.rf.f97d062e6e45d21f922d70138be8431d.jpg,2,healthy,852242.75,0.0,0,0.0,391.0,1844.0,1907.0,2671.0
valid,07603_healthy_jpg.rf.f97d062e6e45d21f922d70138be8431d.jpg,3,healthy,409282.16749995947,0.0,0,0.0,3210.0,1849.9999999999998,3999.0,2671.0
valid,07603_healthy_jpg.rf.f97d062e6e45d21f922d70138be8431d.jpg,4,healthy,58305.5,0.0,0,0.0,3237.0,1829.0,3483.0,2162.0
valid,07604_healthy_jpg.rf.7c017890b355ef743db9b8feaae574c5.jpg,0,healthy,4868284.5,0.0,0,0.0,486.0,20.0,3999.0,2083.0
valid,07604_healthy_jpg.rf.7c017890b355ef743db9b8feaae574c5.jpg,1,healthy,526345.5,0.0,0,0.0,0.0,0.0,647.0,1189.0
valid,07604_healthy_jpg.rf.7c017890b355ef743db9b8feaae574c5.jpg,2,healthy,300765.0,0.0,0,0.0,129.0,1422.0,1260.0,2279.0
valid,07605_healthy_jpg.rf.5bada9d2722502bf8f54f56bdeb2c117.jpg,0,healthy,4039851.0,0.0,0,0.0,724.0,292.0,3503.0,2322.0
valid,07605_healthy_jpg.rf.5bada9d2722502bf8f54f56bdeb2c117.jpg,1,healthy,261913.5,0.0,0,0.0,3297.0,0.0,3999.0,610.0
valid,07605_healthy_jpg.rf.5bada9d2722502bf8f54f56bdeb2c117.jpg,2,healthy,1093894.5,0.0,0,0.0,242.0,1873.0,2454.0,2671.0
valid,07606_healthy_jpg.rf.aa839351134c7d10db517d55e0a990b9.jpg,0,healthy,1487358.5,0.0,0,0.0,2459.0,0.0,3999.0,1279.0
valid,07606_healthy_jpg.rf.aa839351134c7d10db517d55e0a990b9.jpg,1,healthy,293327.5,0.0,0,0.0,2077.0,0.0,3064.0,1129.0
valid,07606_healthy_jpg.rf.aa839351134c7d10db517d55e0a990b9.jpg,2,healthy,2262262.0,0.0,0,0.0,598.0,605.0,3389.0,1910.0
valid,07606_healthy_jpg.rf.aa839351134c7d10db517d55e0a990b9.jpg,3,healthy,208328.89999997616,0.0,0,0.0,2627.0,1452.0,3679.0,2044.9999999999998
valid,07607_healthy_jpg.rf.40842aea544a60517c9378f223fa841e.jpg,0,healthy,4087185.003000021,0.0,0,0.0,889.0,727.0,3635.0,2671.0
valid,07608_healthy_jpg.rf.80115a9c085826bda0e8b8e843b852c8.jpg,0,healthy,5286865.0,0.0,0,0.0,296.0,271.0,3529.0,2448.0
valid,07608_healthy_jpg.rf.80115a9c085826bda0e8b8e843b852c8.jpg,1,healthy,275065.3247130001,0.0,0,0.0,664.0,0.0,2086.0,276.0
valid,07608_healthy_jpg.rf.80115a9c085826bda0e8b8e843b852c8.jpg,2,healthy,236759.0,0.0,0,0.0,0.0,219.0,399.0,1067.0
valid,07608_healthy_jpg.rf.80115a9c085826bda0e8b8e843b852c8.jpg,3,healthy,461255.5,0.0,0,0.0,0.0,1905.9999999999998,823.0,2671.0
valid,07609_healthy_jpg.rf.00d050ee17345a1e9c1c8024d4ca1230.jpg,0,healthy,3633189.300000012,0.0,0,0.0,563.0,114.00000000000001,3391.0,1907.0000000000002
valid,07609_healthy_jpg.rf.00d050ee17345a1e9c1c8024d4ca1230.jpg,1,healthy,460903.0,0.0,0,0.0,2903.0,0.0,3999.0,839.0
valid,07609_healthy_jpg.rf.00d050ee17345a1e9c1c8024d4ca1230.jpg,2,healthy,135216.5,0.0,0,0.0,0.0,0.0,356.0,593.0
valid,07609_healthy_jpg.rf.00d050ee17345a1e9c1c8024d4ca1230.jpg,3,healthy,534661.1649999991,0.0,0,0.0,0.0,742.9999999999999,639.0,2216.0
valid,07610_healthy_jpg.rf.add4d7656ae97a9eed1ba9c0a5593da6.jpg,0,healthy,2408987.5,0.0,0,0.0,976.0,311.0,3101.0,2046.0000000000002
valid,07610_healthy_jpg.rf.add4d7656ae97a9eed1ba9c0a5593da6.jpg,1,healthy,296343.5,0.0,0,0.0,0.0,1092.0,566.0,1816.0
valid,07610_healthy_jpg.rf.add4d7656ae97a9eed1ba9c0a5593da6.jpg,2,healthy,646844.125,0.0,0,0.0,1816.0,2202.0,3999.0,2671.0
valid,07611_healthy_jpg.rf.861ac1947d5ab396c972f0357f0a474f.jpg,0,healthy,4488202.5,0.0,0,0.0,827.0,26.0,3670.0,2229.0
valid,07612_healthy_jpg.rf.205c875dda8986f5dcfe9dfe579c4492.jpg,0,healthy,3473192.5,0.0,0,0.0,171.0,295.0,3434.0,2010.0
valid,07612_healthy_jpg.rf.205c875dda8986f5dcfe9dfe579c4492.jpg,1,healthy,1525830.699999988,0.0,0,0.0,2032.0,1254.0,3796.0,2671.0
valid,07613_healthy_jpg.rf.8847bd9e807efd23a8aae64181074d00.jpg,0,healthy,5638196.165500045,0.0,0,0.0,526.0,88.00000000000001,3628.0,2501.0
valid,10430_rust_jpg.rf.9e9432931a3a117166919acfcadf58eb.jpg,0,rust,1697223.6660000011,24713.5,2,1.4561133276113523,284.0,190.0,2262.0,1424.0
valid,10431_rust_jpg.rf.ab6c7f3e76cdd400fb9c69a07a2854c8.jpg,0,rust,1285570.875,20816.5,7,1.6192417240317458,181.0,310.0,1910.0,1429.0
valid,10431_rust_jpg.rf.ab6c7f3e76cdd400fb9c69a07a2854c8.jpg,1,rust,389751.1634999998,2986.5,1,0.7662581358785351,0.0,556.0,826.0000000000001,1577.0
valid,10432_rust_jpg.rf.a5ef6947034835ac231f77104658d401.jpg,0,rust,1522276.5,6192.5,1,0.4067920643851495,225.0,383.0,2155.0,1463.0
valid,10433_rust_jpg.rf.39c53c6abedc94071935622e76873473.jpg,0,rust,1591188.0999999642,227330.25,1,14.286824417553468,1049.0,432.0,2805.0,2010.0
valid,10434_rust_jpg.rf.1423ee8c0f1698f80c9eb58cd7764a90.jpg,0,rust,1071007.5,21621.5,1,2.0188000550883163,327.0,281.0,1757.0,1331.0
valid,10435_rust_jpg.rf.6a5fb7e3461dd91f7dcebddce15e275a.jpg,0,rust,1393121.0,4855.0,2,0.34849808451670744,176.0,252.00000000000003,1958.0,1444.0
valid,10436_rust_jpg.rf.197d6f6827fb85d572be7bdccf17f13d.jpg,0,rust,3675776.5,30766.5,1,0.8370068201915977,322.0,428.00000000000006,2998.0,2362.0
valid,10437_rust_jpg.rf.6f9397606c74451550b4bc10fd086c56.jpg,0,rust,1899829.5,15131.5,16,0.7964662092045628,162.0,258.0,2333.0,1500.0
valid,10438_rust_jpg.rf.2f0cd057dd4e9ae9e497ec31cba901db.jpg,0,rust,1095210.0,85624.0,1,7.818044028085938,1520.0,694.0,2691.0,2007.0
valid,10439_rust_jpg.rf.e0374609927cacdccc38bfe1bb2aab12.jpg,0,rust,1213750.1664999947,8275.0,5,0.6817712761978053,63.0,359.0,2312.0,1215.0
valid,10440_rust_jpg.rf.58c55c334739ed70188e21eec0045011.jpg,0,rust,1805452.163500011,16352.0,5,0.9057010941957256,0.0,347.0,2264.0,1499.0
valid,10441_rust_jpg.rf.6941a32581c67367f745df98ccc5442f.jpg,0,rust,4338186.5804998875,224525.16349999607,17,5.175553410017789,1159.0,776.0,4408.0,2989.0
valid,10443_rust_jpg.rf.72493d1b4c909ad7c0291c6697ea8a03.jpg,0,rust,1884329.875,25794.0,15,1.368868601098839,1592.0,773.0,3564.0,2316.0
valid,10444_rust_jpg.rf.c175d0327daf1735bee0e2fed5127a88.jpg,0,rust,1537153.5,85086.0,6,5.53529624725182,1378.0,1059.0,3452.9999999999995,2443.0
valid,10444_rust_jpg.rf.c175d0327daf1735bee0e2fed5127a88.jpg,1,rust,707248.2472500205,28634.75,2,4.048755173496708,1743.0,2871.0,3601.9999999999995,3455.0
valid,10445_rust_jpg.rf.6761f8552aa9b34d503bda97e2025765.jpg,0,rust,3311997.4960000217,292516.5,1,8.832026604889622,519.0,167.0,2883.0,2170.0
valid,10446_rust_jpg.rf.589b0258490447af16037a5a612de244.jpg,0,rust,1436538.75,56523.01500000805,2,3.9346669207501743,388.0,301.0,2591.0,1272.0
valid,10447_rust_jpg.rf.650cf2a7f8384dd9243177ba824f9b37.jpg,0,rust,1280423.0,15992.437500001863,4,1.248996425400189,341.0,288.0,2335.0,1186.0
valid,10448_rust_jpg.rf.bd5107fc36c0751255349fc98276c1b9.jpg,0,rust,1132414.5,11716.85249999445,7,1.034678777072746,213.0,335.0,2474.0,1200.0
valid,10449_rust_jpg.rf.92ebad080f764fd0a917cb7555f3cbd1.jpg,0,rust,1674743.0,29548.884999999078,9,1.7643832516391518,292.0,0.0,2479.0,1068.0
valid,10450_rust_jpg.rf.5759889f2a37cecbff5977b0dd906ec4.jpg,0,rust,2046039.5,22963.5,2,1.1223390359765781,1471.0,73.0,3024.0,2081.0
valid,10450_rust_jpg.rf.5759889f2a37cecbff5977b0dd906ec4.jpg,1,rust,881082.5,18081.220000002533,2,2.052159701276842,342.0,1562.0,1388.0000000000002,2835.0
valid,10451_rust_jpg.rf.845ebaeae8569c3ac7e58fee38a4cfd9.jpg,0,rust,1376294.125,92143.77749999799,2,6.695064363512994,71.0,258.0,2167.0,1231.0
valid,10453_rust_jpg.rf.753d7004af5380af6c22f1a5713f9ba0.jpg,0,rust,4243821.0,327991.67999994755,3,7.728687897061341,925.0,0.0,3921.0,2564.0
valid,10454_rust_jpg.rf.67e49aa675b6f62fa2fde31a5d00021f.jpg,0,rust,3663868.3319999874,110089.53125,1,3.0047349215168353,615.0,368.0,3450.0,2149.0
valid,10455_rust_jpg.rf.a05312abe555e4a407ca552b865d94af.jpg,0,rust,5255309.232499957,207888.90625,4,3.9557882714944825,711.0,153.0,3554.0,2558.0
valid,10458_rust_jpg.rf.8c0d68ff22283413769067bc42f466e2.jpg,0,rust,2400665.5,14702.107499999925,4,0.612417994093718,89.0,37.0,2525.0,1531.0
test,03482_frog_eye_leaf_spot_jpg.rf.90398efdee4de1ebda71506f9535608c.jpg,0,frog-eye-leaf-spot,3776369.000000179,47958.0,6,1.2699500499023726,706.667,228.667,3394.667,2129.667
test,03483_frog_eye_leaf_spot_jpg.rf.5a8b977e35200cfac9e705b43d25116c.jpg,0,frog-eye-leaf-spot,4926021.275000095,28585.5,2,0.5802959103135308,1183.0,163.0,3810.0,2619.0
test,03484_frog_eye_leaf_spot_jpg.rf.c0be1d3f7e2f7c283a6b47c31d15de57.jpg,0,frog-eye-leaf-spot,3398262.25,28640.5,2,0.8427984038018255,716.0,335.0,2991.0,2256.0
test,03484_frog_eye_leaf_spot_jpg.rf.c0be1d3f7e2f7c283a6b47c31d15de57.jpg,1,frog-eye-leaf-spot,725209.349999994,16859.0,3,2.324708030860349,959.0,2113.0,2637.0,2671.0
test,03485_frog_eye_leaf_spot_jpg.rf.8bd62f613fe0c01e1d1e35bab0c79f05.jpg,0,frog-eye-leaf-spot,4564287.733999968,144878.5,20,3.174175434225616,371.0,449.00000000000006,3343.0,2313.0
test,03486_frog_eye_leaf_spot_jpg.rf.d5b7c711a2225e7723c0d151eb77375e.jpg,0,frog-eye-leaf-spot,4931934.666999996,45215.0,6,0.9167801897810509,374.0,125.99999999999999,3554.0,2215.0
test,03487_frog_eye_leaf_spot_jpg.rf.5fca917bb2c43280cd687df1d0469054.jpg,0,frog-eye-leaf-spot,6104416.25,62302.5,5,1.0206135598960835,140.0,27.0,3565.0,2487.0
test,03488_frog_eye_leaf_spot_jpg.rf.e3cd49c8d913abc5f92c32b873e9a038.jpg,0,frog-eye-leaf-spot,3164813.5,8643.5,1,0.27311245986532856,194.0,421.00000000000006,2956.0,1970.0
test,03489_frog_eye_leaf_spot_jpg.rf.a7ddbcc75c52a55240733398bb3ee8d0.jpg,0,frog-eye-leaf-spot,4290168.0,36782.0,4,0.8573557026205034,775.0,215.0,3537.0,2208.0
test,03490_frog_eye_leaf_spot_jpg.rf.9faa60367d222770eb32f891d0be5bc9.jpg,0,frog-eye-leaf-spot,3647185.0,21935.0,2,0.601422741100328,516.0,541.0,3335.0,2440.0
test,03491_frog_eye_leaf_spot_jpg.rf.80e74c74863157a98b49e2ef0847630a.jpg,0,frog-eye-leaf-spot,3716061.5,30625.5,4,0.8241386747770455,563.0,507.0,3731.0,2347.0
test,03492_frog_eye_leaf_spot_jpg.rf.62f74d9d47e28e1377076dc9394431c8.jpg,0,frog-eye-leaf-spot,3104008.0,41770.0,9,1.3456795214445323,1132.0,460.0,3113.0,2525.0
test,03493_frog_eye_leaf_spot_jpg.rf.e3df35d6a83984ff7c5f9d6f97253c6b.jpg,0,frog-eye-leaf-spot,5373626.665499985,37897.5,7,0.7052499616936796,270.0,82.0,3489.0,2401.0
test,03494_frog_eye_leaf_spot_jpg.rf.2468a7711f9e7910b1c0dd657e245a92.jpg,0,frog-eye-leaf-spot,3389097.0,26125.0,2,0.7708543013079885,574.0,759.0000000000001,3109.0,2552.0
test,03495_frog_eye_leaf_spot_jpg.rf.04d42c5c66b57e5a118cb96083abd008.jpg,0,frog-eye-leaf-spot,5153115.3325000405,15302.0,1,0.29694658498117127,183.0,5.0,3288.0,2261.0
test,03496_frog_eye_leaf_spot_jpg.rf.770a98a0945c561b4a72df3fccfeb69d.jpg,0,frog-eye-leaf-spot,2414516.0,39907.0,2,1.6527950115054115,842.0,175.0,2592.0,2001.0
test,03497_frog_eye_leaf_spot_jpg.rf.3abc2a633bcd0c85c93be6e6309b7548.jpg,0,frog-eye-leaf-spot,6420212.0015000105,36096.0,1,0.5622244248564778,0.0,57.00000000000001,3170.0,2664.0
test,03498_frog_eye_leaf_spot_jpg.rf.1fa246e8d0b670ffc02e363ae0ccc72c.jpg,0,frog-eye-leaf-spot,4285042.5,24503.0,2,0.5718263004392605,562.0,436.0,3199.0,2563.0
test,03499_frog_eye_leaf_spot_jpg.rf.a72e9092e2561bc0d91581ab6065322d.jpg,0,frog-eye-leaf-spot,4695724.0,100666.0,16,2.1437801710662723,105.0,328.0,3257.0,2509.0
test,03500_frog_eye_leaf_spot_jpg.rf.e8a648a1ce262cba132e81a07de3609e.jpg,0,frog-eye-leaf-spot,3223504.0,13310.5,1,0.4129202259404673,520.0,392.0,3272.0,2176.0
test,03501_frog_eye_leaf_spot_jpg.rf.bded73edc46b33046984aba39f6faa87.jpg,0,frog-eye-leaf-spot,5294134.167500019,7159.5,1,0.13523457799674235,292.0,0.0,3400.0,2167.0
test,03502_frog_eye_leaf_spot_jpg.rf.15992e03a7d91c8f4305af2f768ee88e.jpg,0,frog-eye-leaf-spot,6614583.834500015,76987.0,14,1.163897864570936,0.0,268.0,3706.0,2665.0
test,03503_frog_eye_leaf_spot_jpg.rf.4a712f7047db90f1659e3ab69ecfb28b.jpg,0,frog-eye-leaf-spot,5308157.5,9960.5,2,0.18764514805749452,94.0,366.00000000000006,3617.0,2603.0
test,03504_frog_eye_leaf_spot_jpg.rf.b59a59d32701a3fad33d2e4a5dd5dee0.jpg,0,frog-eye-leaf-spot,2666070.0,24864.5,4,0.9326274253864302,783.0,707.0,3285.0,2229.0
test,03505_frog_eye_leaf_spot_jpg.rf.85e4fa032e90e4a0a4194e6bdf90dd9f.jpg,0,frog-eye-leaf-spot,6062151.25,8116.0,2,0.13387986649128888,0.0,183.00000000000003,3999.0,2439.0
test,03506_frog_eye_leaf_spot_jpg.rf.3be1c530bf1a9e66b09e38a37b387421.jpg,0,frog-eye-leaf-spot,5946080.362500012,39313.5,6,0.661166644297938,403.0,0.0,3426.0,2671.0
test,03507_frog_eye_leaf_spot_jpg.rf.d2fa3c8bbec673ebfe60ed64635fedc8.jpg,0,frog-eye-leaf-spot,3337806.305499971,8628.0,2,0.25849313022696835,1034.0,68.0,3635.0,2037.0
test,03508_frog_eye_leaf_spot_jpg.rf.8ceba70b8a48815e54eb26ca5ce659b9.jpg,0,frog-eye-leaf-spot,3830553.0,57749.5,8,1.507602166058008,371.0,212.0,2909.0,2271.0
test,03508_frog_eye_leaf_spot_jpg.rf.8ceba70b8a48815e54eb26ca5ce659b9.jpg,1,frog-eye-leaf-spot,762724.0,9328.5,2,1.223050539906965,106.0,1347.9999999999998,1353.0,2619.0
test,03509_frog_eye_leaf_spot_jpg.rf.1326d38372dec7075814539188d45cc1.jpg,0,frog-eye-leaf-spot,4647790.5,78759.5,4,1.6945578764791571,590.0,267.0,3480.0,2616.0
test,03510_frog_eye_leaf_spot_jpg.rf.6bfd2b1c8a5728a326149272f8fc9b89.jpg,0,frog-eye-leaf-spot,2338625.5,7637.5,1,0.3265807201708867,1542.0,540.0,3493.0,2099.0
test,03511_frog_eye_leaf_spot_jpg.rf.e0a9fa3cc70ea952ca055a4d05170867.jpg,0,frog-eye-leaf-spot,3301673.5004999638,139699.5,3,4.231172463868571,1226.0,139.0,3370.0,2162.0
test,03512_frog_eye_leaf_spot_jpg.rf.384ff494c21cbd9875fc7e25cfea85c3.jpg,0,frog-eye-leaf-spot,5186384.5,61359.5,5,1.1830881416524364,0.0,368.0,3331.0,2536.0
test,03513_frog_eye_leaf_spot_jpg.rf.9104b0f647d465e75207a470087b74ab.jpg,0,frog-eye-leaf-spot,5624806.167999983,46607.0,10,0.8285974415465429,629.0,459.0,3999.0,2662.0
test,03514_frog_eye_leaf_spot_jpg.rf.7ca88934ef8f67d7c489cba2c957b206.jpg,0,frog-eye-leaf-spot,4675847.501499951,234365.83349996805,7,5.012264267061459,776.0,282.0,3999.0,2371.0
test,03515_frog_eye_leaf_spot_jpg.rf.1fa4e1429bcc544573d3b5daec0733b5.jpg,0,frog-eye-leaf-spot,3395562.899999976,25408.0,7,0.7482706328308681,858.0,141.0,3392.0,2229.0
test,03516_frog_eye_leaf_spot_jpg.rf.9ce06c5f62ffb97494d22722dae0d14a.jpg,0,frog-eye-leaf-spot,6147523.5424999595,29816.5,1,0.48501644270035255,497.0,123.0,3999.0,2401.0
test,03517_frog_eye_leaf_spot_jpg.rf.a5a03301ac56c64b0cb3942770ae035c.jpg,0,frog-eye-leaf-spot,5367998.75,95111.5,16,1.7718241830812647,351.0,216.0,3717.0,2369.0
test,03518_frog_eye_leaf_spot_jpg.rf.b41a9ebd3769024bc7760c86f787673b.jpg,0,frog-eye-leaf-spot,2160658.5,85181.0,2,3.942362941668015,678.0,149.0,2867.0,1872.0
test,03519_frog_eye_leaf_spot_jpg.rf.5fc927971479ac91662ae1449b879bea.jpg,0,frog-eye-leaf-spot,4090949.0075000525,62820.0,3,1.5355850166998004,521.0,182.0,3468.0,2338.0
test,03520_frog_eye_leaf_spot_jpg.rf.33fd44fed9abfb18abbd692e07c1343f.jpg,0,frog-eye-leaf-spot,3761868.5034999847,15247.0,1,0.40530390644474745,232.0,760.0000000000001,3135.0,2448.0
test,03520_frog_eye_leaf_spot_jpg.rf.33fd44fed9abfb18abbd692e07c1343f.jpg,1,frog-eye-leaf-spot,1276132.0,84965.5,1,6.658049480774716,2070.0,0.0,3887.0,975.0
test,03521_frog_eye_leaf_spot_jpg.rf.c697fad8211967c6bb2b8b326a350e08.jpg,0,frog-eye-leaf-spot,5191152.5,5127.0,2,0.09876419542673809,189.0,122.0,3443.0,2336.0
test,03522_frog_eye_leaf_spot_jpg.rf.027da5216284a9bfd10315c2dee6fedd.jpg,0,frog-eye-leaf-spot,5655435.0,104316.0,14,1.8445265483556967,447.0,6.0,3729.0,2370.0
test,03523_frog_eye_leaf_spot_jpg.rf.9f2d4cb68e2d8bdba58a4354e27f69ae.jpg,0,frog-eye-leaf-spot,3578951.800000012,21810.5,3,0.6094102748184518,227.0,283.0,3695.0,1986.0
test,03524_frog_eye_leaf_spot_jpg.rf.445a0c3971fce41274b0d445a9a01fdf.jpg,0,frog-eye-leaf-spot,4963372.5,27773.5,2,0.559569123615042,670.0,67.0,3927.0,2342.0
test,03525_frog_eye_leaf_spot_jpg.rf.8ee0458a37918a3b22be26ad1341b4dc.jpg,0,frog-eye-leaf-spot,3956675.0,16130.0,1,0.4076655272419393,60.0,6.0,3011.0,1774.0
test,03526_frog_eye_leaf_spot_jpg.rf.c14b5382af1ba405145617ce2598a424.jpg,0,frog-eye-leaf-spot,3712766.5,41372.5,4,1.1143307827195705,884.0,192.0,3228.0,2346.0
test,03527_frog_eye_leaf_spot_jpg.rf.669d745bf882d70a2b167cc95b093b34.jpg,0,frog-eye-leaf-spot,6295513.0,29936.0,3,0.4755132742955181,78.0,53.0,3837.0,2663.0
test,03528_frog_eye_leaf_spot_jpg.rf.27c45fee238b19b2e132f48a23eff08e.jpg,0,frog-eye-leaf-spot,3189856.899999976,14185.0,2,0.444690794750075,44.0,774.0,2722.0,2370.0
test,03529_frog_eye_leaf_spot_jpg.rf.3cf2d6d4ab1fcd2cddde7d9d50399aa1.jpg,0,frog-eye-leaf-spot,7070133.0,34295.0,4,0.4850686684394763,91.0,81.0,3999.0,2666.0
test,03530_frog_eye_leaf_spot_jpg.rf.2e9a59e372199c2873bf1f8263b94afe.jpg,0,frog-eye-leaf-spot,2707130.125,4777.5,1,0.17647840256662947,389.0,900.0,3506.0,2521.0
test,03532_frog_eye_leaf_spot_jpg.rf.41968a784203f502df0738d4c5fa499c.jpg,0,frog-eye-leaf-spot,3621605.0,53330.5,7,1.4725653405051076,509.0,380.00000000000006,3442.0,2179.0
test,08051_healthy_jpg.rf.c8c0b7786115446114cdc6c0cb034279.jpg,0,healthy,3640550.700000018,0.0,0,0.0,504.0,324.0,3107.0,2108.0
test,08051_healthy_jpg.rf.c8c0b7786115446114cdc6c0cb034279.jpg,1,healthy,217890.0,0.0,0,0.0,193.0,1454.0,692.0,2142.0
test,08051_healthy_jpg.rf.c8c0b7786115446114cdc6c0cb034279.jpg,2,healthy,231861.5,0.0,0,0.0,925.0,2282.0,1850.0,2671.0
test,08052_healthy_jpg.rf.02b24b87d89836794f1bfcc264995510.jpg,0,healthy,3957322.5,0.0,0,0.0,627.0,371.0,3748.0,2256.0
test,08052_healthy_jpg.rf.02b24b87d89836794f1bfcc264995510.jpg,1,healthy,540649.0,0.0,0,0.0,496.0,19.0,1898.0,991.0
test,08052_healthy_jpg.rf.02b24b87d89836794f1bfcc264995510.jpg,2,healthy,345483.0,0.0,0,0.0,0.0,552.0,628.0,1434.0000000000002
test,08052_healthy_jpg.rf.02b24b87d89836794f1bfcc264995510.jpg,3,healthy,370749.0,0.0,0,0.0,674.0,2141.0,1659.0,2671.0
test,08053_healthy_jpg.rf.e196819796f6582e9202b51e95c71415.jpg,0,healthy,4017797.915499985,0.0,0,0.0,451.0,292.0,3133.0,2257.0
test,08053_healthy_jpg.rf.e196819796f6582e9202b51e95c71415.jpg,1,healthy,959759.0,0.0,0,0.0,1948.0,0.0,3687.0,909.9999999999999
test,08053_healthy_jpg.rf.e196819796f6582e9202b51e95c71415.jpg,2,healthy,818472.682000041,0.0,0,0.0,541.0,2150.0,2701.0,2671.0
test,08054_healthy_jpg.rf.67d51a3377908cff47cb9ea0c7f8f90a.jpg,0,healthy,4111852.5,0.0,0,0.0,110.0,520.0,3595.0,2210.0
test,08054_healthy_jpg.rf.67d51a3377908cff47cb9ea0c7f8f90a.jpg,1,healthy,1704144.25,0.0,0,0.0,0.0,0.0,2702.0,1255.0
test,08054_healthy_jpg.rf.67d51a3377908cff47cb9ea0c7f8f90a.jpg,2,healthy,417643.3854999989,0.0,0,0.0,0.0,2230.0,1291.0,2671.0
test,08055_healthy_jpg.rf.72c3eb236c19b1f85f33cc128a4634ff.jpg,0,healthy,2134576.5,0.0,0,0.0,558.0,594.0,2559.0,2093.0
test,08055_healthy_jpg.rf.72c3eb236c19b1f85f33cc128a4634ff.jpg,1,healthy,293212.5,0.0,0,0.0,2576.0,1072.0,3260.0,1811.0
test,08055_healthy_jpg.rf.72c3eb236c19b1f85f33cc128a4634ff.jpg,2,healthy,460523.0,0.0,0,0.0,2284.0,1893.0,3373.0,2612.0
test,08055_healthy_jpg.rf.72c3eb236c19b1f85f33cc128a4634ff.jpg,3,healthy,788267.5,0.0,0,0.0,1950.0,0.0,3100.0,908.0
test,08056_healthy_jpg.rf.aa47dd236ff2357cfa02a8b49be8cfe6.jpg,0,healthy,3871456.5,0.0,0,0.0,208.0,444.0,3602.0,2151.0
test,08056_healthy_jpg.rf.aa47dd236ff2357cfa02a8b49be8cfe6.jpg,1,healthy,521906.0,0.0,0,0.0,2951.0,0.0,3999.0,703.0000000000001
test,08056_healthy_jpg.rf.aa47dd236ff2357cfa02a8b49be8cfe6.jpg,2,healthy,144345.5,0.0,0,0.0,3480.0,681.0,3965.0,1129.0
test,08056_healthy_jpg.rf.aa47dd236ff2357cfa02a8b49be8cfe6.jpg,3,healthy,386840.0,0.0,0,0.0,3382.0,1746.0,3999.0,2671.0
test,08056_healthy_jpg.rf.aa47dd236ff2357cfa02a8b49be8cfe6.jpg,4,healthy,795331.75,0.0,0,0.0,2105.0,1698.0,3753.0,2671.0
test,08057_healthy_jpg.rf.163047d3f1a923387bd6be159dfcaea5.jpg,0,healthy,3549779.0,0.0,0,0.0,375.0,253.0,3242.0,2228.0
test,08057_healthy_jpg.rf.163047d3f1a923387bd6be159dfcaea5.jpg,1,healthy,325692.0,0.0,0,0.0,2384.0,0.0,3790.0,776.0
test,08057_healthy_jpg.rf.163047d3f1a923387bd6be159dfcaea5.jpg,2,healthy,536241.0,0.0,0,0.0,317.0,450.0,1372.0,1685.0000000000002
test,08057_healthy_jpg.rf.163047d3f1a923387bd6be159dfcaea5.jpg,3,healthy,1083472.375,0.0,0,0.0,2866.0,909.9999999999999,3999.0,2485.0
test,08057_healthy_jpg.rf.163047d3f1a923387bd6be159dfcaea5.jpg,4,healthy,614553.25,0.0,0,0.0,2522.0,1856.0,3893.0,2671.0
test,08058_healthy_jpg.rf.92439d12f3387c02aa88444153de9c9a.jpg,0,healthy,4248546.75,0.0,0,0.0,247.0,427.0,3818.0,2089.0
test,08058_healthy_jpg.rf.92439d12f3387c02aa88444153de9c9a.jpg,1,healthy,326846.0,0.0,0,0.0,1564.0,2335.0,3057.0,2671.0
test,08060_healthy_jpg.rf.27baf77c42cb9ad6de455449c398ab27.jpg,0,healthy,4216637.001000047,0.0,0,0.0,200.0,493.0,3653.0,2279.0
test,08060_healthy_jpg.rf.27baf77c42cb9ad6de455449c398ab27.jpg,1,healthy,271448.75,0.0,0,0.0,2157.0,197.0,2950.0,660.0
test,08060_healthy_jpg.rf.27baf77c42cb9ad6de455449c398ab27.jpg,2,healthy,393363.0,0.0,0,0.0,1281.0,0.0,2742.0,464.0
test,08060_healthy_jpg.rf.27baf77c42cb9ad6de455449c398ab27.jpg,3,healthy,46869.90000000037,0.0,0,0.0,2903.0,0.0,3222.0,250.0
test,08061_healthy_jpg.rf.cf23eea4c490eabaaac4524f43433bc3.jpg,0,healthy,3429265.25,0.0,0,0.0,32.0,443.0,3500.0,1978.0
test,08061_healthy_jpg.rf.cf23eea4c490eabaaac4524f43433bc3.jpg,1,healthy,733874.0,0.0,0,0.0,3374.0,0.0,3999.0,1475.0
test,08061_healthy_jpg.rf.cf23eea4c490eabaaac4524f43433bc3.jpg,2,healthy,824961.0,0.0,0,0.0,1457.0,1950.0,3096.0,2671.0
test,08062_healthy_jpg.rf.ecc51beb28e59d13fadd1b3a595b11f0.jpg,0,healthy,5263406.331499994,0.0,0,0.0,65.0,154.0,3999.0,2020.0000000000002
test,08063_healthy_jpg.rf.7465762abca9dab4816f31f7058673ac.jpg,0,healthy,3612787.375,0.0,0,0.0,481.0,360.0,3514.0,2161.0
test,08064_healthy_jpg.rf.d5d40e0c47b191b5916e63d85bca3967.jpg,0,healthy,5227964.163499951,0.0,0,0.0,332.0,67.0,3497.0,2389.0
test,08065_healthy_jpg.rf.444159918c27089d34ba4e1fa9daa629.jpg,0,healthy,2461015.0,0.0,0,0.0,846.0,314.0,3227.0,1760.0
test,08065_healthy_jpg.rf.444159918c27089d34ba4e1fa9daa629.jpg,1,healthy,602829.0,0.0,0,0.0,3062.0,54.0,3999.0,1104.0
test,08065_healthy_jpg.rf.444159918c27089d34ba4e1fa9daa629.jpg,2,healthy,452989.0,0.0,0,0.0,2175.0,0.0,3352.0,582.0
test,08066_healthy_jpg.rf.e7c63b50331901594e1653da2bbef25c.jpg,0,healthy,5106066.0,0.0,0,0.0,394.0,95.00000000000001,3999.0,2291.0
test,08067_healthy_jpg.rf.9a2158399c6291f3ca53541e61e8c3c9.jpg,0,healthy,3802144.5,0.0,0,0.0,988.0,130.0,3417.0,2316.0
test,08068_healthy_jpg.rf.b6eeae60ad51c07bcda2105884c99f05.jpg,0,healthy,2913293.0,0.0,0,0.0,146.0,381.0,3548.0,1853.0000000000002
test,08069_healthy_jpg.rf.799fd834da4a67f9ece6f41294c0a598.jpg,0,healthy,4362427.5,0.0,0,0.0,414.0,321.0,3634.0,2083.0
test,08069_healthy_jpg.rf.799fd834da4a67f9ece6f41294c0a598.jpg,1,healthy,313134.0,0.0,0,0.0,2479.0,0.0,3302.0,493.0
test,08069_healthy_jpg.rf.799fd834da4a67f9ece6f41294c0a598.jpg,2,healthy,318383.0,0.0,0,0.0,3455.0,0.0,3999.0,714.0
test,08069_healthy_jpg.rf.799fd834da4a67f9ece6f41294c0a598.jpg,3,healthy,995585.5,0.0,0,0.0,2634.0,1170.0,3999.0,2524.0
test,08070_healthy_jpg.rf.e9b8674cc1263df78bff7a76dd48a3e7.jpg,0,healthy,3857014.5010000467,0.0,0,0.0,261.0,671.0,3413.0,2570.0
test,08070_healthy_jpg.rf.e9b8674cc1263df78bff7a76dd48a3e7.jpg,1,healthy,406560.0,0.0,0,0.0,3010.0,2170.0,3999.0,2671.0
test,08070_healthy_jpg.rf.e9b8674cc1263df78bff7a76dd48a3e7.jpg,2,healthy,567017.5,0.0,0,0.0,620.0,2094.0,2469.0,2671.0
test,08070_healthy_jpg.rf.e9b8674cc1263df78bff7a76dd48a3e7.jpg,3,healthy,285818.5,0.0,0,0.0,69.0,904.0,1127.0,1627.9999999999998
test,08074_healthy_jpg.rf.ea079bdceaa559a4cf9ef146f2c9a29f.jpg,0,healthy,577974.0,0.0,0,0.0,0.0,1636.0,1304.0,2449.0
test,08074_healthy_jpg.rf.ea079bdceaa559a4cf9ef146f2c9a29f.jpg,1,healthy,4878608.0,0.0,0,0.0,351.0,7.0,3749.0,2276.0
test,08074_healthy_jpg.rf.ea079bdceaa559a4cf9ef146f2c9a29f.jpg,2,healthy,159252.0,0.0,0,0.0,0.0,654.0,391.0,1284.0
test,08075_healthy_jpg.rf.3dca9b45a8aad58bc472ea9aa2d1a627.jpg,0,healthy,3183131.8565000296,0.0,0,0.0,141.0,331.0,3386.0,1965.0000000000002
test,08075_healthy_jpg.rf.3dca9b45a8aad58bc472ea9aa2d1a627.jpg,1,healthy,1400484.0,0.0,0,0.0,1945.0,1106.0,3724.0,2671.0
test,08075_healthy_jpg.rf.3dca9b45a8aad58bc472ea9aa2d1a627.jpg,2,healthy,564819.0,0.0,0,0.0,3236.0,1594.0,3999.0,2671.0
test,08076_healthy_jpg.rf.7ff35aa61b24f5ec3dc9488f6598dc4a.jpg,0,healthy,3261338.0,0.0,0,0.0,284.0,514.0,3513.0,1920.0
test,08076_healthy_jpg.rf.7ff35aa61b24f5ec3dc9488f6598dc4a.jpg,1,healthy,401038.5,0.0,0,0.0,0.0,613.0,721.0,1657.0000000000002
test,08077_healthy_jpg.rf.fed5f2f55752229a14e76b0417845dc2.jpg,0,healthy,5202899.5,0.0,0,0.0,534.0,294.0,3467.0,2664.0
test,08077_healthy_jpg.rf.fed5f2f55752229a14e76b0417845dc2.jpg,1,healthy,407305.0,0.0,0,0.0,3486.0,699.0,3999.0,1764.0
test,08077_healthy_jpg.rf.fed5f2f55752229a14e76b0417845dc2.jpg,2,healthy,201317.5,0.0,0,0.0,3476.0,1679.0,3999.0,2174.0
test,08077_healthy_jpg.rf.fed5f2f55752229a14e76b0417845dc2.jpg,3,healthy,547008.0,0.0,0,0.0,2609.0,2152.0,3999.0,2671.0
test,08077_healthy_jpg.rf.fed5f2f55752229a14e76b0417845dc2.jpg,4,healthy,218161.0,0.0,0,0.0,3396.0,0.0,3999.0,515.0
test,08078_healthy_jpg.rf.8fab365d6fe7987cb037dcd48d002290.jpg,0,healthy,492196.5,0.0,0,0.0,3084.0,0.0,3919.0,739.0
test,08078_healthy_jpg.rf.8fab365d6fe7987cb037dcd48d002290.jpg,1,healthy,427494.5,0.0,0,0.0,1981.0,1876.9999999999998,3344.0,2662.0
test,08078_healthy_jpg.rf.8fab365d6fe7987cb037dcd48d002290.jpg,2,healthy,3995406.5835000277,0.0,0,0.0,299.0,572.0,3325.0,2380.0
test,08080_healthy_jpg.rf.280f08b1eae6990eeaf9f80ff8507a7c.jpg,0,healthy,3047979.5,0.0,0,0.0,915.0,318.0,3498.0,1957.0
test,08080_healthy_jpg.rf.280f08b1eae6990eeaf9f80ff8507a7c.jpg,1,healthy,756240.0,0.0,0,0.0,0.0,0.0,1052.0,959.0
test,08080_healthy_jpg.rf.280f08b1eae6990eeaf9f80ff8507a7c.jpg,2,healthy,845375.0,0.0,0,0.0,0.0,1383.0,891.0,2666.0
test,08080_healthy_jpg.rf.280f08b1eae6990eeaf9f80ff8507a7c.jpg,3,healthy,1148361.501000002,0.0,0,0.0,2545.0,0.0,3999.0,1168.0
test,08081_healthy_jpg.rf.09f100e40f8c935a2be7103707a08174.jpg,0,healthy,3889804.0,0.0,0,0.0,390.0,315.0,3366.0,2139.0
test,08081_healthy_jpg.rf.09f100e40f8c935a2be7103707a08174.jpg,1,healthy,749820.5,0.0,0,0.0,3106.0,0.0,3999.0,1187.0
test,08081_healthy_jpg.rf.09f100e40f8c935a2be7103707a08174.jpg,2,healthy,431944.0,0.0,0,0.0,1610.0,2124.0,2682.0,2671.0
test,08081_healthy_jpg.rf.09f100e40f8c935a2be7103707a08174.jpg,3,healthy,179313.5,0.0,0,0.0,2536.0,2200.0,3099.0,2671.0
test,08082_healthy_jpg.rf.5c19f672fbbf625ffc984935fe382605.jpg,0,healthy,3251128.0,0.0,0,0.0,284.0,401.0,3716.0,2044.9999999999998
test,08082_healthy_jpg.rf.5c19f672fbbf625ffc984935fe382605.jpg,1,healthy,287038.0,0.0,0,0.0,0.0,1653.9999999999998,827.0,2124.0
test,08082_healthy_jpg.rf.5c19f672fbbf625ffc984935fe382605.jpg,2,healthy,691372.0,0.0,0,0.0,0.0,1996.0,1366.0,2671.0
test,08083_healthy_jpg.rf.d33c586d7663403adb75bb4e2bdcca33.jpg,0,healthy,3779673.0,0.0,0,0.0,333.0,234.0,3284.0,2225.0
test,08083_healthy_jpg.rf.d33c586d7663403adb75bb4e2bdcca33.jpg,1,healthy,877939.5,0.0,0,0.0,35.0,789.0,1715.0,2364.0
test,08084_healthy_jpg.rf.e4595824a88a1c8b8bc394c43931357b.jpg,0,healthy,2874812.25,0.0,0,0.0,734.0,458.0,3262.0,2046.0000000000002
test,08084_healthy_jpg.rf.e4595824a88a1c8b8bc394c43931357b.jpg,1,healthy,885154.4435000047,0.0,0,0.0,247.0,0.0,1492.0,946.0
test,08084_healthy_jpg.rf.e4595824a88a1c8b8bc394c43931357b.jpg,2,healthy,1112516.5,0.0,0,0.0,2835.0,387.0,3999.0,1748.0
test,08084_healthy_jpg.rf.e4595824a88a1c8b8bc394c43931357b.jpg,3,healthy,608001.5,0.0,0,0.0,347.0,1645.0,1313.0,2671.0
test,08085_healthy_jpg.rf.9b68ad4956139d15feb03097f79aeef3.jpg,0,healthy,4341123.0,0.0,0,0.0,329.0,424.0,3456.0,2420.0
test,08085_healthy_jpg.rf.9b68ad4956139d15feb03097f79aeef3.jpg,1,healthy,597335.0,0.0,0,0.0,1899.0,59.0,3387.0,850.0
test,08085_healthy_jpg.rf.9b68ad4956139d15feb03097f79aeef3.jpg,2,healthy,296107.5,0.0,0,0.0,3408.0,1527.0,3999.0,2164.0
test,08085_healthy_jpg.rf.9b68ad4956139d15feb03097f79aeef3.jpg,3,healthy,282734.0,0.0,0,0.0,2266.0,2134.0,3221.0,2671.0
test,08085_healthy_jpg.rf.9b68ad4956139d15feb03097f79aeef3.jpg,4,healthy,211895.5,0.0,0,0.0,3369.0,2174.0,3999.0,2671.0
test,08086_healthy_jpg.rf.0279ea40f4ccc45ce64dfa7aa4ef41a5.jpg,0,healthy,3998615.0,0.0,0,0.0,499.0,148.0,3721.0,2071.0
test,08087_healthy_jpg.rf.d14462433580b68fba17f57689225ae9.jpg,0,healthy,3972758.5,0.0,0,0.0,468.0,380.00000000000006,3413.0,2516.0
test,08087_healthy_jpg.rf.d14462433580b68fba17f57689225ae9.jpg,1,healthy,515746.0,0.0,0,0.0,92.0,1872.0,1154.0,2671.0
test,08089_healthy_jpg.rf.f2999a1161bdddd108ef60940879c6d9.jpg,0,healthy,6810792.800000012,0.0,0,0.0,101.0,0.0,3793.0,2401.0
test,08089_healthy_jpg.rf.f2999a1161bdddd108ef60940879c6d9.jpg,1,healthy,184645.0,0.0,0,0.0,3597.0,489.0,3999.0,1204.0
test,08089_healthy_jpg.rf.f2999a1161bdddd108ef60940879c6d9.jpg,2,healthy,111665.5,0.0,0,0.0,3048.0,248.0,3559.0,603.0
test,08089_healthy_jpg.rf.f2999a1161bdddd108ef60940879c6d9.jpg,3,healthy,320019.5,0.0,0,0.0,3523.0,1682.9999999999998,3999.0,2671.0
test,08090_healthy_jpg.rf.bd4e68fde2aa4e694cab594488e53253.jpg,0,healthy,3768692.5,0.0,0,0.0,371.0,249.00000000000003,3282.0,2612.0
test,08090_healthy_jpg.rf.bd4e68fde2aa4e694cab594488e53253.jpg,1,healthy,405199.3289999962,0.0,0,0.0,2240.0,0.0,2971.0,787.0000000000001
test,08090_healthy_jpg.rf.bd4e68fde2aa4e694cab594488e53253.jpg,2,healthy,874669.5,0.0,0,0.0,3366.0,223.0,3999.0,2443.0
test,08090_healthy_jpg.rf.bd4e68fde2aa4e694cab594488e53253.jpg,3,healthy,302099.0,0.0,0,0.0,3215.0,0.0,3999.0,645.0
test,08090_healthy_jpg.rf.bd4e68fde2aa4e694cab594488e53253.jpg,4,healthy,536092.5,0.0,0,0.0,1386.0,2061.0,2985.0,2671.0
test,08092_healthy_jpg.rf.4fc7a7482b9c352843486f4ed62b3a15.jpg,0,healthy,3542213.5,0.0,0,0.0,512.0,477.00000000000006,3677.0,2052.0
test,08092_healthy_jpg.rf.4fc7a7482b9c352843486f4ed62b3a15.jpg,1,healthy,393503.5,0.0,0,0.0,13.0,0.0,581.0,1033.0
test,08092_healthy_jpg.rf.4fc7a7482b9c352843486f4ed62b3a15.jpg,2,healthy,793159.0,0.0,0,0.0,0.0,1671.0,1237.0,2671.0
test,08093_healthy_jpg.rf.437455631a9c768ed8c0ccffe7a80c3e.jpg,0,healthy,4799044.1875,0.0,0,0.0,585.0,129.0,3738.0,2225.0
test,08093_healthy_jpg.rf.437455631a9c768ed8c0ccffe7a80c3e.jpg,1,healthy,971112.0999999996,0.0,0,0.0,0.0,0.0,1055.0,1126.0
test,08093_healthy_jpg.rf.437455631a9c768ed8c0ccffe7a80c3e.jpg,2,healthy,300584.5,0.0,0,0.0,639.0,2145.0,1442.0,2671.0
test,08093_healthy_jpg.rf.437455631a9c768ed8c0ccffe7a80c3e.jpg,3,healthy,152890.5,0.0,0,0.0,0.0,1915.0,377.0,2671.0
test,08094_healthy_jpg.rf.c2584ce0ca3ea2a658047a636f082156.jpg,0,healthy,5124452.248999953,0.0,0,0.0,538.0,105.0,3986.0,2332.0
test,08094_healthy_jpg.rf.c2584ce0ca3ea2a658047a636f082156.jpg,1,healthy,302445.0,0.0,0,0.0,2768.0,2124.0,3566.0,2671.0
test,08095_healthy_jpg.rf.07729a87b752d346400b2de19d1cd471.jpg,0,healthy,3611086.6500000358,0.0,0,0.0,278.0,619.0,3812.0,2338.0
test,08095_healthy_jpg.rf.07729a87b752d346400b2de19d1cd471.jpg,1,healthy,480916.5,0.0,0,0.0,465.0,0.0,1535.0,615.0
test,08095_healthy_jpg.rf.07729a87b752d346400b2de19d1cd471.jpg,2,healthy,638480.5,0.0,0,0.0,2668.0,0.0,3769.0,836.0
test,08096_healthy_jpg.rf.edd10ef616bb27f5e0f2f7ee0802b07b.jpg,0,healthy,4102075.5,0.0,0,0.0,453.0,214.00000000000003,3505.0,2082.0
test,08097_healthy_jpg.rf.1f9d2e5f35a2bc128a8ac8671b9c67af.jpg,0,healthy,5387685.0,0.0,0,0.0,263.0,7.0,3316.0,2420.0
test,08097_healthy_jpg.rf.1f9d2e5f35a2bc128a8ac8671b9c67af.jpg,1,healthy,1409301.0,0.0,0,0.0,1817.0,1411.0,3999.0,2665.0
test,08098_healthy_jpg.rf.ad2147d231c2b2ab6de767c55de2f46c.jpg,0,healthy,3947445.25,0.0,0,0.0,102.0,482.0,3824.0,2146.0
test,08098_healthy_jpg.rf.ad2147d231c2b2ab6de767c55de2f46c.jpg,1,healthy,513057.875,0.0,0,0.0,3071.0,1895.0,3999.0,2671.0
test,08099_healthy_jpg.rf.ec9f9b1d6b1ccfee07cc505c5360d9ef.jpg,0,healthy,3931308.9984999895,0.0,0,0.0,0.0,691.0,3378.0,2377.0
test,08099_healthy_jpg.rf.ec9f9b1d6b1ccfee07cc505c5360d9ef.jpg,1,healthy,1284181.0,0.0,0,0.0,1959.0,0.0,3577.0,1088.0
test,08099_healthy_jpg.rf.ec9f9b1d6b1ccfee07cc505c5360d9ef.jpg,2,healthy,863656.0,0.0,0,0.0,3130.0,1447.0,3999.0,2671.0
test,08100_healthy_jpg.rf.95ba2cde9bd89dcaa5292174b545d53d.jpg,0,healthy,4498739.5,0.0,0,0.0,601.0,0.0,3837.0,2050.0
test,08100_healthy_jpg.rf.95ba2cde9bd89dcaa5292174b545d53d.jpg,1,healthy,492120.0,0.0,0,0.0,0.0,1986.0,1061.0,2671.0
test,08101_healthy_jpg.rf.2342ba9ed84967f0996b922c7f3bce8d.jpg,0,healthy,3838662.5,0.0,0,0.0,673.0,480.0,3556.0,2343.0
test,08101_healthy_jpg.rf.2342ba9ed84967f0996b922c7f3bce8d.jpg,1,healthy,822977.0,0.0,0,0.0,0.0,0.0,1231.0,954.0000000000001
test,08101_healthy_jpg.rf.2342ba9ed84967f0996b922c7f3bce8d.jpg,2,healthy,428194.1259999871,0.0,0,0.0,407.0,1809.0,1656.0,2671.0
test,08101_healthy_jpg.rf.2342ba9ed84967f0996b922c7f3bce8d.jpg,3,healthy,400172.0,0.0,0,0.0,179.0,290.0,1273.0,1442.0
test,08103_healthy_jpg.rf.c62adee748246d5b75d4cacf1a8a6d54.jpg,0,healthy,4947795.0,0.0,0,0.0,303.0,159.0,3603.0,2191.0
test,08104_healthy_jpg.rf.7a334874ff81cbd6d78f1dd89106ea14.jpg,0,healthy,3148057.625,0.0,0,0.0,1388.0,182.0,3496.0,2181.0
test,08104_healthy_jpg.rf.7a334874ff81cbd6d78f1dd89106ea14.jpg,1,healthy,542115.166500032,0.0,0,0.0,3449.0,1265.0,3999.0,2671.0
test,08104_healthy_jpg.rf.7a334874ff81cbd6d78f1dd89106ea14.jpg,2,healthy,495426.75,0.0,0,0.0,2901.0,1558.0,3701.0,2671.0
test,08104_healthy_jpg.rf.7a334874ff81cbd6d78f1dd89106ea14.jpg,3,healthy,892658.0,0.0,0,0.0,1127.0,1992.0000000000002,2842.0,2671.0
test,08104_healthy_jpg.rf.7a334874ff81cbd6d78f1dd89106ea14.jpg,4,healthy,359991.0,0.0,0,0.0,2878.0,625.0,3819.0,2032.0
test,08105_healthy_jpg.rf.7650be3951334ead0b7c45bbd9a88f4c.jpg,0,healthy,4766695.0,0.0,0,0.0,298.0,13.0,3706.0,2069.0
test,08105_healthy_jpg.rf.7650be3951334ead0b7c45bbd9a88f4c.jpg,1,healthy,333123.0,0.0,0,0.0,0.0,0.0,787.0,512.0
test,08106_healthy_jpg.rf.0e9ccf87c5a95611a931b5ecdebfd6ae.jpg,0,healthy,2296195.0,0.0,0,0.0,892.0,411.0,3423.0,1910.0
test,08106_healthy_jpg.rf.0e9ccf87c5a95611a931b5ecdebfd6ae.jpg,1,healthy,1150550.0,0.0,0,0.0,2298.0,0.0,3999.0,1197.0
test,08106_healthy_jpg.rf.0e9ccf87c5a95611a931b5ecdebfd6ae.jpg,2,healthy,1342531.6540000439,0.0,0,0.0,1794.0,1720.0,3909.0,2671.0
test,08107_healthy_jpg.rf.93a90d66ffd540360ebaf044472dc694.jpg,0,healthy,5410846.25,0.0,0,0.0,335.0,44.00000000000001,3961.0,2126.0
test,08107_healthy_jpg.rf.93a90d66ffd540360ebaf044472dc694.jpg,1,healthy,354343.5,0.0,0,0.0,0.0,1439.0,767.0,2484.0
test,08108_healthy_jpg.rf.0a65326fd6d5d01e9a87f7ee5914ce95.jpg,0,healthy,5217670.0,0.0,0,0.0,174.0,34.0,3929.0,2087.0
test,08108_healthy_jpg.rf.0a65326fd6d5d01e9a87f7ee5914ce95.jpg,1,healthy,502668.5,0.0,0,0.0,2550.0,2142.0,3891.0,2671.0
test,08108_healthy_jpg.rf.0a65326fd6d5d01e9a87f7ee5914ce95.jpg,2,healthy,526740.0,0.0,0,0.0,0.0,197.0,1387.0,961.0
test,10637_rust_jpg.rf.f2822ffdf22f52a1d285e97baaf82f95.jpg,0,rust,5621639.547944427,655858.5368750021,9,11.666677154973751,878.0,472.0,4352.0,2585.0
test,10639_rust_jpg.rf.082e9b3b38d6d815a307a772dab3bf8e.jpg,0,rust,2316045.16899997,266665.0,1,11.513808261137736,885.0,496.99999999999994,3101.0,1935.0000000000002
test,10640_rust_jpg.rf.316d3d3ea1c3bde9cca59ee1a84a3ed9.jpg,0,rust,3244882.0,37033.0,13,1.1412741665182278,762.0,771.0,3512.0,2318.0
test,10641_rust_jpg.rf.5a59623767d5d7815fadb31e7415536b.jpg,0,rust,2778250.3299999833,25892.5,2,0.9319714541345939,1099.0,722.0,3366.0,2349.0
test,10642_rust_jpg.rf.33e284d342dc788cd8dedce46f5c5dc7.jpg,0,rust,2812391.582000017,29506.0,2,1.0491426652264748,1073.0,715.0,3355.0,2355.0
test,10644_rust_jpg.rf.9cce0167454e7030600b338dd4e4e8d6.jpg,0,rust,1486864.25,69996.5,1,4.707659088581893,425.0,102.0,2231.0,1285.0
test,10645_rust_jpg.rf.9bcb9438fa8b757d2e4b30065ddeff6a.jpg,0,rust,2364996.334499955,41925.5,13,1.7727511619532617,1151.0,866.9999999999999,3482.0,2376.0
test,10646_rust_jpg.rf.aaa3ce74ce82904d93083db71ec98252.jpg,0,rust,2841448.0,68437.5,6,2.408543109006394,1155.0,560.0,3626.0,2447.0
test,10648_rust_jpg.rf.e6246db7201585623ffb078999493ada.jpg,0,rust,1609476.8350000083,53156.0,15,3.3026881061012427,189.0,295.0,2282.0,1410.0
test,10649_rust_jpg.rf.3d75b7ba67ff329adb07b5b45b91b3b8.jpg,0,rust,4724291.532999992,76743.0,1,1.6244340440029343,0.0,370.0,3723.0,2502.0
test,10650_rust_jpg.rf.6cd3e648ba801066c574b5f6ac0baf47.jpg,0,rust,1739654.75,118900.5,3,6.834718210610467,1613.0,860.0000000000001,3429.0,2255.0
test,10651_rust_jpg.rf.422fd44c98c19c9f806707c644afdcfb.jpg,0,rust,1806858.4175000042,18344.5,3,1.0152704729007886,165.0,129.0,2061.0,1555.0
test,10652_rust_jpg.rf.bc51ddecc2b20f42b490fc9173cb9103.jpg,0,rust,2906119.25,114522.5,1,3.940736430550811,1206.0,218.0,3687.0,2291.0
test,10653_rust_jpg.rf.347309af21faac6a9a76d76f568773c5.jpg,0,rust,1916547.8305000067,101179.5,1,5.279257756567618,233.0,684.0,2760.0,1685.0000000000002
test,10654_rust_jpg.rf.bc07277037d4c3971da4a07b0e1c09d6.jpg,0,rust,2377790.5,56126.5,1,2.3604476508758867,11.0,773.0000000000001,2913.0,2440.0
test,10656_rust_jpg.rf.1e615b5ae22903622de2e3935a038a31.jpg,0,rust,1582391.3769999743,27003.982500001788,12,1.7065299326389232,284.0,232.00000000000003,2339.0,1360.0
test,10657_rust_jpg.rf.b9a08e0a8b931372d36b4932177f8ef5.jpg,0,rust,1511842.5,31487.332500000484,9,2.082712484931498,277.0,264.0,2360.0,1411.0
test,10657_rust_jpg.rf.b9a08e0a8b931372d36b4932177f8ef5.jpg,1,rust,468709.0380000174,5790.260000001639,2,1.2353634196406138,1121.0,982.0000000000001,2486.0,1727.0
test,10659_rust_jpg.rf.31a1636e628308afbf876b52297827fd.jpg,0,rust,1137812.2299999967,21973.88249999378,9,1.9312397881321632,295.0,232.00000000000003,2116.0,1258.0
test,10660_rust_jpg.rf.c9e4fc86305632c8978e7444894f4160.jpg,0,rust,4549758.5,59011.015625,1,1.297014239876688,514.0,206.99999999999997,3508.0,2178.0
test,10663_rust_jpg.rf.9473274e2a7d5e45e03c13ba0bb1d4e4.jpg,0,rust,1989514.0,130831.80749999871,13,6.57606870321087,410.0,388.0,2591.0,1723.0
test,10664_rust_jpg.rf.bd24b2d438f42ca097d36fca97bab5df.jpg,0,rust,2384439.625,20235.21750000026,4,0.8486361863744091,95.00000000000001,52.0,2591.0,1459.0
test,10665_rust_jpg.rf.ce6a3dbeba1b59d1ae0ddd43c6d6bcd7.jpg,0,rust,2075941.3579999954,19147.185000002384,7,0.922337469997186,65.0,162.0,2297.0,1454.0
test,10666_rust_jpg.rf.f54ff79baef4ed6494778e35021da87f.jpg,0,rust,4455429.078000009,85757.109375,2,1.9247777907284158,843.0,0.0,3505.0,2608.0
test,10667_rust_jpg.rf.d48be94ca6470747bcb798495ea3d6c2.jpg,0,rust,4777029.971500039,16830.46875,1,0.35232076939879553,491.0,218.0,3999.0,2197.0
test,10668_rust_jpg.rf.14c2ea0d80fceef00fe930b035751bb4.jpg,0,rust,11580297.79399991,477543.59999995865,17,4.123759237412599,258.0,186.0,4607.0,3448.0
test,10669_rust_jpg.rf.1d1d46c1dd1330b6cc24891efe6c6136.jpg,0,rust,4217030.5,345215.5199999772,7,8.186222983210039,1479.0,600.0,4412.0,2672.0
test,10670_rust_jpg.rf.7c87bc4c491edd8fd4c0797c8271c399.jpg,0,rust,4334108.699999988,17052.265625,2,0.3934434229810629,381.0,596.0,3761.0,2298.0
test,10671_rust_jpg.rf.9869e42df82d76ba329b4c9b6c1d1cea.jpg,0,rust,4489474.700000018,74406.328125,2,1.657350427322816,219.0,431.0,3767.0,2233.0
test,10672_rust_jpg.rf.6dcb19786ce551a06fa6bdaa4dd8aed1.jpg,0,rust,4042388.75,232982.875,2,5.763495037433003,399.0,279.0,3613.0,2168.0
test,10673_rust_jpg.rf.d158f7ff53e58fe6d752d065bb28d001.jpg,0,rust,1266839.1725000143,83707.4250000082,2,6.607581042415805,181.0,486.0,2339.0,1371.0
test,10674_rust_jpg.rf.64b63d587ddb608a59b31b0cce1e64f6.jpg,0,rust,3440984.341999978,78007.265625,1,2.267004376418069,538.0,338.00000000000006,3428.0,2083.0
test,10675_rust_jpg.rf.33e18f228d5acdc7ad6cd70291d2d270.jpg,0,rust,4556923.083499968,259193.5199999921,6,5.687906406375356,202.0,921.0000000000001,3482.0,3027.0
test,10676_rust_jpg.rf.dad53fb4880ab07a572a6ca34bde1810.jpg,0,rust,2346187.0,12613.275000000373,6,0.537607402990485,188.0,0.0,2591.0,1541.0
test,10677_rust_jpg.rf.187218c58c3431926e2fb4bbd7df461c.jpg,0,rust,2036546.1704999954,17441.32499999972,7,0.8564168714975745,0.0,139.0,2509.0,1318.0
test,10680_rust_jpg.rf.e80b3a8632153dacd7fe583cf92a6cb5.jpg,0,rust,2179946.5,23471.977500003355,14,1.07672263975301,0.0,243.99999999999997,2379.0,1532.0
test,10682_rust_jpg.rf.f41aa71c49140a6a1e114089e6a6388d.jpg,0,rust,1552910.9558750018,36971.23500001058,4,2.380769796242361,251.0,313.0,2361.0,1277.0
test,10684_rust_jpg.rf.c6ed10293c97c5b33910cb4afaf61dc2.jpg,0,rust,3546469.914499998,87766.328125,1,2.474751802240336,166.0,806.0,3922.0,2103.0
test,10685_rust_jpg.rf.e8602f05fddc05cea03d477f299b7cd0.jpg,0,rust,2085398.1664999723,24111.67499999702,1,1.1562144528238867,1430.0,956.0000000000001,3529.0,2359.0
test,10686_rust_jpg.rf.02efcb060c771da979a957bd3486b0b8.jpg,0,rust,2669093.272500038,153979.21875,1,5.76897107105491,1045.0,395.0,3592.0,2124.0
test,10687_rust_jpg.rf.2f4a7f04853e31a649b4aa74ec8d5298.jpg,0,rust,4127868.0379999876,1008578.7899999768,10,24.43340680262269,950.0,891.0,3787.0,3444.0
test,10689_rust_jpg.rf.5b2ffd7a9f08306f713e0c23350155f0.jpg,0,rust,6141764.328000069,103644.375,1,1.6875342241233395,169.0,7.0,3472.0,2583.0
test,10692_rust_jpg.rf.2ba70b65162250126f06512f2d1a8029.jpg,0,rust,1987134.3615000024,47949.97499999567,18,2.4130212797387434,147.0,151.0,2430.0,1347.0
test,10693_rust_jpg.rf.3a629604c6da2ff4cc54f0349f6f0b0d.jpg,0,rust,4550000.0,35110.7662499845,4,0.7716651923073518,1140.0,670.0,3640.0,2490.0
test,10694_rust_jpg.rf.624f95d18a0e871d4c304c5867df4fc8.jpg,0,rust,1483579.998500049,172335.60000001267,12,11.616198666350984,1635.0,1301.0,3373.0,2474.0
test,10695_rust_jpg.rf.5f150a5e3fa881b96d8994840b808006.jpg,0,rust,4533605.750999987,81660.390625,1,1.801223906754309,722.0,6.0,3439.0,2291.0
test,10696_rust_jpg.rf.bc0254943d4363705a5d26854a37ca94.jpg,0,rust,4462678.600000024,68535.234375,5,1.5357421073298811,212.0,437.0,3487.0,2381.0
test,10697_rust_jpg.rf.bf0779537a521320c2ef53cc325419bd.jpg,0,rust,3934431.996999979,284106.43125000596,1,7.221027875602839,561.0,478.0,3226.0,2527.0
test,10698_rust_jpg.rf.ecdb9fa10bab947270ab4a7e8b6ead1a.jpg,0,rust,587306.0,116282.78999999166,1,19.799353318370944,2300.0,1423.0,3054.0,2559.0
test,10699_rust_jpg.rf.6ec854eb6df11bcb6112362035afd3f4.jpg,0,rust,4712011.26000002,199695.46875,1,4.238009158534973,663.0,171.0,3866.0,2308.0
